  32   32
   1   1
    19.395187391119297    -0.000000000000000    -0.000000000000001
     0.000000000000000    19.395187391119300    -0.000000000000001
    -0.000000000000000     0.000000000000000    19.012675197343011
   1   2
    -1.468389517407658    -0.000000000000000    -0.000000000000000
    -0.000000000000000     0.840481719437656     0.555693629514585
    -0.000000000000000     0.555707260877516     0.523749010426003
   1   3
     0.263263910226328     0.999770572589171    -0.481244799881555
     0.999770572586069    -0.891171708196330    -0.277846814757292
    -0.481256604986648    -0.277853630438758     0.523749010426003
   1   4
     0.263263910226328    -0.999770572589171     0.481244799881555
    -0.999770572586069    -0.891171708196330    -0.277846814757292
     0.481256604986648    -0.277853630438758     0.523749010426003
   1   5
    -0.077795859855965     0.000000000000000     0.000000000000000
    -0.000000000000000    -0.077795859855965     0.000000000000000
     0.000000000000000    -0.000000000000000    -0.021335124251888
   1   6
     0.078193321448561    -0.000000000000000     0.000000000000000
     0.000000000000000    -0.058293128169909     0.059625879048044
    -0.000000000000000     0.059618497495985    -0.026527358208917
   1   7
    -0.024171515765292    -0.059100366321062    -0.051637525978665
    -0.059100366320879     0.044071709043944    -0.029812939524022
    -0.051631133366902    -0.029809248747992    -0.026527358208917
   1   8
    -0.024171515765292     0.059100366321062     0.051637525978665
     0.059100366320879     0.044071709043944    -0.029812939524022
     0.051631133366902    -0.029809248747992    -0.026527358208917
   1   9
     0.141016973120632    -0.106431873713229    -0.723540609030753
    -0.106431873712899     0.018120031243445     0.417736365392883
    -0.151106957457085     0.087241642564408    -0.344140184510424
   1  10
     0.141016973120632     0.106431873713229     0.723540609030753
     0.106431873712899     0.018120031243445     0.417736365392883
     0.151106957457085     0.087241642564408    -0.344140184510424
   1  11
    -0.043328439695149     0.000000000000000     0.000000000000000
    -0.000000000000000     0.202465444059226    -0.835472730785766
     0.000000000000000    -0.174483285128817    -0.344140184510424
   1  12
    -0.029852226173932    -0.000000000000000     0.000000000000000
    -0.000000000000000    -0.029852226173932     0.000000000000000
     0.000000000000000    -0.000000000000000    -0.042301223666556
   1  13
     0.141054837782995    -0.106455536061138     0.151124293161595
    -0.106455536060807     0.018130572979938    -0.087251651337803
     0.723557895640622    -0.417746345823040    -0.344173272180428
   1  14
     0.141054837782995     0.106455536061138    -0.151124293161595
     0.106455536060807     0.018130572979938    -0.087251651337803
    -0.723557895640622    -0.417746345823040    -0.344173272180428
   1  15
    -0.043331559421591    -0.000000000000000     0.000000000000000
     0.000000000000000     0.202516970184523     0.174503302675607
    -0.000000000000000     0.835492691646081    -0.344173272180428
   1  16
    -0.029849321790001     0.000000000000000     0.000000000000000
    -0.000000000000000    -0.029849321790001     0.000000000000000
     0.000000000000000    -0.000000000000000    -0.042308814367322
   1  17
    -2.249755155748590     0.000000000000000     0.000000000000000
     0.000000000000000    -2.249755155748591     0.000000000000001
     0.000000000000000    -0.000000000000000    -8.341096422893770
   1  18
     0.193452648953265    -0.000000000000000    -0.000000000000000
     0.000000000000000     0.004334605931320     0.081766964783700
    -0.000000000000000     0.038433207770380     0.098511725269353
   1  19
     0.051614116686806    -0.081890514785628    -0.070812268693142
    -0.081890514785374     0.146173138197779    -0.040883482391850
    -0.033284134278023    -0.019216603885190     0.098511725269353
   1  20
     0.051614116686806     0.081890514785628     0.070812268693142
     0.081890514785374     0.146173138197779    -0.040883482391850
     0.033284134278023    -0.019216603885190     0.098511725269353
   1  21
     0.183328586255896     0.000000000000000    -0.000000000000000
    -0.000000000000000     0.183328586255896    -0.000000000000000
    -0.000000000000000     0.000000000000000     0.107260105218393
   1  22
    -0.105904036690113     0.000000000000000    -0.000000000000000
    -0.000000000000000     0.016316700782374     0.015045787787347
     0.000000000000000    -0.143171974271251    -0.231619723661465
   1  23
    -0.014238483585748     0.052923131760303    -0.013030034443813
     0.052923131760139    -0.075348852321991    -0.007522893893674
     0.123990566828683     0.071585987135626    -0.231619723661465
   1  24
    -0.014238483585748    -0.052923131760303     0.013030034443812
    -0.052923131760139    -0.075348852321991    -0.007522893893674
    -0.123990566828683     0.071585987135626    -0.231619723661465
   1  25
    -0.158539756099277     0.116144711057199     0.052635665923057
     0.116144711056839    -0.024427395711834    -0.030389215889605
     0.020216490553402    -0.011671996263094     0.069356622162065
   1  26
    -0.158539756099277    -0.116144711057199    -0.052635665923057
    -0.116144711056839    -0.024427395711834    -0.030389215889605
    -0.020216490553402    -0.011671996263094     0.069356622162065
   1  27
     0.042628784481887     0.000000000000000    -0.000000000000000
     0.000000000000000    -0.225595936292998     0.060778431779209
    -0.000000000000000     0.023343992526189     0.069356622162065
   1  28
    -0.015826956169659    -0.000000000000000    -0.000000000000000
     0.000000000000000    -0.015826956169659    -0.000000000000000
     0.000000000000000    -0.000000000000000    -0.045602594599537
   1  29
    -7.252927689805465     2.764164811415686     2.061583993351232
     2.764164811407108    -4.061145093899743    -1.190256073516510
     2.162634735947551    -1.248597746960091    -3.233441751829117
   1  30
    -7.252927689805466    -2.764164811415686    -2.061583993351232
    -2.764164811407108    -4.061145093899744    -1.190256073516510
    -2.162634735947551    -1.248597746960091    -3.233441751829117
   1  31
    -2.465253795946881     0.000000000000000     0.000000000000000
    -0.000000000000000    -8.848818987758328     2.380512147033021
     0.000000000000000     2.497195493920182    -3.233441751829117
   1  32
     0.342350383390698     0.000000000000000     0.000000000000000
     0.000000000000000     0.342350383390698     0.000000000000000
    -0.000000000000000     0.000000000000000    -0.162436909083597
   2   1
    -1.468389517407658     0.000000000000000     0.000000000000000
     0.000000000000000     0.840481719437656     0.555693629514585
     0.000000000000000     0.555707260877516     0.523749010426003
   2   2
    19.395187391119293     0.000000000000000     0.000000000000001
     0.000000000000000    19.395187391119300    -0.000000000000001
     0.000000000000000     0.000000000000000    19.012675197343011
   2   3
     0.263263910226328    -0.999770572589171     0.481244799881555
    -0.999770572586068    -0.891171708196330    -0.277846814757292
     0.481256604986648    -0.277853630438758     0.523749010426003
   2   4
     0.263263910226327     0.999770572589171    -0.481244799881555
     0.999770572586068    -0.891171708196330    -0.277846814757292
    -0.481256604986648    -0.277853630438758     0.523749010426003
   2   5
     0.078193321448561     0.000000000000000    -0.000000000000000
    -0.000000000000000    -0.058293128169909     0.059625879048044
     0.000000000000000     0.059618497495985    -0.026527358208917
   2   6
    -0.077795859855965    -0.000000000000000    -0.000000000000000
    -0.000000000000000    -0.077795859855965     0.000000000000000
    -0.000000000000000    -0.000000000000000    -0.021335124251888
   2   7
    -0.024171515765292     0.059100366321062     0.051637525978665
     0.059100366320879     0.044071709043944    -0.029812939524022
     0.051631133366902    -0.029809248747992    -0.026527358208917
   2   8
    -0.024171515765292    -0.059100366321062    -0.051637525978665
    -0.059100366320879     0.044071709043944    -0.029812939524022
    -0.051631133366902    -0.029809248747992    -0.026527358208917
   2   9
     0.141016973120632     0.106431873713229     0.723540609030753
     0.106431873712899     0.018120031243445     0.417736365392883
     0.151106957457084     0.087241642564408    -0.344140184510424
   2  10
     0.141016973120632    -0.106431873713229    -0.723540609030753
    -0.106431873712899     0.018120031243445     0.417736365392883
    -0.151106957457084     0.087241642564408    -0.344140184510424
   2  11
    -0.029852226173932     0.000000000000000    -0.000000000000000
     0.000000000000000    -0.029852226173932     0.000000000000000
    -0.000000000000000    -0.000000000000000    -0.042301223666556
   2  12
    -0.043328439695149    -0.000000000000000    -0.000000000000000
     0.000000000000000     0.202465444059226    -0.835472730785766
    -0.000000000000000    -0.174483285128817    -0.344140184510424
   2  13
     0.141054837782995     0.106455536061138    -0.151124293161595
     0.106455536060807     0.018130572979938    -0.087251651337803
    -0.723557895640622    -0.417746345823040    -0.344173272180428
   2  14
     0.141054837782995    -0.106455536061138     0.151124293161595
    -0.106455536060807     0.018130572979938    -0.087251651337803
     0.723557895640622    -0.417746345823040    -0.344173272180428
   2  15
    -0.029849321790001    -0.000000000000000    -0.000000000000000
    -0.000000000000000    -0.029849321790001     0.000000000000000
    -0.000000000000000    -0.000000000000000    -0.042308814367322
   2  16
    -0.043331559421591     0.000000000000000    -0.000000000000000
    -0.000000000000000     0.202516970184523     0.174503302675607
     0.000000000000000     0.835492691646081    -0.344173272180428
   2  17
     0.193452648953265     0.000000000000000     0.000000000000000
    -0.000000000000000     0.004334605931320     0.081766964783700
     0.000000000000000     0.038433207770380     0.098511725269353
   2  18
    -2.249755155748590    -0.000000000000000    -0.000000000000000
    -0.000000000000000    -2.249755155748591     0.000000000000001
    -0.000000000000000    -0.000000000000000    -8.341096422893770
   2  19
     0.051614116686806     0.081890514785628     0.070812268693142
     0.081890514785374     0.146173138197779    -0.040883482391850
     0.033284134278023    -0.019216603885190     0.098511725269353
   2  20
     0.051614116686806    -0.081890514785628    -0.070812268693142
    -0.081890514785374     0.146173138197779    -0.040883482391850
    -0.033284134278023    -0.019216603885190     0.098511725269353
   2  21
    -0.105904036690113    -0.000000000000000     0.000000000000000
     0.000000000000000     0.016316700782374     0.015045787787347
    -0.000000000000000    -0.143171974271251    -0.231619723661465
   2  22
     0.183328586255896     0.000000000000000     0.000000000000000
     0.000000000000000     0.183328586255896    -0.000000000000000
     0.000000000000000     0.000000000000000     0.107260105218393
   2  23
    -0.014238483585748    -0.052923131760303     0.013030034443813
    -0.052923131760139    -0.075348852321991    -0.007522893893674
    -0.123990566828683     0.071585987135626    -0.231619723661465
   2  24
    -0.014238483585748     0.052923131760303    -0.013030034443812
     0.052923131760139    -0.075348852321991    -0.007522893893674
     0.123990566828683     0.071585987135626    -0.231619723661465
   2  25
    -0.158539756099277    -0.116144711057199    -0.052635665923057
    -0.116144711056839    -0.024427395711834    -0.030389215889605
    -0.020216490553402    -0.011671996263094     0.069356622162065
   2  26
    -0.158539756099277     0.116144711057199     0.052635665923057
     0.116144711056839    -0.024427395711834    -0.030389215889605
     0.020216490553402    -0.011671996263094     0.069356622162065
   2  27
    -0.015826956169659     0.000000000000000     0.000000000000000
    -0.000000000000000    -0.015826956169659    -0.000000000000000
    -0.000000000000000    -0.000000000000000    -0.045602594599537
   2  28
     0.042628784481887    -0.000000000000000     0.000000000000000
    -0.000000000000000    -0.225595936292998     0.060778431779209
     0.000000000000000     0.023343992526189     0.069356622162065
   2  29
    -7.252927689805463    -2.764164811415686    -2.061583993351232
    -2.764164811407107    -4.061145093899743    -1.190256073516510
    -2.162634735947551    -1.248597746960091    -3.233441751829117
   2  30
    -7.252927689805464     2.764164811415686     2.061583993351231
     2.764164811407107    -4.061145093899744    -1.190256073516510
     2.162634735947550    -1.248597746960091    -3.233441751829117
   2  31
     0.342350383390698     0.000000000000000    -0.000000000000000
     0.000000000000000     0.342350383390698     0.000000000000000
     0.000000000000000     0.000000000000000    -0.162436909083597
   2  32
    -2.465253795946881    -0.000000000000000    -0.000000000000000
    -0.000000000000000    -8.848818987758328     2.380512147033021
    -0.000000000000000     2.497195493920182    -3.233441751829117
   3   1
     0.263263910228284     0.999770572587198    -0.481244799881555
     0.999770572587198    -0.891171708192912    -0.277846814757292
    -0.481256604988142    -0.277853630438758     0.523749010426003
   3   2
     0.263263910225597    -0.999770572586490     0.481244799881555
    -0.999770572589593    -0.891171708195599    -0.277846814757292
     0.481256604987395    -0.277853630437464     0.523749010426003
   3   3
    19.395187391164441     0.000000000026064     0.000000000000001
     0.000000000026064    19.395187391074156    -0.000000000000001
     0.000000000000000    -0.000000000000000    19.012675197343011
   3   4
    -1.468389517411076    -0.000000000001973     0.000000000000000
     0.000000000001129     0.840481719435700     0.555693629514585
     0.000000000000747     0.555707260876222     0.523749010426003
   3   5
    -0.024171515765427    -0.059100366320957    -0.051637525978665
    -0.059100366320957     0.044071709043762    -0.029812939524022
    -0.051631133367062    -0.029809248747992    -0.026527358208917
   3   6
    -0.024171515765268     0.059100366320892     0.051637525978665
     0.059100366321075     0.044071709043921    -0.029812939524022
     0.051631133366982    -0.029809248747854    -0.026527358208917
   3   7
    -0.077795859856146    -0.000000000000105    -0.000000000000000
    -0.000000000000105    -0.077795859855784     0.000000000000000
     0.000000000000000     0.000000000000000    -0.021335124251888
   3   8
     0.078193321448743     0.000000000000105    -0.000000000000000
    -0.000000000000078    -0.058293128169774     0.059625879048044
     0.000000000000080     0.059618497495846    -0.026527358208917
   3   9
    -0.043328439695249    -0.000000000000058    -0.000000000000000
     0.000000000000272     0.202465444058755    -0.835472730785766
    -0.000000000000235    -0.174483285128411    -0.344140184510424
   3  10
    -0.029852226174002    -0.000000000000040    -0.000000000000000
    -0.000000000000040    -0.029852226173863     0.000000000000000
     0.000000000000000     0.000000000000000    -0.042301223666556
   3  11
     0.141016973120817    -0.106431873712792    -0.723540609030753
    -0.106431873713122     0.018120031243260     0.417736365392883
    -0.151106957457319     0.087241642564002    -0.344140184510424
   3  12
     0.141016973121104     0.106431873713171     0.723540609030753
     0.106431873713171     0.018120031243546     0.417736365392883
     0.151106957457554     0.087241642564408    -0.344140184510424
   3  13
    -0.043331559421692    -0.000000000000058    -0.000000000000000
     0.000000000000272     0.202516970184052     0.174503302675607
     0.000000000001123     0.835492691644136    -0.344173272180428
   3  14
    -0.029849321790071    -0.000000000000040    -0.000000000000000
    -0.000000000000040    -0.029849321789932     0.000000000000000
     0.000000000000000     0.000000000000000    -0.042308814367322
   3  15
     0.141054837783180    -0.106455536060701     0.151124293161595
    -0.106455536061031     0.018130572979753    -0.087251651337803
     0.723557895641745    -0.417746345821096    -0.344173272180428
   3  16
     0.141054837783466     0.106455536061080    -0.151124293161595
     0.106455536061080     0.018130572980039    -0.087251651337803
    -0.723557895642867    -0.417746345823040    -0.344173272180428
   3  17
     0.051614116686816    -0.081890514785368    -0.070812268693142
    -0.081890514785368     0.146173138197328    -0.040883482391850
    -0.033284134278126    -0.019216603885190     0.098511725269353
   3  18
     0.051614116687036     0.081890514785507     0.070812268693142
     0.081890514785761     0.146173138197549    -0.040883482391850
     0.033284134278075    -0.019216603885101     0.098511725269353
   3  19
    -2.249755155753827    -0.000000000003024    -0.000000000000001
    -0.000000000003024    -2.249755155743354    -0.000000000000000
     0.000000000000000     0.000000000000000    -8.341096422893770
   3  20
     0.193452648953715     0.000000000000260     0.000000000000000
     0.000000000000006     0.004334605931310     0.081766964783700
     0.000000000000052     0.038433207770291     0.098511725269353
   3  21
    -0.014238483585710     0.052923131760161    -0.013030034443812
     0.052923131760161    -0.075348852321745    -0.007522893893674
     0.123990566829068     0.071585987135626    -0.231619723661465
   3  22
    -0.014238483585852    -0.052923131760199     0.013030034443812
    -0.052923131760363    -0.075348852321887    -0.007522893893674
    -0.123990566828876     0.071585987135292    -0.231619723661465
   3  23
     0.183328586256323     0.000000000000246     0.000000000000000
     0.000000000000246     0.183328586255469    -0.000000000000000
    -0.000000000000000    -0.000000000000000     0.107260105218393
   3  24
    -0.105904036690359    -0.000000000000142    -0.000000000000000
     0.000000000000022     0.016316700782336     0.015045787787347
    -0.000000000000192    -0.143171974270918    -0.231619723661465
   3  25
     0.042628784481986     0.000000000000057     0.000000000000000
    -0.000000000000303    -0.225595936292473     0.060778431779210
     0.000000000000031     0.023343992526134     0.069356622162065
   3  26
    -0.015826956169696    -0.000000000000021     0.000000000000000
    -0.000000000000021    -0.015826956169623     0.000000000000000
     0.000000000000000     0.000000000000000    -0.045602594599537
   3  27
    -0.158539756099490     0.116144711056716     0.052635665923057
     0.116144711057076    -0.024427395711622    -0.030389215889605
     0.020216490553434    -0.011671996263040     0.069356622162065
   3  28
    -0.158539756099802    -0.116144711057142    -0.052635665923057
    -0.116144711057142    -0.024427395711934    -0.030389215889605
    -0.020216490553465    -0.011671996263094     0.069356622162065
   3  29
    -2.465253795952619    -0.000000000003313    -0.000000000000000
    -0.000000000011892    -8.848818987737729     2.380512147033021
     0.000000000003356     2.497195493914370    -3.233441751829117
   3  30
     0.342350383391495     0.000000000000460    -0.000000000000000
     0.000000000000460     0.342350383389901     0.000000000000000
    -0.000000000000000    -0.000000000000000    -0.162436909083597
   3  31
    -7.252927689818632     2.764164811399505     2.061583993351231
     2.764164811408084    -4.061145093886577    -1.190256073516510
     2.162634735950906    -1.248597746954279    -3.233441751829117
   3  32
    -7.252927689826062    -2.764164811419000    -2.061583993351232
    -2.764164811419000    -4.061145093894005    -1.190256073516511
    -2.162634735954262    -1.248597746960091    -3.233441751829117
   4   1
     0.263263910228284    -0.999770572587198     0.481244799881555
    -0.999770572587198    -0.891171708192912    -0.277846814757292
     0.481256604988142    -0.277853630438758     0.523749010426003
   4   2
     0.263263910225597     0.999770572586490    -0.481244799881555
     0.999770572589593    -0.891171708195599    -0.277846814757292
    -0.481256604987395    -0.277853630437464     0.523749010426003
   4   3
    -1.468389517411076     0.000000000001973    -0.000000000000000
    -0.000000000001129     0.840481719435700     0.555693629514585
    -0.000000000000747     0.555707260876222     0.523749010426003
   4   4
    19.395187391164441    -0.000000000026064    -0.000000000000001
    -0.000000000026064    19.395187391074156    -0.000000000000001
    -0.000000000000000    -0.000000000000000    19.012675197343011
   4   5
    -0.024171515765427     0.059100366320957     0.051637525978665
     0.059100366320957     0.044071709043762    -0.029812939524022
     0.051631133367062    -0.029809248747992    -0.026527358208917
   4   6
    -0.024171515765268    -0.059100366320892    -0.051637525978665
    -0.059100366321075     0.044071709043921    -0.029812939524022
    -0.051631133366982    -0.029809248747854    -0.026527358208917
   4   7
     0.078193321448743    -0.000000000000105     0.000000000000000
     0.000000000000078    -0.058293128169774     0.059625879048044
    -0.000000000000080     0.059618497495846    -0.026527358208917
   4   8
    -0.077795859856146     0.000000000000105     0.000000000000000
     0.000000000000105    -0.077795859855784     0.000000000000000
    -0.000000000000000     0.000000000000000    -0.021335124251888
   4   9
    -0.029852226174002     0.000000000000040     0.000000000000000
     0.000000000000040    -0.029852226173863     0.000000000000000
    -0.000000000000000     0.000000000000000    -0.042301223666556
   4  10
    -0.043328439695249     0.000000000000058     0.000000000000000
    -0.000000000000272     0.202465444058755    -0.835472730785766
     0.000000000000235    -0.174483285128411    -0.344140184510424
   4  11
     0.141016973120817     0.106431873712792     0.723540609030753
     0.106431873713122     0.018120031243260     0.417736365392883
     0.151106957457319     0.087241642564002    -0.344140184510424
   4  12
     0.141016973121104    -0.106431873713171    -0.723540609030753
    -0.106431873713171     0.018120031243546     0.417736365392883
    -0.151106957457554     0.087241642564408    -0.344140184510424
   4  13
    -0.029849321790071     0.000000000000040     0.000000000000000
     0.000000000000040    -0.029849321789932     0.000000000000000
    -0.000000000000000     0.000000000000000    -0.042308814367322
   4  14
    -0.043331559421692     0.000000000000058     0.000000000000000
    -0.000000000000272     0.202516970184052     0.174503302675607
    -0.000000000001123     0.835492691644136    -0.344173272180428
   4  15
     0.141054837783180     0.106455536060701    -0.151124293161595
     0.106455536061031     0.018130572979753    -0.087251651337803
    -0.723557895641745    -0.417746345821096    -0.344173272180428
   4  16
     0.141054837783466    -0.106455536061080     0.151124293161595
    -0.106455536061080     0.018130572980039    -0.087251651337803
     0.723557895642867    -0.417746345823040    -0.344173272180428
   4  17
     0.051614116686816     0.081890514785368     0.070812268693142
     0.081890514785368     0.146173138197328    -0.040883482391850
     0.033284134278126    -0.019216603885190     0.098511725269353
   4  18
     0.051614116687036    -0.081890514785507    -0.070812268693142
    -0.081890514785761     0.146173138197549    -0.040883482391850
    -0.033284134278075    -0.019216603885101     0.098511725269353
   4  19
     0.193452648953715    -0.000000000000260    -0.000000000000000
    -0.000000000000006     0.004334605931310     0.081766964783700
    -0.000000000000052     0.038433207770291     0.098511725269353
   4  20
    -2.249755155753827     0.000000000003024     0.000000000000001
     0.000000000003024    -2.249755155743354    -0.000000000000000
    -0.000000000000000     0.000000000000000    -8.341096422893770
   4  21
    -0.014238483585710    -0.052923131760161     0.013030034443812
    -0.052923131760161    -0.075348852321745    -0.007522893893674
    -0.123990566829068     0.071585987135626    -0.231619723661465
   4  22
    -0.014238483585852     0.052923131760199    -0.013030034443812
     0.052923131760363    -0.075348852321887    -0.007522893893674
     0.123990566828876     0.071585987135292    -0.231619723661465
   4  23
    -0.105904036690359     0.000000000000142     0.000000000000000
    -0.000000000000022     0.016316700782336     0.015045787787347
     0.000000000000192    -0.143171974270918    -0.231619723661465
   4  24
     0.183328586256323    -0.000000000000246    -0.000000000000000
    -0.000000000000246     0.183328586255469    -0.000000000000000
     0.000000000000000    -0.000000000000000     0.107260105218393
   4  25
    -0.015826956169696     0.000000000000021    -0.000000000000000
     0.000000000000021    -0.015826956169623     0.000000000000000
    -0.000000000000000     0.000000000000000    -0.045602594599537
   4  26
     0.042628784481986    -0.000000000000057    -0.000000000000000
     0.000000000000303    -0.225595936292473     0.060778431779210
    -0.000000000000031     0.023343992526134     0.069356622162065
   4  27
    -0.158539756099490    -0.116144711056716    -0.052635665923057
    -0.116144711057076    -0.024427395711622    -0.030389215889605
    -0.020216490553434    -0.011671996263040     0.069356622162065
   4  28
    -0.158539756099802     0.116144711057142     0.052635665923057
     0.116144711057142    -0.024427395711934    -0.030389215889605
     0.020216490553465    -0.011671996263094     0.069356622162065
   4  29
     0.342350383391495    -0.000000000000460     0.000000000000000
    -0.000000000000460     0.342350383389901     0.000000000000000
     0.000000000000000    -0.000000000000000    -0.162436909083597
   4  30
    -2.465253795952619     0.000000000003313     0.000000000000000
     0.000000000011892    -8.848818987737729     2.380512147033021
    -0.000000000003356     2.497195493914370    -3.233441751829117
   4  31
    -7.252927689818632    -2.764164811399505    -2.061583993351231
    -2.764164811408084    -4.061145093886577    -1.190256073516510
    -2.162634735950906    -1.248597746954279    -3.233441751829117
   4  32
    -7.252927689826062     2.764164811419000     2.061583993351232
     2.764164811419000    -4.061145093894005    -1.190256073516511
     2.162634735954262    -1.248597746960091    -3.233441751829117
   5   1
    -0.077795859855965     0.000000000000000     0.000000000000000
     0.000000000000000    -0.077795859855965     0.000000000000000
     0.000000000000000    -0.000000000000000    -0.021335124251888
   5   2
     0.078193321448561    -0.000000000000000     0.000000000000000
     0.000000000000000    -0.058293128169909     0.059625879048044
    -0.000000000000000     0.059618497495985    -0.026527358208917
   5   3
    -0.024171515765292    -0.059100366321062    -0.051637525978665
    -0.059100366320879     0.044071709043944    -0.029812939524022
    -0.051631133366902    -0.029809248747992    -0.026527358208917
   5   4
    -0.024171515765292     0.059100366321062     0.051637525978665
     0.059100366320879     0.044071709043944    -0.029812939524022
     0.051631133366902    -0.029809248747992    -0.026527358208917
   5   5
    19.395187391119293    -0.000000000000000    -0.000000000000001
    -0.000000000000000    19.395187391119300    -0.000000000000001
    -0.000000000000000     0.000000000000000    19.012675197343011
   5   6
    -1.468389517407658    -0.000000000000000    -0.000000000000000
    -0.000000000000000     0.840481719437656     0.555693629514585
    -0.000000000000000     0.555707260877516     0.523749010426003
   5   7
     0.263263910226328     0.999770572589171    -0.481244799881555
     0.999770572586068    -0.891171708196330    -0.277846814757292
    -0.481256604986648    -0.277853630438758     0.523749010426003
   5   8
     0.263263910226327    -0.999770572589171     0.481244799881555
    -0.999770572586068    -0.891171708196330    -0.277846814757292
     0.481256604986648    -0.277853630438758     0.523749010426003
   5   9
     0.141054837782995    -0.106455536061138     0.151124293161595
    -0.106455536060807     0.018130572979938    -0.087251651337803
     0.723557895640622    -0.417746345823040    -0.344173272180428
   5  10
     0.141054837782995     0.106455536061138    -0.151124293161595
     0.106455536060807     0.018130572979938    -0.087251651337803
    -0.723557895640622    -0.417746345823040    -0.344173272180428
   5  11
    -0.043331559421591    -0.000000000000000     0.000000000000000
     0.000000000000000     0.202516970184523     0.174503302675607
    -0.000000000000000     0.835492691646081    -0.344173272180428
   5  12
    -0.029849321790001     0.000000000000000     0.000000000000000
     0.000000000000000    -0.029849321790001     0.000000000000000
     0.000000000000000    -0.000000000000000    -0.042308814367322
   5  13
     0.141016973120632    -0.106431873713229    -0.723540609030753
    -0.106431873712899     0.018120031243445     0.417736365392883
    -0.151106957457084     0.087241642564408    -0.344140184510424
   5  14
     0.141016973120632     0.106431873713229     0.723540609030753
     0.106431873712899     0.018120031243445     0.417736365392883
     0.151106957457084     0.087241642564408    -0.344140184510424
   5  15
    -0.043328439695149     0.000000000000000     0.000000000000000
    -0.000000000000000     0.202465444059226    -0.835472730785766
     0.000000000000000    -0.174483285128817    -0.344140184510424
   5  16
    -0.029852226173932    -0.000000000000000     0.000000000000000
    -0.000000000000000    -0.029852226173932     0.000000000000000
     0.000000000000000    -0.000000000000000    -0.042301223666556
   5  17
     0.183328586255896    -0.000000000000000    -0.000000000000000
    -0.000000000000000     0.183328586255896    -0.000000000000000
    -0.000000000000000     0.000000000000000     0.107260105218393
   5  18
    -0.105904036690113     0.000000000000000    -0.000000000000000
    -0.000000000000000     0.016316700782374     0.015045787787347
     0.000000000000000    -0.143171974271251    -0.231619723661465
   5  19
    -0.014238483585748     0.052923131760303    -0.013030034443813
     0.052923131760139    -0.075348852321991    -0.007522893893674
     0.123990566828683     0.071585987135626    -0.231619723661465
   5  20
    -0.014238483585748    -0.052923131760303     0.013030034443812
    -0.052923131760139    -0.075348852321991    -0.007522893893674
    -0.123990566828683     0.071585987135626    -0.231619723661465
   5  21
    -2.249755155748590     0.000000000000000     0.000000000000000
     0.000000000000000    -2.249755155748591     0.000000000000001
     0.000000000000000    -0.000000000000000    -8.341096422893770
   5  22
     0.193452648953265    -0.000000000000000    -0.000000000000000
     0.000000000000000     0.004334605931320     0.081766964783700
    -0.000000000000000     0.038433207770380     0.098511725269353
   5  23
     0.051614116686806    -0.081890514785628    -0.070812268693142
    -0.081890514785374     0.146173138197779    -0.040883482391850
    -0.033284134278023    -0.019216603885190     0.098511725269353
   5  24
     0.051614116686806     0.081890514785628     0.070812268693142
     0.081890514785374     0.146173138197779    -0.040883482391850
     0.033284134278023    -0.019216603885190     0.098511725269353
   5  25
    -7.252927689805463     2.764164811415686     2.061583993351232
     2.764164811407107    -4.061145093899743    -1.190256073516510
     2.162634735947551    -1.248597746960091    -3.233441751829117
   5  26
    -7.252927689805464    -2.764164811415686    -2.061583993351231
    -2.764164811407107    -4.061145093899744    -1.190256073516510
    -2.162634735947550    -1.248597746960091    -3.233441751829117
   5  27
    -2.465253795946881     0.000000000000000     0.000000000000000
     0.000000000000000    -8.848818987758328     2.380512147033021
     0.000000000000000     2.497195493920182    -3.233441751829117
   5  28
     0.342350383390698    -0.000000000000000     0.000000000000000
    -0.000000000000000     0.342350383390698     0.000000000000000
    -0.000000000000000     0.000000000000000    -0.162436909083597
   5  29
    -0.158539756099277     0.116144711057199     0.052635665923057
     0.116144711056839    -0.024427395711834    -0.030389215889605
     0.020216490553402    -0.011671996263094     0.069356622162065
   5  30
    -0.158539756099277    -0.116144711057199    -0.052635665923057
    -0.116144711056839    -0.024427395711834    -0.030389215889605
    -0.020216490553402    -0.011671996263094     0.069356622162065
   5  31
     0.042628784481887     0.000000000000000    -0.000000000000000
     0.000000000000000    -0.225595936292998     0.060778431779209
    -0.000000000000000     0.023343992526189     0.069356622162065
   5  32
    -0.015826956169659    -0.000000000000000    -0.000000000000000
     0.000000000000000    -0.015826956169659    -0.000000000000000
     0.000000000000000    -0.000000000000000    -0.045602594599537
   6   1
     0.078193321448561     0.000000000000000    -0.000000000000000
    -0.000000000000000    -0.058293128169909     0.059625879048044
     0.000000000000000     0.059618497495985    -0.026527358208917
   6   2
    -0.077795859855965    -0.000000000000000    -0.000000000000000
    -0.000000000000000    -0.077795859855965     0.000000000000000
    -0.000000000000000    -0.000000000000000    -0.021335124251888
   6   3
    -0.024171515765292     0.059100366321062     0.051637525978665
     0.059100366320879     0.044071709043944    -0.029812939524022
     0.051631133366902    -0.029809248747992    -0.026527358208917
   6   4
    -0.024171515765292    -0.059100366321062    -0.051637525978665
    -0.059100366320879     0.044071709043944    -0.029812939524022
    -0.051631133366902    -0.029809248747992    -0.026527358208917
   6   5
    -1.468389517407658     0.000000000000000     0.000000000000000
     0.000000000000000     0.840481719437656     0.555693629514585
     0.000000000000000     0.555707260877516     0.523749010426003
   6   6
    19.395187391119293     0.000000000000000     0.000000000000001
     0.000000000000000    19.395187391119300    -0.000000000000001
     0.000000000000000     0.000000000000000    19.012675197343011
   6   7
     0.263263910226328    -0.999770572589171     0.481244799881555
    -0.999770572586068    -0.891171708196330    -0.277846814757292
     0.481256604986648    -0.277853630438758     0.523749010426003
   6   8
     0.263263910226327     0.999770572589171    -0.481244799881555
     0.999770572586068    -0.891171708196330    -0.277846814757292
    -0.481256604986648    -0.277853630438758     0.523749010426003
   6   9
     0.141054837782995     0.106455536061138    -0.151124293161595
     0.106455536060807     0.018130572979938    -0.087251651337803
    -0.723557895640622    -0.417746345823040    -0.344173272180428
   6  10
     0.141054837782995    -0.106455536061138     0.151124293161595
    -0.106455536060807     0.018130572979938    -0.087251651337803
     0.723557895640622    -0.417746345823040    -0.344173272180428
   6  11
    -0.029849321790001    -0.000000000000000    -0.000000000000000
    -0.000000000000000    -0.029849321790001     0.000000000000000
    -0.000000000000000    -0.000000000000000    -0.042308814367322
   6  12
    -0.043331559421591     0.000000000000000    -0.000000000000000
    -0.000000000000000     0.202516970184523     0.174503302675607
     0.000000000000000     0.835492691646081    -0.344173272180428
   6  13
     0.141016973120632     0.106431873713229     0.723540609030753
     0.106431873712899     0.018120031243445     0.417736365392883
     0.151106957457084     0.087241642564408    -0.344140184510424
   6  14
     0.141016973120632    -0.106431873713229    -0.723540609030753
    -0.106431873712899     0.018120031243445     0.417736365392883
    -0.151106957457084     0.087241642564408    -0.344140184510424
   6  15
    -0.029852226173932     0.000000000000000    -0.000000000000000
     0.000000000000000    -0.029852226173932     0.000000000000000
    -0.000000000000000    -0.000000000000000    -0.042301223666556
   6  16
    -0.043328439695149    -0.000000000000000    -0.000000000000000
     0.000000000000000     0.202465444059226    -0.835472730785766
    -0.000000000000000    -0.174483285128817    -0.344140184510424
   6  17
    -0.105904036690113    -0.000000000000000     0.000000000000000
     0.000000000000000     0.016316700782374     0.015045787787347
    -0.000000000000000    -0.143171974271251    -0.231619723661465
   6  18
     0.183328586255896     0.000000000000000     0.000000000000000
     0.000000000000000     0.183328586255896    -0.000000000000000
     0.000000000000000     0.000000000000000     0.107260105218393
   6  19
    -0.014238483585748    -0.052923131760303     0.013030034443813
    -0.052923131760139    -0.075348852321991    -0.007522893893674
    -0.123990566828683     0.071585987135626    -0.231619723661465
   6  20
    -0.014238483585748     0.052923131760303    -0.013030034443812
     0.052923131760139    -0.075348852321991    -0.007522893893674
     0.123990566828683     0.071585987135626    -0.231619723661465
   6  21
     0.193452648953265     0.000000000000000     0.000000000000000
    -0.000000000000000     0.004334605931320     0.081766964783700
     0.000000000000000     0.038433207770380     0.098511725269353
   6  22
    -2.249755155748590    -0.000000000000000    -0.000000000000000
    -0.000000000000000    -2.249755155748591     0.000000000000001
    -0.000000000000000    -0.000000000000000    -8.341096422893770
   6  23
     0.051614116686806     0.081890514785628     0.070812268693142
     0.081890514785374     0.146173138197779    -0.040883482391850
     0.033284134278023    -0.019216603885190     0.098511725269353
   6  24
     0.051614116686806    -0.081890514785628    -0.070812268693142
    -0.081890514785374     0.146173138197779    -0.040883482391850
    -0.033284134278023    -0.019216603885190     0.098511725269353
   6  25
    -7.252927689805463    -2.764164811415686    -2.061583993351232
    -2.764164811407107    -4.061145093899743    -1.190256073516510
    -2.162634735947551    -1.248597746960091    -3.233441751829117
   6  26
    -7.252927689805464     2.764164811415686     2.061583993351231
     2.764164811407107    -4.061145093899744    -1.190256073516510
     2.162634735947550    -1.248597746960091    -3.233441751829117
   6  27
     0.342350383390698     0.000000000000000    -0.000000000000000
     0.000000000000000     0.342350383390698     0.000000000000000
     0.000000000000000     0.000000000000000    -0.162436909083597
   6  28
    -2.465253795946881    -0.000000000000000    -0.000000000000000
    -0.000000000000000    -8.848818987758328     2.380512147033021
    -0.000000000000000     2.497195493920182    -3.233441751829117
   6  29
    -0.158539756099277    -0.116144711057199    -0.052635665923057
    -0.116144711056839    -0.024427395711834    -0.030389215889605
    -0.020216490553402    -0.011671996263094     0.069356622162065
   6  30
    -0.158539756099277     0.116144711057199     0.052635665923057
     0.116144711056839    -0.024427395711834    -0.030389215889605
     0.020216490553402    -0.011671996263094     0.069356622162065
   6  31
    -0.015826956169659     0.000000000000000     0.000000000000000
    -0.000000000000000    -0.015826956169659    -0.000000000000000
    -0.000000000000000    -0.000000000000000    -0.045602594599537
   6  32
     0.042628784481887    -0.000000000000000     0.000000000000000
    -0.000000000000000    -0.225595936292998     0.060778431779209
     0.000000000000000     0.023343992526189     0.069356622162065
   7   1
    -0.024171515765427    -0.059100366320957    -0.051637525978665
    -0.059100366320957     0.044071709043762    -0.029812939524022
    -0.051631133367062    -0.029809248747992    -0.026527358208917
   7   2
    -0.024171515765268     0.059100366320892     0.051637525978665
     0.059100366321075     0.044071709043921    -0.029812939524022
     0.051631133366982    -0.029809248747854    -0.026527358208917
   7   3
    -0.077795859856146    -0.000000000000105    -0.000000000000000
    -0.000000000000105    -0.077795859855784     0.000000000000000
     0.000000000000000     0.000000000000000    -0.021335124251888
   7   4
     0.078193321448743     0.000000000000105    -0.000000000000000
    -0.000000000000078    -0.058293128169774     0.059625879048044
     0.000000000000080     0.059618497495846    -0.026527358208917
   7   5
     0.263263910228284     0.999770572587198    -0.481244799881555
     0.999770572587198    -0.891171708192912    -0.277846814757292
    -0.481256604988142    -0.277853630438758     0.523749010426003
   7   6
     0.263263910225597    -0.999770572586490     0.481244799881555
    -0.999770572589593    -0.891171708195599    -0.277846814757292
     0.481256604987395    -0.277853630437464     0.523749010426003
   7   7
    19.395187391164441     0.000000000026064     0.000000000000001
     0.000000000026064    19.395187391074156    -0.000000000000001
     0.000000000000000    -0.000000000000000    19.012675197343011
   7   8
    -1.468389517411076    -0.000000000001973     0.000000000000000
     0.000000000001129     0.840481719435700     0.555693629514585
     0.000000000000747     0.555707260876222     0.523749010426003
   7   9
    -0.043331559421692    -0.000000000000058    -0.000000000000000
     0.000000000000272     0.202516970184052     0.174503302675607
     0.000000000001123     0.835492691644136    -0.344173272180428
   7  10
    -0.029849321790071    -0.000000000000040    -0.000000000000000
    -0.000000000000040    -0.029849321789932     0.000000000000000
     0.000000000000000     0.000000000000000    -0.042308814367322
   7  11
     0.141054837783180    -0.106455536060701     0.151124293161595
    -0.106455536061031     0.018130572979753    -0.087251651337803
     0.723557895641745    -0.417746345821096    -0.344173272180428
   7  12
     0.141054837783466     0.106455536061080    -0.151124293161595
     0.106455536061080     0.018130572980039    -0.087251651337803
    -0.723557895642867    -0.417746345823040    -0.344173272180428
   7  13
    -0.043328439695249    -0.000000000000058    -0.000000000000000
     0.000000000000272     0.202465444058755    -0.835472730785766
    -0.000000000000235    -0.174483285128411    -0.344140184510424
   7  14
    -0.029852226174002    -0.000000000000040    -0.000000000000000
    -0.000000000000040    -0.029852226173863     0.000000000000000
     0.000000000000000     0.000000000000000    -0.042301223666556
   7  15
     0.141016973120817    -0.106431873712792    -0.723540609030753
    -0.106431873713122     0.018120031243260     0.417736365392883
    -0.151106957457319     0.087241642564002    -0.344140184510424
   7  16
     0.141016973121104     0.106431873713171     0.723540609030753
     0.106431873713171     0.018120031243546     0.417736365392883
     0.151106957457554     0.087241642564408    -0.344140184510424
   7  17
    -0.014238483585710     0.052923131760161    -0.013030034443812
     0.052923131760161    -0.075348852321745    -0.007522893893674
     0.123990566829068     0.071585987135626    -0.231619723661465
   7  18
    -0.014238483585852    -0.052923131760199     0.013030034443812
    -0.052923131760363    -0.075348852321887    -0.007522893893674
    -0.123990566828876     0.071585987135292    -0.231619723661465
   7  19
     0.183328586256323     0.000000000000246     0.000000000000000
     0.000000000000246     0.183328586255469    -0.000000000000000
    -0.000000000000000    -0.000000000000000     0.107260105218393
   7  20
    -0.105904036690359    -0.000000000000142    -0.000000000000000
     0.000000000000022     0.016316700782336     0.015045787787347
    -0.000000000000192    -0.143171974270918    -0.231619723661465
   7  21
     0.051614116686816    -0.081890514785368    -0.070812268693142
    -0.081890514785368     0.146173138197328    -0.040883482391850
    -0.033284134278126    -0.019216603885190     0.098511725269353
   7  22
     0.051614116687036     0.081890514785507     0.070812268693142
     0.081890514785761     0.146173138197549    -0.040883482391850
     0.033284134278075    -0.019216603885101     0.098511725269353
   7  23
    -2.249755155753827    -0.000000000003024    -0.000000000000001
    -0.000000000003024    -2.249755155743354    -0.000000000000000
     0.000000000000000     0.000000000000000    -8.341096422893770
   7  24
     0.193452648953715     0.000000000000260     0.000000000000000
     0.000000000000006     0.004334605931310     0.081766964783700
     0.000000000000052     0.038433207770291     0.098511725269353
   7  25
    -2.465253795952619    -0.000000000003313    -0.000000000000000
    -0.000000000011892    -8.848818987737729     2.380512147033021
     0.000000000003356     2.497195493914370    -3.233441751829117
   7  26
     0.342350383391495     0.000000000000460    -0.000000000000000
     0.000000000000460     0.342350383389901     0.000000000000000
    -0.000000000000000    -0.000000000000000    -0.162436909083597
   7  27
    -7.252927689818632     2.764164811399505     2.061583993351231
     2.764164811408084    -4.061145093886577    -1.190256073516510
     2.162634735950906    -1.248597746954279    -3.233441751829117
   7  28
    -7.252927689826062    -2.764164811419000    -2.061583993351232
    -2.764164811419000    -4.061145093894005    -1.190256073516511
    -2.162634735954262    -1.248597746960091    -3.233441751829117
   7  29
     0.042628784481986     0.000000000000057     0.000000000000000
    -0.000000000000303    -0.225595936292473     0.060778431779210
     0.000000000000031     0.023343992526134     0.069356622162065
   7  30
    -0.015826956169696    -0.000000000000021     0.000000000000000
    -0.000000000000021    -0.015826956169623     0.000000000000000
     0.000000000000000     0.000000000000000    -0.045602594599537
   7  31
    -0.158539756099490     0.116144711056716     0.052635665923057
     0.116144711057076    -0.024427395711622    -0.030389215889605
     0.020216490553434    -0.011671996263040     0.069356622162065
   7  32
    -0.158539756099802    -0.116144711057142    -0.052635665923057
    -0.116144711057142    -0.024427395711934    -0.030389215889605
    -0.020216490553465    -0.011671996263094     0.069356622162065
   8   1
    -0.024171515765427     0.059100366320957     0.051637525978665
     0.059100366320957     0.044071709043762    -0.029812939524022
     0.051631133367062    -0.029809248747992    -0.026527358208917
   8   2
    -0.024171515765268    -0.059100366320892    -0.051637525978665
    -0.059100366321075     0.044071709043921    -0.029812939524022
    -0.051631133366982    -0.029809248747854    -0.026527358208917
   8   3
     0.078193321448743    -0.000000000000105     0.000000000000000
     0.000000000000078    -0.058293128169774     0.059625879048044
    -0.000000000000080     0.059618497495846    -0.026527358208917
   8   4
    -0.077795859856146     0.000000000000105     0.000000000000000
     0.000000000000105    -0.077795859855784     0.000000000000000
    -0.000000000000000     0.000000000000000    -0.021335124251888
   8   5
     0.263263910228284    -0.999770572587198     0.481244799881555
    -0.999770572587198    -0.891171708192912    -0.277846814757292
     0.481256604988142    -0.277853630438758     0.523749010426003
   8   6
     0.263263910225597     0.999770572586490    -0.481244799881555
     0.999770572589593    -0.891171708195599    -0.277846814757292
    -0.481256604987395    -0.277853630437464     0.523749010426003
   8   7
    -1.468389517411076     0.000000000001973    -0.000000000000000
    -0.000000000001129     0.840481719435700     0.555693629514585
    -0.000000000000747     0.555707260876222     0.523749010426003
   8   8
    19.395187391164441    -0.000000000026064    -0.000000000000001
    -0.000000000026064    19.395187391074156    -0.000000000000001
    -0.000000000000000    -0.000000000000000    19.012675197343011
   8   9
    -0.029849321790071     0.000000000000040     0.000000000000000
     0.000000000000040    -0.029849321789932     0.000000000000000
    -0.000000000000000     0.000000000000000    -0.042308814367322
   8  10
    -0.043331559421692     0.000000000000058     0.000000000000000
    -0.000000000000272     0.202516970184052     0.174503302675607
    -0.000000000001123     0.835492691644136    -0.344173272180428
   8  11
     0.141054837783180     0.106455536060701    -0.151124293161595
     0.106455536061031     0.018130572979753    -0.087251651337803
    -0.723557895641745    -0.417746345821096    -0.344173272180428
   8  12
     0.141054837783466    -0.106455536061080     0.151124293161595
    -0.106455536061080     0.018130572980039    -0.087251651337803
     0.723557895642867    -0.417746345823040    -0.344173272180428
   8  13
    -0.029852226174002     0.000000000000040     0.000000000000000
     0.000000000000040    -0.029852226173863     0.000000000000000
    -0.000000000000000     0.000000000000000    -0.042301223666556
   8  14
    -0.043328439695249     0.000000000000058     0.000000000000000
    -0.000000000000272     0.202465444058755    -0.835472730785766
     0.000000000000235    -0.174483285128411    -0.344140184510424
   8  15
     0.141016973120817     0.106431873712792     0.723540609030753
     0.106431873713122     0.018120031243260     0.417736365392883
     0.151106957457319     0.087241642564002    -0.344140184510424
   8  16
     0.141016973121104    -0.106431873713171    -0.723540609030753
    -0.106431873713171     0.018120031243546     0.417736365392883
    -0.151106957457554     0.087241642564408    -0.344140184510424
   8  17
    -0.014238483585710    -0.052923131760161     0.013030034443812
    -0.052923131760161    -0.075348852321745    -0.007522893893674
    -0.123990566829068     0.071585987135626    -0.231619723661465
   8  18
    -0.014238483585852     0.052923131760199    -0.013030034443812
     0.052923131760363    -0.075348852321887    -0.007522893893674
     0.123990566828876     0.071585987135292    -0.231619723661465
   8  19
    -0.105904036690359     0.000000000000142     0.000000000000000
    -0.000000000000022     0.016316700782336     0.015045787787347
     0.000000000000192    -0.143171974270918    -0.231619723661465
   8  20
     0.183328586256323    -0.000000000000246    -0.000000000000000
    -0.000000000000246     0.183328586255469    -0.000000000000000
     0.000000000000000    -0.000000000000000     0.107260105218393
   8  21
     0.051614116686816     0.081890514785368     0.070812268693142
     0.081890514785368     0.146173138197328    -0.040883482391850
     0.033284134278126    -0.019216603885190     0.098511725269353
   8  22
     0.051614116687036    -0.081890514785507    -0.070812268693142
    -0.081890514785761     0.146173138197549    -0.040883482391850
    -0.033284134278075    -0.019216603885101     0.098511725269353
   8  23
     0.193452648953715    -0.000000000000260    -0.000000000000000
    -0.000000000000006     0.004334605931310     0.081766964783700
    -0.000000000000052     0.038433207770291     0.098511725269353
   8  24
    -2.249755155753827     0.000000000003024     0.000000000000001
     0.000000000003024    -2.249755155743354    -0.000000000000000
    -0.000000000000000     0.000000000000000    -8.341096422893770
   8  25
     0.342350383391495    -0.000000000000460     0.000000000000000
    -0.000000000000460     0.342350383389901     0.000000000000000
     0.000000000000000    -0.000000000000000    -0.162436909083597
   8  26
    -2.465253795952619     0.000000000003313     0.000000000000000
     0.000000000011892    -8.848818987737729     2.380512147033021
    -0.000000000003356     2.497195493914370    -3.233441751829117
   8  27
    -7.252927689818632    -2.764164811399505    -2.061583993351231
    -2.764164811408084    -4.061145093886577    -1.190256073516510
    -2.162634735950906    -1.248597746954279    -3.233441751829117
   8  28
    -7.252927689826062     2.764164811419000     2.061583993351232
     2.764164811419000    -4.061145093894005    -1.190256073516511
     2.162634735954262    -1.248597746960091    -3.233441751829117
   8  29
    -0.015826956169696     0.000000000000021    -0.000000000000000
     0.000000000000021    -0.015826956169623     0.000000000000000
    -0.000000000000000     0.000000000000000    -0.045602594599537
   8  30
     0.042628784481986    -0.000000000000057    -0.000000000000000
     0.000000000000303    -0.225595936292473     0.060778431779210
    -0.000000000000031     0.023343992526134     0.069356622162065
   8  31
    -0.158539756099490    -0.116144711056716    -0.052635665923057
    -0.116144711057076    -0.024427395711622    -0.030389215889605
    -0.020216490553434    -0.011671996263040     0.069356622162065
   8  32
    -0.158539756099802     0.116144711057142     0.052635665923057
     0.116144711057142    -0.024427395711934    -0.030389215889605
     0.020216490553465    -0.011671996263094     0.069356622162065
   9   1
     0.141054837782995    -0.106455536061138    -0.151124293161595
    -0.106455536060807     0.018130572979938     0.087251651337803
    -0.723557895640622     0.417746345823040    -0.344173272180428
   9   2
     0.141054837782995     0.106455536061138     0.151124293161595
     0.106455536060807     0.018130572979938     0.087251651337803
     0.723557895640622     0.417746345823040    -0.344173272180428
   9   3
    -0.043331559421591    -0.000000000000000    -0.000000000000000
     0.000000000000000     0.202516970184523    -0.174503302675607
     0.000000000000000    -0.835492691646081    -0.344173272180428
   9   4
    -0.029849321790001     0.000000000000000    -0.000000000000000
     0.000000000000000    -0.029849321790001    -0.000000000000000
    -0.000000000000000     0.000000000000000    -0.042308814367322
   9   5
     0.141016973120632    -0.106431873713229     0.723540609030753
    -0.106431873712899     0.018120031243445    -0.417736365392883
     0.151106957457084    -0.087241642564408    -0.344140184510424
   9   6
     0.141016973120632     0.106431873713229    -0.723540609030753
     0.106431873712899     0.018120031243445    -0.417736365392883
    -0.151106957457084    -0.087241642564408    -0.344140184510424
   9   7
    -0.043328439695149     0.000000000000000    -0.000000000000000
    -0.000000000000000     0.202465444059226     0.835472730785766
    -0.000000000000000     0.174483285128817    -0.344140184510424
   9   8
    -0.029852226173932    -0.000000000000000    -0.000000000000000
    -0.000000000000000    -0.029852226173932    -0.000000000000000
    -0.000000000000000     0.000000000000000    -0.042301223666556
   9   9
    19.395187391119293    -0.000000000000000     0.000000000000001
    -0.000000000000000    19.395187391119300     0.000000000000001
     0.000000000000000    -0.000000000000000    19.012675197343011
   9  10
    -1.468389517407658    -0.000000000000000     0.000000000000000
    -0.000000000000000     0.840481719437656    -0.555693629514585
     0.000000000000000    -0.555707260877516     0.523749010426003
   9  11
     0.263263910226328     0.999770572589171     0.481244799881555
     0.999770572586068    -0.891171708196330     0.277846814757292
     0.481256604986648     0.277853630438758     0.523749010426003
   9  12
     0.263263910226327    -0.999770572589171    -0.481244799881555
    -0.999770572586068    -0.891171708196330     0.277846814757292
    -0.481256604986648     0.277853630438758     0.523749010426003
   9  13
    -0.077795859855965     0.000000000000000    -0.000000000000000
     0.000000000000000    -0.077795859855965    -0.000000000000000
    -0.000000000000000     0.000000000000000    -0.021335124251888
   9  14
     0.078193321448561    -0.000000000000000    -0.000000000000000
     0.000000000000000    -0.058293128169909    -0.059625879048044
     0.000000000000000    -0.059618497495985    -0.026527358208917
   9  15
    -0.024171515765292    -0.059100366321062     0.051637525978665
    -0.059100366320879     0.044071709043944     0.029812939524022
     0.051631133366902     0.029809248747992    -0.026527358208917
   9  16
    -0.024171515765292     0.059100366321062    -0.051637525978665
     0.059100366320879     0.044071709043944     0.029812939524022
    -0.051631133366902     0.029809248747992    -0.026527358208917
   9  17
    -7.252927689805463     2.764164811415686    -2.061583993351232
     2.764164811407107    -4.061145093899743     1.190256073516510
    -2.162634735947551     1.248597746960091    -3.233441751829117
   9  18
    -7.252927689805464    -2.764164811415686     2.061583993351231
    -2.764164811407107    -4.061145093899744     1.190256073516510
     2.162634735947550     1.248597746960091    -3.233441751829117
   9  19
    -2.465253795946881     0.000000000000000    -0.000000000000000
     0.000000000000000    -8.848818987758328    -2.380512147033021
    -0.000000000000000    -2.497195493920182    -3.233441751829117
   9  20
     0.342350383390698    -0.000000000000000    -0.000000000000000
    -0.000000000000000     0.342350383390698    -0.000000000000000
     0.000000000000000    -0.000000000000000    -0.162436909083597
   9  21
    -0.158539756099277     0.116144711057199    -0.052635665923057
     0.116144711056839    -0.024427395711834     0.030389215889605
    -0.020216490553402     0.011671996263094     0.069356622162065
   9  22
    -0.158539756099277    -0.116144711057199     0.052635665923057
    -0.116144711056839    -0.024427395711834     0.030389215889605
     0.020216490553402     0.011671996263094     0.069356622162065
   9  23
     0.042628784481887     0.000000000000000     0.000000000000000
     0.000000000000000    -0.225595936292998    -0.060778431779209
     0.000000000000000    -0.023343992526189     0.069356622162065
   9  24
    -0.015826956169659    -0.000000000000000     0.000000000000000
     0.000000000000000    -0.015826956169659     0.000000000000000
    -0.000000000000000     0.000000000000000    -0.045602594599537
   9  25
    -2.249755155748590     0.000000000000000    -0.000000000000000
     0.000000000000000    -2.249755155748591    -0.000000000000001
    -0.000000000000000     0.000000000000000    -8.341096422893770
   9  26
     0.193452648953265    -0.000000000000000     0.000000000000000
     0.000000000000000     0.004334605931320    -0.081766964783700
     0.000000000000000    -0.038433207770380     0.098511725269353
   9  27
     0.051614116686806    -0.081890514785628     0.070812268693142
    -0.081890514785374     0.146173138197779     0.040883482391850
     0.033284134278023     0.019216603885190     0.098511725269353
   9  28
     0.051614116686806     0.081890514785628    -0.070812268693142
     0.081890514785374     0.146173138197779     0.040883482391850
    -0.033284134278023     0.019216603885190     0.098511725269353
   9  29
     0.183328586255896    -0.000000000000000     0.000000000000000
    -0.000000000000000     0.183328586255896     0.000000000000000
     0.000000000000000    -0.000000000000000     0.107260105218393
   9  30
    -0.105904036690113     0.000000000000000     0.000000000000000
    -0.000000000000000     0.016316700782374    -0.015045787787347
    -0.000000000000000     0.143171974271251    -0.231619723661465
   9  31
    -0.014238483585748     0.052923131760303     0.013030034443813
     0.052923131760139    -0.075348852321991     0.007522893893674
    -0.123990566828683    -0.071585987135626    -0.231619723661465
   9  32
    -0.014238483585748    -0.052923131760303    -0.013030034443812
    -0.052923131760139    -0.075348852321991     0.007522893893674
     0.123990566828683    -0.071585987135626    -0.231619723661465
  10   1
     0.141054837782995     0.106455536061138     0.151124293161595
     0.106455536060807     0.018130572979938     0.087251651337803
     0.723557895640622     0.417746345823040    -0.344173272180428
  10   2
     0.141054837782995    -0.106455536061138    -0.151124293161595
    -0.106455536060807     0.018130572979938     0.087251651337803
    -0.723557895640622     0.417746345823040    -0.344173272180428
  10   3
    -0.029849321790001    -0.000000000000000     0.000000000000000
    -0.000000000000000    -0.029849321790001    -0.000000000000000
     0.000000000000000     0.000000000000000    -0.042308814367322
  10   4
    -0.043331559421591     0.000000000000000     0.000000000000000
    -0.000000000000000     0.202516970184523    -0.174503302675607
    -0.000000000000000    -0.835492691646081    -0.344173272180428
  10   5
     0.141016973120632     0.106431873713229    -0.723540609030753
     0.106431873712899     0.018120031243445    -0.417736365392883
    -0.151106957457084    -0.087241642564408    -0.344140184510424
  10   6
     0.141016973120632    -0.106431873713229     0.723540609030753
    -0.106431873712899     0.018120031243445    -0.417736365392883
     0.151106957457084    -0.087241642564408    -0.344140184510424
  10   7
    -0.029852226173932     0.000000000000000     0.000000000000000
     0.000000000000000    -0.029852226173932    -0.000000000000000
     0.000000000000000     0.000000000000000    -0.042301223666556
  10   8
    -0.043328439695149    -0.000000000000000     0.000000000000000
     0.000000000000000     0.202465444059226     0.835472730785766
     0.000000000000000     0.174483285128817    -0.344140184510424
  10   9
    -1.468389517407658     0.000000000000000    -0.000000000000000
     0.000000000000000     0.840481719437656    -0.555693629514585
    -0.000000000000000    -0.555707260877516     0.523749010426003
  10  10
    19.395187391119293     0.000000000000000    -0.000000000000001
     0.000000000000000    19.395187391119300     0.000000000000001
    -0.000000000000000    -0.000000000000000    19.012675197343011
  10  11
     0.263263910226328    -0.999770572589171    -0.481244799881555
    -0.999770572586068    -0.891171708196330     0.277846814757292
    -0.481256604986648     0.277853630438758     0.523749010426003
  10  12
     0.263263910226327     0.999770572589171     0.481244799881555
     0.999770572586068    -0.891171708196330     0.277846814757292
     0.481256604986648     0.277853630438758     0.523749010426003
  10  13
     0.078193321448561     0.000000000000000     0.000000000000000
    -0.000000000000000    -0.058293128169909    -0.059625879048044
    -0.000000000000000    -0.059618497495985    -0.026527358208917
  10  14
    -0.077795859855965    -0.000000000000000     0.000000000000000
    -0.000000000000000    -0.077795859855965    -0.000000000000000
     0.000000000000000     0.000000000000000    -0.021335124251888
  10  15
    -0.024171515765292     0.059100366321062    -0.051637525978665
     0.059100366320879     0.044071709043944     0.029812939524022
    -0.051631133366902     0.029809248747992    -0.026527358208917
  10  16
    -0.024171515765292    -0.059100366321062     0.051637525978665
    -0.059100366320879     0.044071709043944     0.029812939524022
     0.051631133366902     0.029809248747992    -0.026527358208917
  10  17
    -7.252927689805463    -2.764164811415686     2.061583993351232
    -2.764164811407107    -4.061145093899743     1.190256073516510
     2.162634735947551     1.248597746960091    -3.233441751829117
  10  18
    -7.252927689805464     2.764164811415686    -2.061583993351231
     2.764164811407107    -4.061145093899744     1.190256073516510
    -2.162634735947550     1.248597746960091    -3.233441751829117
  10  19
     0.342350383390698     0.000000000000000     0.000000000000000
     0.000000000000000     0.342350383390698    -0.000000000000000
    -0.000000000000000    -0.000000000000000    -0.162436909083597
  10  20
    -2.465253795946881    -0.000000000000000     0.000000000000000
    -0.000000000000000    -8.848818987758328    -2.380512147033021
     0.000000000000000    -2.497195493920182    -3.233441751829117
  10  21
    -0.158539756099277    -0.116144711057199     0.052635665923057
    -0.116144711056839    -0.024427395711834     0.030389215889605
     0.020216490553402     0.011671996263094     0.069356622162065
  10  22
    -0.158539756099277     0.116144711057199    -0.052635665923057
     0.116144711056839    -0.024427395711834     0.030389215889605
    -0.020216490553402     0.011671996263094     0.069356622162065
  10  23
    -0.015826956169659     0.000000000000000    -0.000000000000000
    -0.000000000000000    -0.015826956169659     0.000000000000000
     0.000000000000000     0.000000000000000    -0.045602594599537
  10  24
     0.042628784481887    -0.000000000000000    -0.000000000000000
    -0.000000000000000    -0.225595936292998    -0.060778431779209
    -0.000000000000000    -0.023343992526189     0.069356622162065
  10  25
     0.193452648953265     0.000000000000000    -0.000000000000000
    -0.000000000000000     0.004334605931320    -0.081766964783700
    -0.000000000000000    -0.038433207770380     0.098511725269353
  10  26
    -2.249755155748590    -0.000000000000000     0.000000000000000
    -0.000000000000000    -2.249755155748591    -0.000000000000001
     0.000000000000000     0.000000000000000    -8.341096422893770
  10  27
     0.051614116686806     0.081890514785628    -0.070812268693142
     0.081890514785374     0.146173138197779     0.040883482391850
    -0.033284134278023     0.019216603885190     0.098511725269353
  10  28
     0.051614116686806    -0.081890514785628     0.070812268693142
    -0.081890514785374     0.146173138197779     0.040883482391850
     0.033284134278023     0.019216603885190     0.098511725269353
  10  29
    -0.105904036690113    -0.000000000000000    -0.000000000000000
     0.000000000000000     0.016316700782374    -0.015045787787347
     0.000000000000000     0.143171974271251    -0.231619723661465
  10  30
     0.183328586255896     0.000000000000000    -0.000000000000000
     0.000000000000000     0.183328586255896     0.000000000000000
    -0.000000000000000    -0.000000000000000     0.107260105218393
  10  31
    -0.014238483585748    -0.052923131760303    -0.013030034443813
    -0.052923131760139    -0.075348852321991     0.007522893893674
     0.123990566828683    -0.071585987135626    -0.231619723661465
  10  32
    -0.014238483585748     0.052923131760303     0.013030034443812
     0.052923131760139    -0.075348852321991     0.007522893893674
    -0.123990566828683    -0.071585987135626    -0.231619723661465
  11   1
    -0.043331559421692    -0.000000000000058     0.000000000000000
     0.000000000000272     0.202516970184052    -0.174503302675607
    -0.000000000001123    -0.835492691644136    -0.344173272180428
  11   2
    -0.029849321790071    -0.000000000000040     0.000000000000000
    -0.000000000000040    -0.029849321789932    -0.000000000000000
    -0.000000000000000    -0.000000000000000    -0.042308814367322
  11   3
     0.141054837783180    -0.106455536060701    -0.151124293161595
    -0.106455536061031     0.018130572979753     0.087251651337803
    -0.723557895641745     0.417746345821096    -0.344173272180428
  11   4
     0.141054837783466     0.106455536061080     0.151124293161595
     0.106455536061080     0.018130572980039     0.087251651337803
     0.723557895642867     0.417746345823040    -0.344173272180428
  11   5
    -0.043328439695249    -0.000000000000058     0.000000000000000
     0.000000000000272     0.202465444058755     0.835472730785766
     0.000000000000235     0.174483285128411    -0.344140184510424
  11   6
    -0.029852226174002    -0.000000000000040     0.000000000000000
    -0.000000000000040    -0.029852226173863    -0.000000000000000
    -0.000000000000000    -0.000000000000000    -0.042301223666556
  11   7
     0.141016973120817    -0.106431873712792     0.723540609030753
    -0.106431873713122     0.018120031243260    -0.417736365392883
     0.151106957457319    -0.087241642564002    -0.344140184510424
  11   8
     0.141016973121104     0.106431873713171    -0.723540609030753
     0.106431873713171     0.018120031243546    -0.417736365392883
    -0.151106957457554    -0.087241642564408    -0.344140184510424
  11   9
     0.263263910228284     0.999770572587198     0.481244799881555
     0.999770572587198    -0.891171708192912     0.277846814757292
     0.481256604988142     0.277853630438758     0.523749010426003
  11  10
     0.263263910225597    -0.999770572586490    -0.481244799881555
    -0.999770572589593    -0.891171708195599     0.277846814757292
    -0.481256604987395     0.277853630437464     0.523749010426003
  11  11
    19.395187391164441     0.000000000026064    -0.000000000000001
     0.000000000026064    19.395187391074156     0.000000000000001
    -0.000000000000000     0.000000000000000    19.012675197343011
  11  12
    -1.468389517411076    -0.000000000001973    -0.000000000000000
     0.000000000001129     0.840481719435700    -0.555693629514585
    -0.000000000000747    -0.555707260876222     0.523749010426003
  11  13
    -0.024171515765427    -0.059100366320957     0.051637525978665
    -0.059100366320957     0.044071709043762     0.029812939524022
     0.051631133367062     0.029809248747992    -0.026527358208917
  11  14
    -0.024171515765268     0.059100366320892    -0.051637525978665
     0.059100366321075     0.044071709043921     0.029812939524022
    -0.051631133366982     0.029809248747854    -0.026527358208917
  11  15
    -0.077795859856146    -0.000000000000105     0.000000000000000
    -0.000000000000105    -0.077795859855784    -0.000000000000000
    -0.000000000000000    -0.000000000000000    -0.021335124251888
  11  16
     0.078193321448743     0.000000000000105     0.000000000000000
    -0.000000000000078    -0.058293128169774    -0.059625879048044
    -0.000000000000080    -0.059618497495846    -0.026527358208917
  11  17
    -2.465253795952619    -0.000000000003313     0.000000000000000
    -0.000000000011892    -8.848818987737729    -2.380512147033021
    -0.000000000003356    -2.497195493914370    -3.233441751829117
  11  18
     0.342350383391495     0.000000000000460     0.000000000000000
     0.000000000000460     0.342350383389901    -0.000000000000000
     0.000000000000000     0.000000000000000    -0.162436909083597
  11  19
    -7.252927689818632     2.764164811399505    -2.061583993351231
     2.764164811408084    -4.061145093886577     1.190256073516510
    -2.162634735950906     1.248597746954279    -3.233441751829117
  11  20
    -7.252927689826062    -2.764164811419000     2.061583993351232
    -2.764164811419000    -4.061145093894005     1.190256073516511
     2.162634735954262     1.248597746960091    -3.233441751829117
  11  21
     0.042628784481986     0.000000000000057    -0.000000000000000
    -0.000000000000303    -0.225595936292473    -0.060778431779210
    -0.000000000000031    -0.023343992526134     0.069356622162065
  11  22
    -0.015826956169696    -0.000000000000021    -0.000000000000000
    -0.000000000000021    -0.015826956169623    -0.000000000000000
    -0.000000000000000    -0.000000000000000    -0.045602594599537
  11  23
    -0.158539756099490     0.116144711056716    -0.052635665923057
     0.116144711057076    -0.024427395711622     0.030389215889605
    -0.020216490553434     0.011671996263040     0.069356622162065
  11  24
    -0.158539756099802    -0.116144711057142     0.052635665923057
    -0.116144711057142    -0.024427395711934     0.030389215889605
     0.020216490553465     0.011671996263094     0.069356622162065
  11  25
     0.051614116686816    -0.081890514785368     0.070812268693142
    -0.081890514785368     0.146173138197328     0.040883482391850
     0.033284134278126     0.019216603885190     0.098511725269353
  11  26
     0.051614116687036     0.081890514785507    -0.070812268693142
     0.081890514785761     0.146173138197549     0.040883482391850
    -0.033284134278075     0.019216603885101     0.098511725269353
  11  27
    -2.249755155753827    -0.000000000003024     0.000000000000001
    -0.000000000003024    -2.249755155743354     0.000000000000000
    -0.000000000000000    -0.000000000000000    -8.341096422893770
  11  28
     0.193452648953715     0.000000000000260    -0.000000000000000
     0.000000000000006     0.004334605931310    -0.081766964783700
    -0.000000000000052    -0.038433207770291     0.098511725269353
  11  29
    -0.014238483585710     0.052923131760161     0.013030034443812
     0.052923131760161    -0.075348852321745     0.007522893893674
    -0.123990566829068    -0.071585987135626    -0.231619723661465
  11  30
    -0.014238483585852    -0.052923131760199    -0.013030034443812
    -0.052923131760363    -0.075348852321887     0.007522893893674
     0.123990566828876    -0.071585987135292    -0.231619723661465
  11  31
     0.183328586256323     0.000000000000246    -0.000000000000000
     0.000000000000246     0.183328586255469     0.000000000000000
     0.000000000000000     0.000000000000000     0.107260105218393
  11  32
    -0.105904036690359    -0.000000000000142     0.000000000000000
     0.000000000000022     0.016316700782336    -0.015045787787347
     0.000000000000192     0.143171974270918    -0.231619723661465
  12   1
    -0.029849321790071     0.000000000000040    -0.000000000000000
     0.000000000000040    -0.029849321789932     0.000000000000000
     0.000000000000000    -0.000000000000000    -0.042308814367322
  12   2
    -0.043331559421692     0.000000000000058     0.000000000000000
    -0.000000000000272     0.202516970184052    -0.174503302675606
     0.000000000001123    -0.835492691644136    -0.344173272180428
  12   3
     0.141054837783180     0.106455536060700     0.151124293161595
     0.106455536061031     0.018130572979753     0.087251651337803
     0.723557895641745     0.417746345821096    -0.344173272180428
  12   4
     0.141054837783466    -0.106455536061080    -0.151124293161595
    -0.106455536061080     0.018130572980039     0.087251651337803
    -0.723557895642867     0.417746345823040    -0.344173272180428
  12   5
    -0.029852226174002     0.000000000000040     0.000000000000000
     0.000000000000040    -0.029852226173863     0.000000000000000
     0.000000000000000    -0.000000000000000    -0.042301223666556
  12   6
    -0.043328439695249     0.000000000000058    -0.000000000000000
    -0.000000000000272     0.202465444058755     0.835472730785766
    -0.000000000000235     0.174483285128411    -0.344140184510424
  12   7
     0.141016973120817     0.106431873712792    -0.723540609030753
     0.106431873713122     0.018120031243260    -0.417736365392883
    -0.151106957457319    -0.087241642564002    -0.344140184510424
  12   8
     0.141016973121104    -0.106431873713171     0.723540609030753
    -0.106431873713171     0.018120031243546    -0.417736365392883
     0.151106957457554    -0.087241642564408    -0.344140184510424
  12   9
     0.263263910228284    -0.999770572587198    -0.481244799881555
    -0.999770572587198    -0.891171708192912     0.277846814757292
    -0.481256604988142     0.277853630438758     0.523749010426003
  12  10
     0.263263910225597     0.999770572586490     0.481244799881555
     0.999770572589593    -0.891171708195599     0.277846814757292
     0.481256604987395     0.277853630437464     0.523749010426003
  12  11
    -1.468389517411076     0.000000000001973     0.000000000000000
    -0.000000000001129     0.840481719435700    -0.555693629514585
     0.000000000000747    -0.555707260876222     0.523749010426003
  12  12
    19.395187391164441    -0.000000000026066     0.000000000000000
    -0.000000000026066    19.395187391074153    -0.000000000000002
    -0.000000000000000    -0.000000000000000    19.012675197343011
  12  13
    -0.024171515765427     0.059100366320957    -0.051637525978665
     0.059100366320957     0.044071709043762     0.029812939524022
    -0.051631133367062     0.029809248747992    -0.026527358208917
  12  14
    -0.024171515765268    -0.059100366320892     0.051637525978665
    -0.059100366321075     0.044071709043921     0.029812939524022
     0.051631133366982     0.029809248747854    -0.026527358208917
  12  15
     0.078193321448743    -0.000000000000105     0.000000000000000
     0.000000000000078    -0.058293128169774    -0.059625879048044
     0.000000000000080    -0.059618497495846    -0.026527358208917
  12  16
    -0.077795859856146     0.000000000000105    -0.000000000000000
     0.000000000000105    -0.077795859855784     0.000000000000000
     0.000000000000000    -0.000000000000000    -0.021335124251888
  12  17
     0.342350383391495    -0.000000000000460    -0.000000000000000
    -0.000000000000460     0.342350383389901     0.000000000000000
    -0.000000000000000     0.000000000000000    -0.162436909083597
  12  18
    -2.465253795952620     0.000000000003313     0.000000000000000
     0.000000000011892    -8.848818987737729    -2.380512147033021
     0.000000000003356    -2.497195493914369    -3.233441751829117
  12  19
    -7.252927689818630    -2.764164811399505     2.061583993351231
    -2.764164811408084    -4.061145093886576     1.190256073516511
     2.162634735950907     1.248597746954279    -3.233441751829117
  12  20
    -7.252927689826062     2.764164811419000    -2.061583993351232
     2.764164811419000    -4.061145093894005     1.190256073516511
    -2.162634735954262     1.248597746960091    -3.233441751829117
  12  21
    -0.015826956169696     0.000000000000021     0.000000000000000
     0.000000000000021    -0.015826956169623    -0.000000000000000
     0.000000000000000    -0.000000000000000    -0.045602594599537
  12  22
     0.042628784481986    -0.000000000000057     0.000000000000000
     0.000000000000303    -0.225595936292473    -0.060778431779210
     0.000000000000031    -0.023343992526134     0.069356622162065
  12  23
    -0.158539756099490    -0.116144711056716     0.052635665923057
    -0.116144711057076    -0.024427395711621     0.030389215889605
     0.020216490553434     0.011671996263040     0.069356622162065
  12  24
    -0.158539756099802     0.116144711057142    -0.052635665923057
     0.116144711057142    -0.024427395711934     0.030389215889605
    -0.020216490553465     0.011671996263094     0.069356622162065
  12  25
     0.051614116686816     0.081890514785368    -0.070812268693142
     0.081890514785368     0.146173138197328     0.040883482391850
    -0.033284134278126     0.019216603885190     0.098511725269353
  12  26
     0.051614116687036    -0.081890514785507     0.070812268693142
    -0.081890514785761     0.146173138197549     0.040883482391850
     0.033284134278075     0.019216603885101     0.098511725269353
  12  27
     0.193452648953715    -0.000000000000260     0.000000000000000
    -0.000000000000006     0.004334605931310    -0.081766964783700
     0.000000000000052    -0.038433207770291     0.098511725269353
  12  28
    -2.249755155753827     0.000000000003024    -0.000000000000000
     0.000000000003024    -2.249755155743353     0.000000000000001
     0.000000000000000    -0.000000000000000    -8.341096422893770
  12  29
    -0.014238483585710    -0.052923131760161    -0.013030034443812
    -0.052923131760161    -0.075348852321744     0.007522893893674
     0.123990566829068    -0.071585987135626    -0.231619723661465
  12  30
    -0.014238483585852     0.052923131760199     0.013030034443812
     0.052923131760363    -0.075348852321887     0.007522893893674
    -0.123990566828876    -0.071585987135292    -0.231619723661465
  12  31
    -0.105904036690359     0.000000000000142    -0.000000000000000
    -0.000000000000022     0.016316700782336    -0.015045787787347
    -0.000000000000192     0.143171974270918    -0.231619723661465
  12  32
     0.183328586256323    -0.000000000000246     0.000000000000000
    -0.000000000000246     0.183328586255469    -0.000000000000000
    -0.000000000000000     0.000000000000000     0.107260105218393
  13   1
     0.141016973120632    -0.106431873713229     0.723540609030753
    -0.106431873712899     0.018120031243445    -0.417736365392883
     0.151106957457084    -0.087241642564408    -0.344140184510424
  13   2
     0.141016973120632     0.106431873713229    -0.723540609030753
     0.106431873712899     0.018120031243445    -0.417736365392883
    -0.151106957457084    -0.087241642564408    -0.344140184510424
  13   3
    -0.043328439695149     0.000000000000000    -0.000000000000000
    -0.000000000000000     0.202465444059226     0.835472730785766
    -0.000000000000000     0.174483285128817    -0.344140184510424
  13   4
    -0.029852226173932    -0.000000000000000    -0.000000000000000
    -0.000000000000000    -0.029852226173932    -0.000000000000000
    -0.000000000000000     0.000000000000000    -0.042301223666556
  13   5
     0.141054837782995    -0.106455536061138    -0.151124293161595
    -0.106455536060807     0.018130572979938     0.087251651337803
    -0.723557895640622     0.417746345823040    -0.344173272180428
  13   6
     0.141054837782995     0.106455536061138     0.151124293161595
     0.106455536060807     0.018130572979938     0.087251651337803
     0.723557895640622     0.417746345823040    -0.344173272180428
  13   7
    -0.043331559421591    -0.000000000000000    -0.000000000000000
     0.000000000000000     0.202516970184523    -0.174503302675607
     0.000000000000000    -0.835492691646081    -0.344173272180428
  13   8
    -0.029849321790001     0.000000000000000    -0.000000000000000
     0.000000000000000    -0.029849321790001    -0.000000000000000
    -0.000000000000000     0.000000000000000    -0.042308814367322
  13   9
    -0.077795859855965     0.000000000000000    -0.000000000000000
     0.000000000000000    -0.077795859855965    -0.000000000000000
    -0.000000000000000     0.000000000000000    -0.021335124251888
  13  10
     0.078193321448561    -0.000000000000000    -0.000000000000000
     0.000000000000000    -0.058293128169909    -0.059625879048044
     0.000000000000000    -0.059618497495985    -0.026527358208917
  13  11
    -0.024171515765292    -0.059100366321062     0.051637525978665
    -0.059100366320879     0.044071709043944     0.029812939524022
     0.051631133366902     0.029809248747992    -0.026527358208917
  13  12
    -0.024171515765292     0.059100366321062    -0.051637525978665
     0.059100366320879     0.044071709043944     0.029812939524022
    -0.051631133366902     0.029809248747992    -0.026527358208917
  13  13
    19.395187391119293    -0.000000000000000     0.000000000000001
    -0.000000000000000    19.395187391119300     0.000000000000001
     0.000000000000000    -0.000000000000000    19.012675197343011
  13  14
    -1.468389517407658    -0.000000000000000     0.000000000000000
    -0.000000000000000     0.840481719437656    -0.555693629514585
     0.000000000000000    -0.555707260877516     0.523749010426003
  13  15
     0.263263910226328     0.999770572589171     0.481244799881555
     0.999770572586068    -0.891171708196330     0.277846814757292
     0.481256604986648     0.277853630438758     0.523749010426003
  13  16
     0.263263910226327    -0.999770572589171    -0.481244799881555
    -0.999770572586068    -0.891171708196330     0.277846814757292
    -0.481256604986648     0.277853630438758     0.523749010426003
  13  17
    -0.158539756099277     0.116144711057199    -0.052635665923057
     0.116144711056839    -0.024427395711834     0.030389215889605
    -0.020216490553402     0.011671996263094     0.069356622162065
  13  18
    -0.158539756099277    -0.116144711057199     0.052635665923057
    -0.116144711056839    -0.024427395711834     0.030389215889605
     0.020216490553402     0.011671996263094     0.069356622162065
  13  19
     0.042628784481887     0.000000000000000     0.000000000000000
     0.000000000000000    -0.225595936292998    -0.060778431779209
     0.000000000000000    -0.023343992526189     0.069356622162065
  13  20
    -0.015826956169659    -0.000000000000000     0.000000000000000
     0.000000000000000    -0.015826956169659     0.000000000000000
    -0.000000000000000     0.000000000000000    -0.045602594599537
  13  21
    -7.252927689805463     2.764164811415686    -2.061583993351232
     2.764164811407107    -4.061145093899743     1.190256073516510
    -2.162634735947551     1.248597746960091    -3.233441751829117
  13  22
    -7.252927689805464    -2.764164811415686     2.061583993351231
    -2.764164811407107    -4.061145093899744     1.190256073516510
     2.162634735947550     1.248597746960091    -3.233441751829117
  13  23
    -2.465253795946881     0.000000000000000    -0.000000000000000
     0.000000000000000    -8.848818987758328    -2.380512147033021
    -0.000000000000000    -2.497195493920182    -3.233441751829117
  13  24
     0.342350383390698    -0.000000000000000    -0.000000000000000
    -0.000000000000000     0.342350383390698    -0.000000000000000
     0.000000000000000    -0.000000000000000    -0.162436909083597
  13  25
     0.183328586255896    -0.000000000000000     0.000000000000000
    -0.000000000000000     0.183328586255896     0.000000000000000
     0.000000000000000    -0.000000000000000     0.107260105218393
  13  26
    -0.105904036690113     0.000000000000000     0.000000000000000
    -0.000000000000000     0.016316700782374    -0.015045787787347
    -0.000000000000000     0.143171974271251    -0.231619723661465
  13  27
    -0.014238483585748     0.052923131760303     0.013030034443813
     0.052923131760139    -0.075348852321991     0.007522893893674
    -0.123990566828683    -0.071585987135626    -0.231619723661465
  13  28
    -0.014238483585748    -0.052923131760303    -0.013030034443812
    -0.052923131760139    -0.075348852321991     0.007522893893674
     0.123990566828683    -0.071585987135626    -0.231619723661465
  13  29
    -2.249755155748590     0.000000000000000    -0.000000000000000
     0.000000000000000    -2.249755155748591    -0.000000000000001
    -0.000000000000000     0.000000000000000    -8.341096422893770
  13  30
     0.193452648953265    -0.000000000000000     0.000000000000000
     0.000000000000000     0.004334605931320    -0.081766964783700
     0.000000000000000    -0.038433207770380     0.098511725269353
  13  31
     0.051614116686806    -0.081890514785628     0.070812268693142
    -0.081890514785374     0.146173138197779     0.040883482391850
     0.033284134278023     0.019216603885190     0.098511725269353
  13  32
     0.051614116686806     0.081890514785628    -0.070812268693142
     0.081890514785374     0.146173138197779     0.040883482391850
    -0.033284134278023     0.019216603885190     0.098511725269353
  14   1
     0.141016973120632     0.106431873713229    -0.723540609030753
     0.106431873712899     0.018120031243445    -0.417736365392883
    -0.151106957457084    -0.087241642564408    -0.344140184510424
  14   2
     0.141016973120632    -0.106431873713229     0.723540609030753
    -0.106431873712899     0.018120031243445    -0.417736365392883
     0.151106957457084    -0.087241642564408    -0.344140184510424
  14   3
    -0.029852226173932     0.000000000000000     0.000000000000000
     0.000000000000000    -0.029852226173932    -0.000000000000000
     0.000000000000000     0.000000000000000    -0.042301223666556
  14   4
    -0.043328439695149    -0.000000000000000     0.000000000000000
     0.000000000000000     0.202465444059226     0.835472730785766
     0.000000000000000     0.174483285128817    -0.344140184510424
  14   5
     0.141054837782995     0.106455536061138     0.151124293161595
     0.106455536060807     0.018130572979938     0.087251651337803
     0.723557895640622     0.417746345823040    -0.344173272180428
  14   6
     0.141054837782995    -0.106455536061138    -0.151124293161595
    -0.106455536060807     0.018130572979938     0.087251651337803
    -0.723557895640622     0.417746345823040    -0.344173272180428
  14   7
    -0.029849321790001    -0.000000000000000     0.000000000000000
    -0.000000000000000    -0.029849321790001    -0.000000000000000
     0.000000000000000     0.000000000000000    -0.042308814367322
  14   8
    -0.043331559421591     0.000000000000000     0.000000000000000
    -0.000000000000000     0.202516970184523    -0.174503302675607
    -0.000000000000000    -0.835492691646081    -0.344173272180428
  14   9
     0.078193321448561     0.000000000000000     0.000000000000000
    -0.000000000000000    -0.058293128169909    -0.059625879048044
    -0.000000000000000    -0.059618497495985    -0.026527358208917
  14  10
    -0.077795859855965    -0.000000000000000     0.000000000000000
    -0.000000000000000    -0.077795859855965    -0.000000000000000
     0.000000000000000     0.000000000000000    -0.021335124251888
  14  11
    -0.024171515765292     0.059100366321062    -0.051637525978665
     0.059100366320879     0.044071709043944     0.029812939524022
    -0.051631133366902     0.029809248747992    -0.026527358208917
  14  12
    -0.024171515765292    -0.059100366321062     0.051637525978665
    -0.059100366320879     0.044071709043944     0.029812939524022
     0.051631133366902     0.029809248747992    -0.026527358208917
  14  13
    -1.468389517407658     0.000000000000000    -0.000000000000000
     0.000000000000000     0.840481719437656    -0.555693629514585
    -0.000000000000000    -0.555707260877516     0.523749010426003
  14  14
    19.395187391119293     0.000000000000000    -0.000000000000001
     0.000000000000000    19.395187391119300     0.000000000000001
    -0.000000000000000    -0.000000000000000    19.012675197343011
  14  15
     0.263263910226328    -0.999770572589171    -0.481244799881555
    -0.999770572586068    -0.891171708196330     0.277846814757292
    -0.481256604986648     0.277853630438758     0.523749010426003
  14  16
     0.263263910226327     0.999770572589171     0.481244799881555
     0.999770572586068    -0.891171708196330     0.277846814757292
     0.481256604986648     0.277853630438758     0.523749010426003
  14  17
    -0.158539756099277    -0.116144711057199     0.052635665923057
    -0.116144711056839    -0.024427395711834     0.030389215889605
     0.020216490553402     0.011671996263094     0.069356622162065
  14  18
    -0.158539756099277     0.116144711057199    -0.052635665923057
     0.116144711056839    -0.024427395711834     0.030389215889605
    -0.020216490553402     0.011671996263094     0.069356622162065
  14  19
    -0.015826956169659     0.000000000000000    -0.000000000000000
    -0.000000000000000    -0.015826956169659     0.000000000000000
     0.000000000000000     0.000000000000000    -0.045602594599537
  14  20
     0.042628784481887    -0.000000000000000    -0.000000000000000
    -0.000000000000000    -0.225595936292998    -0.060778431779209
    -0.000000000000000    -0.023343992526189     0.069356622162065
  14  21
    -7.252927689805463    -2.764164811415686     2.061583993351232
    -2.764164811407107    -4.061145093899743     1.190256073516510
     2.162634735947551     1.248597746960091    -3.233441751829117
  14  22
    -7.252927689805464     2.764164811415686    -2.061583993351231
     2.764164811407107    -4.061145093899744     1.190256073516510
    -2.162634735947550     1.248597746960091    -3.233441751829117
  14  23
     0.342350383390698     0.000000000000000     0.000000000000000
     0.000000000000000     0.342350383390698    -0.000000000000000
    -0.000000000000000    -0.000000000000000    -0.162436909083597
  14  24
    -2.465253795946881    -0.000000000000000     0.000000000000000
    -0.000000000000000    -8.848818987758328    -2.380512147033021
     0.000000000000000    -2.497195493920182    -3.233441751829117
  14  25
    -0.105904036690113    -0.000000000000000    -0.000000000000000
     0.000000000000000     0.016316700782374    -0.015045787787347
     0.000000000000000     0.143171974271251    -0.231619723661465
  14  26
     0.183328586255896     0.000000000000000    -0.000000000000000
     0.000000000000000     0.183328586255896     0.000000000000000
    -0.000000000000000    -0.000000000000000     0.107260105218393
  14  27
    -0.014238483585748    -0.052923131760303    -0.013030034443813
    -0.052923131760139    -0.075348852321991     0.007522893893674
     0.123990566828683    -0.071585987135626    -0.231619723661465
  14  28
    -0.014238483585748     0.052923131760303     0.013030034443812
     0.052923131760139    -0.075348852321991     0.007522893893674
    -0.123990566828683    -0.071585987135626    -0.231619723661465
  14  29
     0.193452648953265     0.000000000000000    -0.000000000000000
    -0.000000000000000     0.004334605931320    -0.081766964783700
    -0.000000000000000    -0.038433207770380     0.098511725269353
  14  30
    -2.249755155748590    -0.000000000000000     0.000000000000000
    -0.000000000000000    -2.249755155748591    -0.000000000000001
     0.000000000000000     0.000000000000000    -8.341096422893770
  14  31
     0.051614116686806     0.081890514785628    -0.070812268693142
     0.081890514785374     0.146173138197779     0.040883482391850
    -0.033284134278023     0.019216603885190     0.098511725269353
  14  32
     0.051614116686806    -0.081890514785628     0.070812268693142
    -0.081890514785374     0.146173138197779     0.040883482391850
     0.033284134278023     0.019216603885190     0.098511725269353
  15   1
    -0.043328439695249    -0.000000000000058     0.000000000000000
     0.000000000000272     0.202465444058755     0.835472730785766
     0.000000000000235     0.174483285128411    -0.344140184510424
  15   2
    -0.029852226174002    -0.000000000000040     0.000000000000000
    -0.000000000000040    -0.029852226173863    -0.000000000000000
    -0.000000000000000    -0.000000000000000    -0.042301223666556
  15   3
     0.141016973120817    -0.106431873712792     0.723540609030753
    -0.106431873713122     0.018120031243260    -0.417736365392883
     0.151106957457319    -0.087241642564002    -0.344140184510424
  15   4
     0.141016973121104     0.106431873713171    -0.723540609030753
     0.106431873713171     0.018120031243546    -0.417736365392883
    -0.151106957457554    -0.087241642564408    -0.344140184510424
  15   5
    -0.043331559421692    -0.000000000000058     0.000000000000000
     0.000000000000272     0.202516970184052    -0.174503302675607
    -0.000000000001123    -0.835492691644136    -0.344173272180428
  15   6
    -0.029849321790071    -0.000000000000040     0.000000000000000
    -0.000000000000040    -0.029849321789932    -0.000000000000000
    -0.000000000000000    -0.000000000000000    -0.042308814367322
  15   7
     0.141054837783180    -0.106455536060701    -0.151124293161595
    -0.106455536061031     0.018130572979753     0.087251651337803
    -0.723557895641745     0.417746345821096    -0.344173272180428
  15   8
     0.141054837783466     0.106455536061080     0.151124293161595
     0.106455536061080     0.018130572980039     0.087251651337803
     0.723557895642867     0.417746345823040    -0.344173272180428
  15   9
    -0.024171515765427    -0.059100366320957     0.051637525978665
    -0.059100366320957     0.044071709043762     0.029812939524022
     0.051631133367062     0.029809248747992    -0.026527358208917
  15  10
    -0.024171515765268     0.059100366320892    -0.051637525978665
     0.059100366321075     0.044071709043921     0.029812939524022
    -0.051631133366982     0.029809248747854    -0.026527358208917
  15  11
    -0.077795859856146    -0.000000000000105     0.000000000000000
    -0.000000000000105    -0.077795859855784    -0.000000000000000
    -0.000000000000000    -0.000000000000000    -0.021335124251888
  15  12
     0.078193321448743     0.000000000000105     0.000000000000000
    -0.000000000000078    -0.058293128169774    -0.059625879048044
    -0.000000000000080    -0.059618497495846    -0.026527358208917
  15  13
     0.263263910228284     0.999770572587198     0.481244799881555
     0.999770572587198    -0.891171708192912     0.277846814757292
     0.481256604988142     0.277853630438758     0.523749010426003
  15  14
     0.263263910225597    -0.999770572586490    -0.481244799881555
    -0.999770572589593    -0.891171708195599     0.277846814757292
    -0.481256604987395     0.277853630437464     0.523749010426003
  15  15
    19.395187391164441     0.000000000026064    -0.000000000000001
     0.000000000026064    19.395187391074156     0.000000000000001
    -0.000000000000000     0.000000000000000    19.012675197343011
  15  16
    -1.468389517411076    -0.000000000001973    -0.000000000000000
     0.000000000001129     0.840481719435700    -0.555693629514585
    -0.000000000000747    -0.555707260876222     0.523749010426003
  15  17
     0.042628784481986     0.000000000000057    -0.000000000000000
    -0.000000000000303    -0.225595936292473    -0.060778431779210
    -0.000000000000031    -0.023343992526134     0.069356622162065
  15  18
    -0.015826956169696    -0.000000000000021    -0.000000000000000
    -0.000000000000021    -0.015826956169623    -0.000000000000000
    -0.000000000000000    -0.000000000000000    -0.045602594599537
  15  19
    -0.158539756099490     0.116144711056716    -0.052635665923057
     0.116144711057076    -0.024427395711622     0.030389215889605
    -0.020216490553434     0.011671996263040     0.069356622162065
  15  20
    -0.158539756099802    -0.116144711057142     0.052635665923057
    -0.116144711057142    -0.024427395711934     0.030389215889605
     0.020216490553465     0.011671996263094     0.069356622162065
  15  21
    -2.465253795952619    -0.000000000003313     0.000000000000000
    -0.000000000011892    -8.848818987737729    -2.380512147033021
    -0.000000000003356    -2.497195493914370    -3.233441751829117
  15  22
     0.342350383391495     0.000000000000460     0.000000000000000
     0.000000000000460     0.342350383389901    -0.000000000000000
     0.000000000000000     0.000000000000000    -0.162436909083597
  15  23
    -7.252927689818632     2.764164811399505    -2.061583993351231
     2.764164811408084    -4.061145093886577     1.190256073516510
    -2.162634735950906     1.248597746954279    -3.233441751829117
  15  24
    -7.252927689826062    -2.764164811419000     2.061583993351232
    -2.764164811419000    -4.061145093894005     1.190256073516511
     2.162634735954262     1.248597746960091    -3.233441751829117
  15  25
    -0.014238483585710     0.052923131760161     0.013030034443812
     0.052923131760161    -0.075348852321745     0.007522893893674
    -0.123990566829068    -0.071585987135626    -0.231619723661465
  15  26
    -0.014238483585852    -0.052923131760199    -0.013030034443812
    -0.052923131760363    -0.075348852321887     0.007522893893674
     0.123990566828876    -0.071585987135292    -0.231619723661465
  15  27
     0.183328586256323     0.000000000000246    -0.000000000000000
     0.000000000000246     0.183328586255469     0.000000000000000
     0.000000000000000     0.000000000000000     0.107260105218393
  15  28
    -0.105904036690359    -0.000000000000142     0.000000000000000
     0.000000000000022     0.016316700782336    -0.015045787787347
     0.000000000000192     0.143171974270918    -0.231619723661465
  15  29
     0.051614116686816    -0.081890514785368     0.070812268693142
    -0.081890514785368     0.146173138197328     0.040883482391850
     0.033284134278126     0.019216603885190     0.098511725269353
  15  30
     0.051614116687036     0.081890514785507    -0.070812268693142
     0.081890514785761     0.146173138197549     0.040883482391850
    -0.033284134278075     0.019216603885101     0.098511725269353
  15  31
    -2.249755155753827    -0.000000000003024     0.000000000000001
    -0.000000000003024    -2.249755155743354     0.000000000000000
    -0.000000000000000    -0.000000000000000    -8.341096422893770
  15  32
     0.193452648953715     0.000000000000260    -0.000000000000000
     0.000000000000006     0.004334605931310    -0.081766964783700
    -0.000000000000052    -0.038433207770291     0.098511725269353
  16   1
    -0.029852226174002     0.000000000000040     0.000000000000000
     0.000000000000040    -0.029852226173863     0.000000000000000
     0.000000000000000    -0.000000000000000    -0.042301223666556
  16   2
    -0.043328439695249     0.000000000000058    -0.000000000000000
    -0.000000000000272     0.202465444058755     0.835472730785766
    -0.000000000000235     0.174483285128411    -0.344140184510424
  16   3
     0.141016973120817     0.106431873712792    -0.723540609030753
     0.106431873713122     0.018120031243260    -0.417736365392883
    -0.151106957457319    -0.087241642564002    -0.344140184510424
  16   4
     0.141016973121104    -0.106431873713171     0.723540609030753
    -0.106431873713171     0.018120031243546    -0.417736365392883
     0.151106957457554    -0.087241642564408    -0.344140184510424
  16   5
    -0.029849321790071     0.000000000000040    -0.000000000000000
     0.000000000000040    -0.029849321789932     0.000000000000000
     0.000000000000000    -0.000000000000000    -0.042308814367322
  16   6
    -0.043331559421692     0.000000000000058     0.000000000000000
    -0.000000000000272     0.202516970184052    -0.174503302675606
     0.000000000001123    -0.835492691644136    -0.344173272180428
  16   7
     0.141054837783180     0.106455536060700     0.151124293161595
     0.106455536061031     0.018130572979753     0.087251651337803
     0.723557895641745     0.417746345821096    -0.344173272180428
  16   8
     0.141054837783466    -0.106455536061080    -0.151124293161595
    -0.106455536061080     0.018130572980039     0.087251651337803
    -0.723557895642867     0.417746345823040    -0.344173272180428
  16   9
    -0.024171515765427     0.059100366320957    -0.051637525978665
     0.059100366320957     0.044071709043762     0.029812939524022
    -0.051631133367062     0.029809248747992    -0.026527358208917
  16  10
    -0.024171515765268    -0.059100366320892     0.051637525978665
    -0.059100366321075     0.044071709043921     0.029812939524022
     0.051631133366982     0.029809248747854    -0.026527358208917
  16  11
     0.078193321448743    -0.000000000000105     0.000000000000000
     0.000000000000078    -0.058293128169774    -0.059625879048044
     0.000000000000080    -0.059618497495846    -0.026527358208917
  16  12
    -0.077795859856146     0.000000000000105    -0.000000000000000
     0.000000000000105    -0.077795859855784     0.000000000000000
     0.000000000000000    -0.000000000000000    -0.021335124251888
  16  13
     0.263263910228284    -0.999770572587198    -0.481244799881555
    -0.999770572587198    -0.891171708192912     0.277846814757292
    -0.481256604988142     0.277853630438758     0.523749010426003
  16  14
     0.263263910225597     0.999770572586490     0.481244799881555
     0.999770572589593    -0.891171708195599     0.277846814757292
     0.481256604987395     0.277853630437464     0.523749010426003
  16  15
    -1.468389517411076     0.000000000001973     0.000000000000000
    -0.000000000001129     0.840481719435700    -0.555693629514585
     0.000000000000747    -0.555707260876222     0.523749010426003
  16  16
    19.395187391164441    -0.000000000026066     0.000000000000000
    -0.000000000026066    19.395187391074153    -0.000000000000002
    -0.000000000000000    -0.000000000000000    19.012675197343011
  16  17
    -0.015826956169696     0.000000000000021     0.000000000000000
     0.000000000000021    -0.015826956169623    -0.000000000000000
     0.000000000000000    -0.000000000000000    -0.045602594599537
  16  18
     0.042628784481986    -0.000000000000057     0.000000000000000
     0.000000000000303    -0.225595936292473    -0.060778431779210
     0.000000000000031    -0.023343992526134     0.069356622162065
  16  19
    -0.158539756099490    -0.116144711056716     0.052635665923057
    -0.116144711057076    -0.024427395711621     0.030389215889605
     0.020216490553434     0.011671996263040     0.069356622162065
  16  20
    -0.158539756099802     0.116144711057142    -0.052635665923057
     0.116144711057142    -0.024427395711934     0.030389215889605
    -0.020216490553465     0.011671996263094     0.069356622162065
  16  21
     0.342350383391495    -0.000000000000460    -0.000000000000000
    -0.000000000000460     0.342350383389901     0.000000000000000
    -0.000000000000000     0.000000000000000    -0.162436909083597
  16  22
    -2.465253795952620     0.000000000003313     0.000000000000000
     0.000000000011892    -8.848818987737729    -2.380512147033021
     0.000000000003356    -2.497195493914369    -3.233441751829117
  16  23
    -7.252927689818630    -2.764164811399505     2.061583993351231
    -2.764164811408084    -4.061145093886576     1.190256073516511
     2.162634735950907     1.248597746954279    -3.233441751829117
  16  24
    -7.252927689826062     2.764164811419000    -2.061583993351232
     2.764164811419000    -4.061145093894005     1.190256073516511
    -2.162634735954262     1.248597746960091    -3.233441751829117
  16  25
    -0.014238483585710    -0.052923131760161    -0.013030034443812
    -0.052923131760161    -0.075348852321744     0.007522893893674
     0.123990566829068    -0.071585987135626    -0.231619723661465
  16  26
    -0.014238483585852     0.052923131760199     0.013030034443812
     0.052923131760363    -0.075348852321887     0.007522893893674
    -0.123990566828876    -0.071585987135292    -0.231619723661465
  16  27
    -0.105904036690359     0.000000000000142    -0.000000000000000
    -0.000000000000022     0.016316700782336    -0.015045787787347
    -0.000000000000192     0.143171974270918    -0.231619723661465
  16  28
     0.183328586256323    -0.000000000000246     0.000000000000000
    -0.000000000000246     0.183328586255469    -0.000000000000000
    -0.000000000000000     0.000000000000000     0.107260105218393
  16  29
     0.051614116686816     0.081890514785368    -0.070812268693142
     0.081890514785368     0.146173138197328     0.040883482391850
    -0.033284134278126     0.019216603885190     0.098511725269353
  16  30
     0.051614116687036    -0.081890514785507     0.070812268693142
    -0.081890514785761     0.146173138197549     0.040883482391850
     0.033284134278075     0.019216603885101     0.098511725269353
  16  31
     0.193452648953715    -0.000000000000260     0.000000000000000
    -0.000000000000006     0.004334605931310    -0.081766964783700
     0.000000000000052    -0.038433207770291     0.098511725269353
  16  32
    -2.249755155753827     0.000000000003024    -0.000000000000000
     0.000000000003024    -2.249755155743353     0.000000000000001
     0.000000000000000    -0.000000000000000    -8.341096422893770
  17   1
    -2.239523979286579    -0.000000000000000     0.000000000000000
    -0.000000000000000    -2.239523979286580     0.000000000000000
     0.000000000000000    -0.000000000000000    -8.334963136675160
  17   2
     0.203408514229725    -0.000000000000000     0.000000000000000
     0.000000000000000     0.014301523586311     0.038464630818563
    -0.000000000000000     0.081744077789614     0.104878960778228
  17   3
     0.061578271247165    -0.081885728965338    -0.033311347436117
    -0.081885728965084     0.156131766568871    -0.019232315409281
    -0.070792447974627    -0.040872038894807     0.104878960778228
  17   4
     0.061578271247165     0.081885728965338     0.033311347436117
     0.081885728965084     0.156131766568871    -0.019232315409281
     0.070792447974627    -0.040872038894807     0.104878960778228
  17   5
     0.193272228708708     0.000000000000000     0.000000000000000
     0.000000000000000     0.193272228708708    -0.000000000000000
    -0.000000000000000     0.000000000000000     0.113653226963211
  17   6
    -0.095958322900293    -0.000000000000000     0.000000000000000
    -0.000000000000000     0.026235036826728    -0.143187069955431
     0.000000000000000     0.015036580529031    -0.225333650260777
  17   7
    -0.004313303105027     0.052911276848767     0.124003640075055
     0.052911276848603    -0.065409982968538     0.071593534977715
    -0.013022060724171    -0.007518290264515    -0.225333650260777
  17   8
    -0.004313303105027    -0.052911276848767    -0.124003640075055
    -0.052911276848603    -0.065409982968538     0.071593534977715
     0.013022060724171    -0.007518290264515    -0.225333650260777
  17   9
    -7.243689680113865     2.764706203390696    -2.162200081819451
     2.764706203382115    -4.051281938603126     1.248346799278354
    -2.062818345515043     1.190968727074257    -3.227187598298315
  17  10
    -7.243689680113865    -2.764706203390696     2.162200081819451
    -2.764706203382116    -4.051281938603126     1.248346799278354
     2.062818345515043     1.190968727074257    -3.227187598298315
  17  11
    -2.455078067847756     0.000000000000000     0.000000000000000
     0.000000000000000    -8.839893550869236    -2.496693598556708
     0.000000000000000    -2.381937454148513    -3.227187598298315
  17  12
     0.352290153331602    -0.000000000000000     0.000000000000000
     0.000000000000000     0.352290153331602     0.000000000000000
    -0.000000000000000    -0.000000000000000    -0.156080573042488
  17  13
    -0.148577493007960     0.116146555051078    -0.020196601794308
     0.116146555050718    -0.014463003359792     0.011660513482641
    -0.052624530323339     0.030382786748205     0.075759086307826
  17  14
    -0.148577493007960    -0.116146555051078     0.020196601794308
    -0.116146555050718    -0.014463003359792     0.011660513482641
     0.052624530323339     0.030382786748205     0.075759086307826
  17  15
     0.052594241464292     0.000000000000000     0.000000000000000
     0.000000000000000    -0.215634737832043    -0.023321026965283
     0.000000000000000    -0.060765573496409     0.075759086307826
  17  16
    -0.005916230068069     0.000000000000000     0.000000000000000
     0.000000000000000    -0.005916230068069     0.000000000000000
    -0.000000000000000     0.000000000000000    -0.039255017059312
  17  17
    22.052080054486233     0.000000000000001    -0.000000000000002
    -0.000000000000000    22.052080054486240    -0.000000000000001
    -0.000000000000000     0.000000000000000    21.971356353559418
  17  18
    -3.065354810311919     0.000000000000000    -0.000000000000000
    -0.000000000000000     0.999093467993984    -0.668410715457397
     0.000000000000000    -0.668389758768418     0.666668865407750
  17  19
    -0.017018601582492     1.759957730693149     0.578860659748736
     1.759957730687687    -2.049242740735444     0.334205357728699
     0.578842510721905     0.334194879384209     0.666668865407750
  17  20
    -0.017018601582492    -1.759957730693149    -0.578860659748736
    -1.759957730687687    -2.049242740735444     0.334205357728698
    -0.578842510721905     0.334194879384209     0.666668865407750
  17  21
    -0.069914329994380    -0.000000000000000    -0.000000000000000
     0.000000000000000    -0.069914329994380    -0.000000000000000
     0.000000000000000    -0.000000000000000    -0.114465431945131
  17  22
     0.115211679909492     0.000000000000000    -0.000000000000000
     0.000000000000000    -0.054887625656282    -0.013756292563875
    -0.000000000000000    -0.013753857452300    -0.012406124551298
  17  23
    -0.012362799264838    -0.073655159893140     0.011913298822226
    -0.073655159892911     0.072686853518048     0.006878146281938
     0.011911189953703     0.006876928726150    -0.012406124551298
  17  24
    -0.012362799264838     0.073655159893140    -0.011913298822226
     0.073655159892911     0.072686853518048     0.006878146281938
    -0.011911189953703     0.006876928726150    -0.012406124551298
  17  25
    -0.027408016967912    -0.065630682794207    -0.560564977237467
    -0.065630682794004    -0.103191801724463     0.323642340505826
    -1.062671086692545     0.613533437962925    -0.883727873300603
  17  26
    -0.027408016967912     0.065630682794207     0.560564977237467
     0.065630682794004    -0.103191801724463     0.323642340505826
     1.062671086692545     0.613533437962925    -0.883727873300603
  17  27
    -0.141083694102739     0.000000000000000     0.000000000000000
    -0.000000000000000     0.010483875410364    -0.647284681011652
     0.000000000000000    -1.227066875925850    -0.883727873300603
  17  28
     0.041726315813085    -0.000000000000000     0.000000000000000
     0.000000000000000     0.041726315813085     0.000000000000000
    -0.000000000000000     0.000000000000000    -0.142395123462156
  17  29
    -0.027386082046132    -0.065676500478464     1.062617751730870
    -0.065676500478260    -0.103222772507362    -0.613502645006541
     0.560559589164396    -0.323639229701392    -0.883790934506963
  17  30
    -0.027386082046132     0.065676500478464    -1.062617751730870
     0.065676500478260    -0.103222772507362    -0.613502645006541
    -0.560559589164396    -0.323639229701392    -0.883790934506963
  17  31
    -0.141141117737977    -0.000000000000000     0.000000000000000
     0.000000000000000     0.010532263184483     1.227005290013082
    -0.000000000000000     0.647278459402784    -0.883790934506963
  17  32
     0.041745678372627     0.000000000000000     0.000000000000000
    -0.000000000000000     0.041745678372627    -0.000000000000000
    -0.000000000000000     0.000000000000000    -0.142432493065925
  18   1
     0.203408514229725     0.000000000000000    -0.000000000000000
    -0.000000000000000     0.014301523586311     0.038464630818563
     0.000000000000000     0.081744077789614     0.104878960778228
  18   2
    -2.239523979286579     0.000000000000000    -0.000000000000000
    -0.000000000000000    -2.239523979286580     0.000000000000000
    -0.000000000000000    -0.000000000000000    -8.334963136675160
  18   3
     0.061578271247165     0.081885728965338     0.033311347436117
     0.081885728965084     0.156131766568871    -0.019232315409281
     0.070792447974627    -0.040872038894807     0.104878960778228
  18   4
     0.061578271247165    -0.081885728965338    -0.033311347436117
    -0.081885728965084     0.156131766568871    -0.019232315409281
    -0.070792447974627    -0.040872038894807     0.104878960778228
  18   5
    -0.095958322900293     0.000000000000000    -0.000000000000000
     0.000000000000000     0.026235036826728    -0.143187069955431
    -0.000000000000000     0.015036580529031    -0.225333650260777
  18   6
     0.193272228708708     0.000000000000000    -0.000000000000000
     0.000000000000000     0.193272228708708    -0.000000000000000
     0.000000000000000     0.000000000000000     0.113653226963211
  18   7
    -0.004313303105027    -0.052911276848767    -0.124003640075055
    -0.052911276848603    -0.065409982968538     0.071593534977715
     0.013022060724171    -0.007518290264515    -0.225333650260777
  18   8
    -0.004313303105027     0.052911276848767     0.124003640075055
     0.052911276848603    -0.065409982968538     0.071593534977715
    -0.013022060724171    -0.007518290264515    -0.225333650260777
  18   9
    -7.243689680113864    -2.764706203390695     2.162200081819450
    -2.764706203382115    -4.051281938603126     1.248346799278354
     2.062818345515042     1.190968727074257    -3.227187598298315
  18  10
    -7.243689680113864     2.764706203390695    -2.162200081819451
     2.764706203382116    -4.051281938603126     1.248346799278354
    -2.062818345515043     1.190968727074257    -3.227187598298315
  18  11
     0.352290153331602     0.000000000000000    -0.000000000000000
    -0.000000000000000     0.352290153331602     0.000000000000000
     0.000000000000000    -0.000000000000000    -0.156080573042488
  18  12
    -2.455078067847756    -0.000000000000000    -0.000000000000000
    -0.000000000000000    -8.839893550869236    -2.496693598556708
    -0.000000000000000    -2.381937454148513    -3.227187598298315
  18  13
    -0.148577493007960    -0.116146555051078     0.020196601794308
    -0.116146555050718    -0.014463003359792     0.011660513482641
     0.052624530323339     0.030382786748205     0.075759086307826
  18  14
    -0.148577493007960     0.116146555051078    -0.020196601794308
     0.116146555050718    -0.014463003359792     0.011660513482641
    -0.052624530323339     0.030382786748205     0.075759086307826
  18  15
    -0.005916230068069    -0.000000000000000    -0.000000000000000
    -0.000000000000000    -0.005916230068069     0.000000000000000
     0.000000000000000     0.000000000000000    -0.039255017059312
  18  16
     0.052594241464292    -0.000000000000000    -0.000000000000000
    -0.000000000000000    -0.215634737832043    -0.023321026965283
    -0.000000000000000    -0.060765573496409     0.075759086307826
  18  17
    -3.065354810311918    -0.000000000000000     0.000000000000000
     0.000000000000000     0.999093467993984    -0.668410715457397
    -0.000000000000000    -0.668389758768418     0.666668865407750
  18  18
    22.052080054486229    -0.000000000000001     0.000000000000002
     0.000000000000001    22.052080054486240    -0.000000000000001
     0.000000000000000     0.000000000000000    21.971356353559418
  18  19
    -0.017018601582492    -1.759957730693149    -0.578860659748736
    -1.759957730687687    -2.049242740735444     0.334205357728699
    -0.578842510721905     0.334194879384209     0.666668865407750
  18  20
    -0.017018601582492     1.759957730693149     0.578860659748736
     1.759957730687687    -2.049242740735444     0.334205357728698
     0.578842510721905     0.334194879384209     0.666668865407750
  18  21
     0.115211679909492     0.000000000000000     0.000000000000000
    -0.000000000000000    -0.054887625656282    -0.013756292563875
     0.000000000000000    -0.013753857452300    -0.012406124551298
  18  22
    -0.069914329994380     0.000000000000000     0.000000000000000
    -0.000000000000000    -0.069914329994380    -0.000000000000000
    -0.000000000000000    -0.000000000000000    -0.114465431945131
  18  23
    -0.012362799264838     0.073655159893140    -0.011913298822226
     0.073655159892911     0.072686853518048     0.006878146281938
    -0.011911189953703     0.006876928726150    -0.012406124551298
  18  24
    -0.012362799264838    -0.073655159893140     0.011913298822226
    -0.073655159892911     0.072686853518048     0.006878146281938
     0.011911189953703     0.006876928726150    -0.012406124551298
  18  25
    -0.027408016967912     0.065630682794207     0.560564977237467
     0.065630682794004    -0.103191801724463     0.323642340505826
     1.062671086692545     0.613533437962925    -0.883727873300603
  18  26
    -0.027408016967912    -0.065630682794207    -0.560564977237467
    -0.065630682794004    -0.103191801724463     0.323642340505826
    -1.062671086692544     0.613533437962925    -0.883727873300603
  18  27
     0.041726315813085     0.000000000000000    -0.000000000000000
    -0.000000000000000     0.041726315813085     0.000000000000000
     0.000000000000000     0.000000000000000    -0.142395123462156
  18  28
    -0.141083694102739    -0.000000000000000    -0.000000000000000
     0.000000000000000     0.010483875410364    -0.647284681011652
    -0.000000000000000    -1.227066875925850    -0.883727873300603
  18  29
    -0.027386082046132     0.065676500478464    -1.062617751730870
     0.065676500478260    -0.103222772507362    -0.613502645006541
    -0.560559589164395    -0.323639229701392    -0.883790934506963
  18  30
    -0.027386082046132    -0.065676500478464     1.062617751730870
    -0.065676500478260    -0.103222772507362    -0.613502645006541
     0.560559589164395    -0.323639229701392    -0.883790934506963
  18  31
     0.041745678372627    -0.000000000000000    -0.000000000000000
     0.000000000000000     0.041745678372627    -0.000000000000000
     0.000000000000000     0.000000000000000    -0.142432493065925
  18  32
    -0.141141117737977     0.000000000000000    -0.000000000000000
    -0.000000000000000     0.010532263184483     1.227005290013082
     0.000000000000000     0.647278459402784    -0.883790934506963
  19   1
     0.061578271247198    -0.081885728965065    -0.033311347436117
    -0.081885728965065     0.156131766568398    -0.019232315409281
    -0.070792447974847    -0.040872038894807     0.104878960778228
  19   2
     0.061578271247418     0.081885728965230     0.033311347436117
     0.081885728965484     0.156131766568618    -0.019232315409281
     0.070792447974737    -0.040872038894617     0.104878960778228
  19   3
    -2.239523979291792    -0.000000000003010    -0.000000000000000
    -0.000000000003010    -2.239523979281367     0.000000000000000
     0.000000000000000     0.000000000000000    -8.334963136675160
  19   4
     0.203408514230198     0.000000000000273     0.000000000000000
     0.000000000000019     0.014301523586278     0.038464630818563
     0.000000000000110     0.081744077789424     0.104878960778228
  19   5
    -0.004313303104966     0.052911276848639     0.124003640075055
     0.052911276848639    -0.065409982968315     0.071593534977715
    -0.013022060724211    -0.007518290264515    -0.225333650260777
  19   6
    -0.004313303105108    -0.052911276848650    -0.124003640075055
    -0.052911276848814    -0.065409982968457     0.071593534977715
     0.013022060724191    -0.007518290264480    -0.225333650260777
  19   7
     0.193272228709158     0.000000000000260     0.000000000000000
     0.000000000000260     0.193272228708258     0.000000000000000
    -0.000000000000000    -0.000000000000000     0.113653226963211
  19   8
    -0.095958322900517    -0.000000000000129    -0.000000000000000
     0.000000000000035     0.026235036826667    -0.143187069955431
     0.000000000000020     0.015036580528996    -0.225333650260777
  19   9
    -2.455078067853471    -0.000000000003299    -0.000000000000000
    -0.000000000011880    -8.839893550848661    -2.496693598556708
    -0.000000000003201    -2.381937454142969    -3.227187598298315
  19  10
     0.352290153332422     0.000000000000473    -0.000000000000000
     0.000000000000473     0.352290153330782     0.000000000000000
     0.000000000000000    -0.000000000000000    -0.156080573042488
  19  11
    -7.243689680127010     2.764706203374527    -2.162200081819451
     2.764706203383107    -4.051281938589981     1.248346799278354
    -2.062818345518244     1.190968727068713    -3.227187598298315
  19  12
    -7.243689680134440    -2.764706203393996     2.162200081819451
    -2.764706203393995    -4.051281938597413     1.248346799278354
     2.062818345521445     1.190968727074257    -3.227187598298315
  19  13
     0.052594241464414     0.000000000000071    -0.000000000000000
    -0.000000000000290    -0.215634737831541    -0.023321026965283
    -0.000000000000082    -0.060765573496268     0.075759086307826
  19  14
    -0.005916230068083    -0.000000000000008    -0.000000000000000
    -0.000000000000008    -0.005916230068055     0.000000000000000
    -0.000000000000000    -0.000000000000000    -0.039255017059312
  19  15
    -0.148577493008149     0.116146555050608    -0.020196601794308
     0.116146555050969    -0.014463003359602     0.011660513482641
    -0.052624530323421     0.030382786748063     0.075759086307826
  19  16
    -0.148577493008461    -0.116146555051008     0.020196601794308
    -0.116146555051008    -0.014463003359915     0.011660513482641
     0.052624530323502     0.030382786748205     0.075759086307826
  19  17
    -0.017018601580166     1.759957730689030     0.578860659748736
     1.759957730689029    -2.049242740728309     0.334205357728699
     0.578842510723701     0.334194879384209     0.666668865407750
  19  18
    -0.017018601584897    -1.759957730689076    -0.578860659748736
    -1.759957730694538    -2.049242740733039     0.334205357728699
    -0.578842510722803     0.334194879382654     0.666668865407750
  19  19
    22.052080054537562     0.000000000029637     0.000000000000002
     0.000000000029637    22.052080054434910    -0.000000000000001
    -0.000000000000000    -0.000000000000000    21.971356353559418
  19  20
    -3.065354810319054    -0.000000000004119     0.000000000000000
     0.000000000001342     0.999093467991659    -0.668410715457397
    -0.000000000000898    -0.668389758766863     0.666668865407750
  19  21
    -0.012362799264966    -0.073655159892985     0.011913298822226
    -0.073655159892985     0.072686853517780     0.006878146281938
     0.011911189953740     0.006876928726150    -0.012406124551298
  19  22
    -0.012362799264768     0.073655159892952    -0.011913298822226
     0.073655159893181     0.072686853517978     0.006878146281938
    -0.011911189953722     0.006876928726118    -0.012406124551298
  19  23
    -0.069914329994543    -0.000000000000094     0.000000000000000
    -0.000000000000094    -0.069914329994217    -0.000000000000000
    -0.000000000000000     0.000000000000000    -0.114465431945131
  19  24
     0.115211679909760     0.000000000000155     0.000000000000000
    -0.000000000000074    -0.054887625656154    -0.013756292563875
    -0.000000000000018    -0.013753857452268    -0.012406124551298
  19  25
    -0.141083694103067    -0.000000000000190    -0.000000000000000
     0.000000000000014     0.010483875410340    -0.647284681011652
    -0.000000000001649    -1.227066875922994    -0.883727873300603
  19  26
     0.041726315813183     0.000000000000056    -0.000000000000000
     0.000000000000056     0.041726315812988     0.000000000000000
    -0.000000000000000    -0.000000000000000    -0.142395123462156
  19  27
    -0.027408016968064    -0.065630682794091    -0.560564977237467
    -0.065630682794295    -0.103191801724311     0.323642340505826
    -1.062671086694194     0.613533437960069    -0.883727873300603
  19  28
    -0.027408016967887     0.065630682794018     0.560564977237467
     0.065630682794018    -0.103191801724135     0.323642340505826
     1.062671086695843     0.613533437962925    -0.883727873300603
  19  29
    -0.141141117738306    -0.000000000000190     0.000000000000000
     0.000000000000014     0.010532263184458     1.227005290013082
     0.000000000000870     0.647278459401277    -0.883790934506963
  19  30
     0.041745678372725     0.000000000000056     0.000000000000000
     0.000000000000056     0.041745678372530     0.000000000000000
    -0.000000000000000    -0.000000000000000    -0.142432493065925
  19  31
    -0.027386082046284    -0.065676500478348     1.062617751730870
    -0.065676500478552    -0.103222772507210    -0.613502645006541
     0.560559589165265    -0.323639229699885    -0.883790934506963
  19  32
    -0.027386082046108     0.065676500478275    -1.062617751730870
     0.065676500478275    -0.103222772507034    -0.613502645006541
    -0.560559589166135    -0.323639229701392    -0.883790934506963
  20   1
     0.061578271247198     0.081885728965065     0.033311347436117
     0.081885728965065     0.156131766568398    -0.019232315409281
     0.070792447974847    -0.040872038894807     0.104878960778228
  20   2
     0.061578271247418    -0.081885728965230    -0.033311347436117
    -0.081885728965484     0.156131766568618    -0.019232315409281
    -0.070792447974737    -0.040872038894617     0.104878960778228
  20   3
     0.203408514230198    -0.000000000000273    -0.000000000000000
    -0.000000000000019     0.014301523586278     0.038464630818563
    -0.000000000000110     0.081744077789424     0.104878960778228
  20   4
    -2.239523979291792     0.000000000003010     0.000000000000000
     0.000000000003010    -2.239523979281367     0.000000000000000
    -0.000000000000000     0.000000000000000    -8.334963136675160
  20   5
    -0.004313303104966    -0.052911276848639    -0.124003640075055
    -0.052911276848639    -0.065409982968315     0.071593534977715
     0.013022060724211    -0.007518290264515    -0.225333650260777
  20   6
    -0.004313303105108     0.052911276848650     0.124003640075055
     0.052911276848814    -0.065409982968457     0.071593534977715
    -0.013022060724191    -0.007518290264480    -0.225333650260777
  20   7
    -0.095958322900517     0.000000000000129     0.000000000000000
    -0.000000000000035     0.026235036826667    -0.143187069955431
    -0.000000000000020     0.015036580528996    -0.225333650260777
  20   8
     0.193272228709158    -0.000000000000260    -0.000000000000000
    -0.000000000000260     0.193272228708258     0.000000000000000
     0.000000000000000    -0.000000000000000     0.113653226963211
  20   9
     0.352290153332422    -0.000000000000473     0.000000000000000
    -0.000000000000473     0.352290153330782     0.000000000000000
    -0.000000000000000    -0.000000000000000    -0.156080573042488
  20  10
    -2.455078067853471     0.000000000003299     0.000000000000000
     0.000000000011880    -8.839893550848661    -2.496693598556708
     0.000000000003201    -2.381937454142969    -3.227187598298315
  20  11
    -7.243689680127010    -2.764706203374527     2.162200081819451
    -2.764706203383107    -4.051281938589981     1.248346799278354
     2.062818345518244     1.190968727068713    -3.227187598298315
  20  12
    -7.243689680134440     2.764706203393996    -2.162200081819451
     2.764706203393995    -4.051281938597413     1.248346799278354
    -2.062818345521445     1.190968727074257    -3.227187598298315
  20  13
    -0.005916230068083     0.000000000000008     0.000000000000000
     0.000000000000008    -0.005916230068055     0.000000000000000
     0.000000000000000    -0.000000000000000    -0.039255017059312
  20  14
     0.052594241464414    -0.000000000000071     0.000000000000000
     0.000000000000290    -0.215634737831541    -0.023321026965283
     0.000000000000082    -0.060765573496268     0.075759086307826
  20  15
    -0.148577493008149    -0.116146555050608     0.020196601794308
    -0.116146555050969    -0.014463003359602     0.011660513482641
     0.052624530323421     0.030382786748063     0.075759086307826
  20  16
    -0.148577493008461     0.116146555051008    -0.020196601794308
     0.116146555051008    -0.014463003359915     0.011660513482641
    -0.052624530323502     0.030382786748205     0.075759086307826
  20  17
    -0.017018601580166    -1.759957730689030    -0.578860659748736
    -1.759957730689029    -2.049242740728309     0.334205357728699
    -0.578842510723701     0.334194879384209     0.666668865407750
  20  18
    -0.017018601584897     1.759957730689076     0.578860659748736
     1.759957730694538    -2.049242740733039     0.334205357728699
     0.578842510722803     0.334194879382654     0.666668865407750
  20  19
    -3.065354810319054     0.000000000004119    -0.000000000000000
    -0.000000000001342     0.999093467991659    -0.668410715457397
     0.000000000000898    -0.668389758766863     0.666668865407750
  20  20
    22.052080054537562    -0.000000000029637    -0.000000000000002
    -0.000000000029637    22.052080054434910    -0.000000000000001
     0.000000000000000    -0.000000000000000    21.971356353559418
  20  21
    -0.012362799264966     0.073655159892985    -0.011913298822226
     0.073655159892985     0.072686853517780     0.006878146281938
    -0.011911189953740     0.006876928726150    -0.012406124551298
  20  22
    -0.012362799264768    -0.073655159892952     0.011913298822226
    -0.073655159893181     0.072686853517978     0.006878146281938
     0.011911189953722     0.006876928726118    -0.012406124551298
  20  23
     0.115211679909760    -0.000000000000155    -0.000000000000000
     0.000000000000074    -0.054887625656154    -0.013756292563875
     0.000000000000018    -0.013753857452268    -0.012406124551298
  20  24
    -0.069914329994543     0.000000000000094    -0.000000000000000
     0.000000000000094    -0.069914329994217    -0.000000000000000
     0.000000000000000     0.000000000000000    -0.114465431945131
  20  25
     0.041726315813183    -0.000000000000056     0.000000000000000
    -0.000000000000056     0.041726315812988     0.000000000000000
     0.000000000000000    -0.000000000000000    -0.142395123462156
  20  26
    -0.141083694103067     0.000000000000190     0.000000000000000
    -0.000000000000014     0.010483875410340    -0.647284681011652
     0.000000000001649    -1.227066875922994    -0.883727873300603
  20  27
    -0.027408016968064     0.065630682794091     0.560564977237467
     0.065630682794295    -0.103191801724311     0.323642340505826
     1.062671086694194     0.613533437960069    -0.883727873300603
  20  28
    -0.027408016967887    -0.065630682794018    -0.560564977237467
    -0.065630682794018    -0.103191801724135     0.323642340505826
    -1.062671086695843     0.613533437962925    -0.883727873300603
  20  29
     0.041745678372725    -0.000000000000056    -0.000000000000000
    -0.000000000000056     0.041745678372530     0.000000000000000
     0.000000000000000    -0.000000000000000    -0.142432493065925
  20  30
    -0.141141117738306     0.000000000000190    -0.000000000000000
    -0.000000000000014     0.010532263184458     1.227005290013082
    -0.000000000000870     0.647278459401277    -0.883790934506963
  20  31
    -0.027386082046284     0.065676500478348    -1.062617751730870
     0.065676500478552    -0.103222772507210    -0.613502645006541
    -0.560559589165265    -0.323639229699885    -0.883790934506963
  20  32
    -0.027386082046108    -0.065676500478275     1.062617751730870
    -0.065676500478275    -0.103222772507034    -0.613502645006541
     0.560559589166135    -0.323639229701392    -0.883790934506963
  21   1
     0.193272228708708    -0.000000000000000     0.000000000000000
    -0.000000000000000     0.193272228708708    -0.000000000000000
    -0.000000000000000     0.000000000000000     0.113653226963211
  21   2
    -0.095958322900293    -0.000000000000000     0.000000000000000
    -0.000000000000000     0.026235036826728    -0.143187069955431
     0.000000000000000     0.015036580529031    -0.225333650260777
  21   3
    -0.004313303105027     0.052911276848767     0.124003640075055
     0.052911276848603    -0.065409982968538     0.071593534977715
    -0.013022060724171    -0.007518290264515    -0.225333650260777
  21   4
    -0.004313303105027    -0.052911276848767    -0.124003640075055
    -0.052911276848603    -0.065409982968538     0.071593534977715
     0.013022060724171    -0.007518290264515    -0.225333650260777
  21   5
    -2.239523979286579    -0.000000000000000     0.000000000000000
     0.000000000000000    -2.239523979286580     0.000000000000000
     0.000000000000000    -0.000000000000000    -8.334963136675160
  21   6
     0.203408514229725    -0.000000000000000     0.000000000000000
     0.000000000000000     0.014301523586311     0.038464630818563
    -0.000000000000000     0.081744077789614     0.104878960778228
  21   7
     0.061578271247165    -0.081885728965338    -0.033311347436117
    -0.081885728965084     0.156131766568871    -0.019232315409281
    -0.070792447974627    -0.040872038894807     0.104878960778228
  21   8
     0.061578271247165     0.081885728965338     0.033311347436117
     0.081885728965084     0.156131766568871    -0.019232315409281
     0.070792447974627    -0.040872038894807     0.104878960778228
  21   9
    -0.148577493007960     0.116146555051078    -0.020196601794308
     0.116146555050718    -0.014463003359792     0.011660513482641
    -0.052624530323339     0.030382786748205     0.075759086307826
  21  10
    -0.148577493007960    -0.116146555051078     0.020196601794308
    -0.116146555050718    -0.014463003359792     0.011660513482641
     0.052624530323339     0.030382786748205     0.075759086307826
  21  11
     0.052594241464292     0.000000000000000     0.000000000000000
     0.000000000000000    -0.215634737832043    -0.023321026965283
     0.000000000000000    -0.060765573496409     0.075759086307826
  21  12
    -0.005916230068069     0.000000000000000     0.000000000000000
     0.000000000000000    -0.005916230068069     0.000000000000000
    -0.000000000000000     0.000000000000000    -0.039255017059312
  21  13
    -7.243689680113864     2.764706203390695    -2.162200081819450
     2.764706203382115    -4.051281938603126     1.248346799278354
    -2.062818345515042     1.190968727074257    -3.227187598298315
  21  14
    -7.243689680113864    -2.764706203390695     2.162200081819451
    -2.764706203382116    -4.051281938603126     1.248346799278354
     2.062818345515043     1.190968727074257    -3.227187598298315
  21  15
    -2.455078067847756     0.000000000000000     0.000000000000000
     0.000000000000000    -8.839893550869236    -2.496693598556708
     0.000000000000000    -2.381937454148513    -3.227187598298315
  21  16
     0.352290153331602    -0.000000000000000     0.000000000000000
     0.000000000000000     0.352290153331602     0.000000000000000
    -0.000000000000000    -0.000000000000000    -0.156080573042488
  21  17
    -0.069914329994380    -0.000000000000000    -0.000000000000000
     0.000000000000000    -0.069914329994380    -0.000000000000000
     0.000000000000000    -0.000000000000000    -0.114465431945131
  21  18
     0.115211679909492    -0.000000000000000    -0.000000000000000
     0.000000000000000    -0.054887625656282    -0.013756292563875
    -0.000000000000000    -0.013753857452300    -0.012406124551298
  21  19
    -0.012362799264838    -0.073655159893140     0.011913298822226
    -0.073655159892911     0.072686853518048     0.006878146281938
     0.011911189953703     0.006876928726150    -0.012406124551298
  21  20
    -0.012362799264838     0.073655159893140    -0.011913298822226
     0.073655159892911     0.072686853518048     0.006878146281938
    -0.011911189953703     0.006876928726150    -0.012406124551298
  21  21
    22.052080054486229     0.000000000000001    -0.000000000000002
    -0.000000000000001    22.052080054486240    -0.000000000000001
    -0.000000000000000     0.000000000000000    21.971356353559418
  21  22
    -3.065354810311918     0.000000000000000    -0.000000000000000
    -0.000000000000000     0.999093467993984    -0.668410715457397
     0.000000000000000    -0.668389758768418     0.666668865407750
  21  23
    -0.017018601582492     1.759957730693149     0.578860659748736
     1.759957730687687    -2.049242740735444     0.334205357728699
     0.578842510721905     0.334194879384209     0.666668865407750
  21  24
    -0.017018601582492    -1.759957730693149    -0.578860659748736
    -1.759957730687687    -2.049242740735444     0.334205357728698
    -0.578842510721905     0.334194879384209     0.666668865407750
  21  25
    -0.027386082046132    -0.065676500478464     1.062617751730870
    -0.065676500478260    -0.103222772507362    -0.613502645006541
     0.560559589164395    -0.323639229701392    -0.883790934506963
  21  26
    -0.027386082046132     0.065676500478464    -1.062617751730870
     0.065676500478260    -0.103222772507362    -0.613502645006541
    -0.560559589164395    -0.323639229701392    -0.883790934506963
  21  27
    -0.141141117737977    -0.000000000000000     0.000000000000000
     0.000000000000000     0.010532263184483     1.227005290013082
    -0.000000000000000     0.647278459402784    -0.883790934506963
  21  28
     0.041745678372627     0.000000000000000     0.000000000000000
    -0.000000000000000     0.041745678372627    -0.000000000000000
    -0.000000000000000     0.000000000000000    -0.142432493065925
  21  29
    -0.027408016967912    -0.065630682794207    -0.560564977237467
    -0.065630682794004    -0.103191801724463     0.323642340505826
    -1.062671086692545     0.613533437962925    -0.883727873300603
  21  30
    -0.027408016967912     0.065630682794207     0.560564977237467
     0.065630682794004    -0.103191801724463     0.323642340505826
     1.062671086692544     0.613533437962925    -0.883727873300603
  21  31
    -0.141083694102739     0.000000000000000     0.000000000000000
    -0.000000000000000     0.010483875410364    -0.647284681011652
     0.000000000000000    -1.227066875925850    -0.883727873300603
  21  32
     0.041726315813085    -0.000000000000000     0.000000000000000
     0.000000000000000     0.041726315813085     0.000000000000000
    -0.000000000000000     0.000000000000000    -0.142395123462156
  22   1
    -0.095958322900293     0.000000000000000    -0.000000000000000
     0.000000000000000     0.026235036826728    -0.143187069955431
    -0.000000000000000     0.015036580529031    -0.225333650260777
  22   2
     0.193272228708708     0.000000000000000    -0.000000000000000
     0.000000000000000     0.193272228708708    -0.000000000000000
     0.000000000000000     0.000000000000000     0.113653226963211
  22   3
    -0.004313303105027    -0.052911276848767    -0.124003640075055
    -0.052911276848603    -0.065409982968538     0.071593534977715
     0.013022060724171    -0.007518290264515    -0.225333650260777
  22   4
    -0.004313303105027     0.052911276848767     0.124003640075055
     0.052911276848603    -0.065409982968538     0.071593534977715
    -0.013022060724171    -0.007518290264515    -0.225333650260777
  22   5
     0.203408514229725     0.000000000000000    -0.000000000000000
    -0.000000000000000     0.014301523586311     0.038464630818563
     0.000000000000000     0.081744077789614     0.104878960778228
  22   6
    -2.239523979286579     0.000000000000000    -0.000000000000000
    -0.000000000000000    -2.239523979286580     0.000000000000000
    -0.000000000000000    -0.000000000000000    -8.334963136675160
  22   7
     0.061578271247165     0.081885728965338     0.033311347436117
     0.081885728965084     0.156131766568871    -0.019232315409281
     0.070792447974627    -0.040872038894807     0.104878960778228
  22   8
     0.061578271247165    -0.081885728965338    -0.033311347436117
    -0.081885728965084     0.156131766568871    -0.019232315409281
    -0.070792447974627    -0.040872038894807     0.104878960778228
  22   9
    -0.148577493007960    -0.116146555051078     0.020196601794308
    -0.116146555050718    -0.014463003359792     0.011660513482641
     0.052624530323339     0.030382786748205     0.075759086307826
  22  10
    -0.148577493007960     0.116146555051078    -0.020196601794308
     0.116146555050718    -0.014463003359792     0.011660513482641
    -0.052624530323339     0.030382786748205     0.075759086307826
  22  11
    -0.005916230068069    -0.000000000000000    -0.000000000000000
    -0.000000000000000    -0.005916230068069     0.000000000000000
     0.000000000000000     0.000000000000000    -0.039255017059312
  22  12
     0.052594241464292    -0.000000000000000    -0.000000000000000
    -0.000000000000000    -0.215634737832043    -0.023321026965283
    -0.000000000000000    -0.060765573496409     0.075759086307826
  22  13
    -7.243689680113864    -2.764706203390695     2.162200081819450
    -2.764706203382115    -4.051281938603126     1.248346799278354
     2.062818345515042     1.190968727074257    -3.227187598298315
  22  14
    -7.243689680113864     2.764706203390695    -2.162200081819451
     2.764706203382116    -4.051281938603126     1.248346799278354
    -2.062818345515043     1.190968727074257    -3.227187598298315
  22  15
     0.352290153331602     0.000000000000000    -0.000000000000000
    -0.000000000000000     0.352290153331602     0.000000000000000
     0.000000000000000    -0.000000000000000    -0.156080573042488
  22  16
    -2.455078067847756    -0.000000000000000    -0.000000000000000
    -0.000000000000000    -8.839893550869236    -2.496693598556708
    -0.000000000000000    -2.381937454148513    -3.227187598298315
  22  17
     0.115211679909492     0.000000000000000     0.000000000000000
    -0.000000000000000    -0.054887625656282    -0.013756292563875
     0.000000000000000    -0.013753857452300    -0.012406124551298
  22  18
    -0.069914329994380     0.000000000000000     0.000000000000000
    -0.000000000000000    -0.069914329994380    -0.000000000000000
    -0.000000000000000    -0.000000000000000    -0.114465431945131
  22  19
    -0.012362799264838     0.073655159893140    -0.011913298822226
     0.073655159892911     0.072686853518048     0.006878146281938
    -0.011911189953703     0.006876928726150    -0.012406124551298
  22  20
    -0.012362799264838    -0.073655159893140     0.011913298822226
    -0.073655159892911     0.072686853518048     0.006878146281938
     0.011911189953703     0.006876928726150    -0.012406124551298
  22  21
    -3.065354810311918    -0.000000000000000     0.000000000000000
     0.000000000000000     0.999093467993984    -0.668410715457397
    -0.000000000000000    -0.668389758768418     0.666668865407750
  22  22
    22.052080054486229    -0.000000000000001     0.000000000000002
     0.000000000000001    22.052080054486240    -0.000000000000001
     0.000000000000000     0.000000000000000    21.971356353559418
  22  23
    -0.017018601582492    -1.759957730693149    -0.578860659748736
    -1.759957730687687    -2.049242740735444     0.334205357728699
    -0.578842510721905     0.334194879384209     0.666668865407750
  22  24
    -0.017018601582492     1.759957730693149     0.578860659748736
     1.759957730687687    -2.049242740735444     0.334205357728698
     0.578842510721905     0.334194879384209     0.666668865407750
  22  25
    -0.027386082046132     0.065676500478464    -1.062617751730870
     0.065676500478260    -0.103222772507362    -0.613502645006541
    -0.560559589164395    -0.323639229701392    -0.883790934506963
  22  26
    -0.027386082046132    -0.065676500478464     1.062617751730870
    -0.065676500478260    -0.103222772507362    -0.613502645006541
     0.560559589164395    -0.323639229701392    -0.883790934506963
  22  27
     0.041745678372627    -0.000000000000000    -0.000000000000000
     0.000000000000000     0.041745678372627    -0.000000000000000
     0.000000000000000     0.000000000000000    -0.142432493065925
  22  28
    -0.141141117737977     0.000000000000000    -0.000000000000000
    -0.000000000000000     0.010532263184483     1.227005290013082
     0.000000000000000     0.647278459402784    -0.883790934506963
  22  29
    -0.027408016967912     0.065630682794207     0.560564977237467
     0.065630682794004    -0.103191801724463     0.323642340505826
     1.062671086692545     0.613533437962925    -0.883727873300603
  22  30
    -0.027408016967912    -0.065630682794207    -0.560564977237467
    -0.065630682794004    -0.103191801724463     0.323642340505826
    -1.062671086692544     0.613533437962925    -0.883727873300603
  22  31
     0.041726315813085     0.000000000000000    -0.000000000000000
    -0.000000000000000     0.041726315813085     0.000000000000000
     0.000000000000000     0.000000000000000    -0.142395123462156
  22  32
    -0.141083694102739    -0.000000000000000    -0.000000000000000
     0.000000000000000     0.010483875410364    -0.647284681011652
    -0.000000000000000    -1.227066875925850    -0.883727873300603
  23   1
    -0.004313303104966     0.052911276848639     0.124003640075055
     0.052911276848639    -0.065409982968315     0.071593534977715
    -0.013022060724211    -0.007518290264515    -0.225333650260777
  23   2
    -0.004313303105108    -0.052911276848650    -0.124003640075055
    -0.052911276848814    -0.065409982968457     0.071593534977715
     0.013022060724191    -0.007518290264480    -0.225333650260777
  23   3
     0.193272228709158     0.000000000000260     0.000000000000000
     0.000000000000260     0.193272228708258     0.000000000000000
    -0.000000000000000    -0.000000000000000     0.113653226963211
  23   4
    -0.095958322900517    -0.000000000000129    -0.000000000000000
     0.000000000000035     0.026235036826667    -0.143187069955431
     0.000000000000020     0.015036580528996    -0.225333650260777
  23   5
     0.061578271247198    -0.081885728965065    -0.033311347436117
    -0.081885728965065     0.156131766568398    -0.019232315409281
    -0.070792447974847    -0.040872038894807     0.104878960778228
  23   6
     0.061578271247418     0.081885728965230     0.033311347436117
     0.081885728965484     0.156131766568618    -0.019232315409281
     0.070792447974737    -0.040872038894617     0.104878960778228
  23   7
    -2.239523979291792    -0.000000000003010    -0.000000000000000
    -0.000000000003010    -2.239523979281367     0.000000000000000
     0.000000000000000     0.000000000000000    -8.334963136675160
  23   8
     0.203408514230198     0.000000000000273     0.000000000000000
     0.000000000000019     0.014301523586278     0.038464630818563
     0.000000000000110     0.081744077789424     0.104878960778228
  23   9
     0.052594241464414     0.000000000000071    -0.000000000000000
    -0.000000000000290    -0.215634737831541    -0.023321026965283
    -0.000000000000082    -0.060765573496268     0.075759086307826
  23  10
    -0.005916230068083    -0.000000000000008    -0.000000000000000
    -0.000000000000008    -0.005916230068055     0.000000000000000
    -0.000000000000000    -0.000000000000000    -0.039255017059312
  23  11
    -0.148577493008149     0.116146555050608    -0.020196601794308
     0.116146555050969    -0.014463003359602     0.011660513482641
    -0.052624530323421     0.030382786748063     0.075759086307826
  23  12
    -0.148577493008461    -0.116146555051008     0.020196601794308
    -0.116146555051008    -0.014463003359915     0.011660513482641
     0.052624530323502     0.030382786748205     0.075759086307826
  23  13
    -2.455078067853471    -0.000000000003299    -0.000000000000000
    -0.000000000011880    -8.839893550848661    -2.496693598556708
    -0.000000000003201    -2.381937454142969    -3.227187598298315
  23  14
     0.352290153332422     0.000000000000473    -0.000000000000000
     0.000000000000473     0.352290153330782     0.000000000000000
     0.000000000000000    -0.000000000000000    -0.156080573042488
  23  15
    -7.243689680127010     2.764706203374527    -2.162200081819451
     2.764706203383107    -4.051281938589981     1.248346799278354
    -2.062818345518244     1.190968727068713    -3.227187598298315
  23  16
    -7.243689680134440    -2.764706203393996     2.162200081819451
    -2.764706203393995    -4.051281938597413     1.248346799278354
     2.062818345521445     1.190968727074257    -3.227187598298315
  23  17
    -0.012362799264966    -0.073655159892985     0.011913298822226
    -0.073655159892985     0.072686853517780     0.006878146281938
     0.011911189953740     0.006876928726150    -0.012406124551298
  23  18
    -0.012362799264768     0.073655159892952    -0.011913298822226
     0.073655159893181     0.072686853517978     0.006878146281938
    -0.011911189953722     0.006876928726118    -0.012406124551298
  23  19
    -0.069914329994543    -0.000000000000094     0.000000000000000
    -0.000000000000094    -0.069914329994217    -0.000000000000000
    -0.000000000000000     0.000000000000000    -0.114465431945131
  23  20
     0.115211679909760     0.000000000000155     0.000000000000000
    -0.000000000000074    -0.054887625656154    -0.013756292563875
    -0.000000000000018    -0.013753857452268    -0.012406124551298
  23  21
    -0.017018601580166     1.759957730689030     0.578860659748736
     1.759957730689029    -2.049242740728309     0.334205357728699
     0.578842510723701     0.334194879384209     0.666668865407750
  23  22
    -0.017018601584897    -1.759957730689076    -0.578860659748736
    -1.759957730694538    -2.049242740733039     0.334205357728699
    -0.578842510722803     0.334194879382654     0.666668865407750
  23  23
    22.052080054537562     0.000000000029637     0.000000000000002
     0.000000000029637    22.052080054434910    -0.000000000000001
    -0.000000000000000    -0.000000000000000    21.971356353559418
  23  24
    -3.065354810319054    -0.000000000004119     0.000000000000000
     0.000000000001342     0.999093467991659    -0.668410715457397
    -0.000000000000898    -0.668389758766863     0.666668865407750
  23  25
    -0.141141117738306    -0.000000000000190     0.000000000000000
     0.000000000000014     0.010532263184458     1.227005290013082
     0.000000000000870     0.647278459401277    -0.883790934506963
  23  26
     0.041745678372725     0.000000000000056     0.000000000000000
     0.000000000000056     0.041745678372530     0.000000000000000
    -0.000000000000000    -0.000000000000000    -0.142432493065925
  23  27
    -0.027386082046284    -0.065676500478348     1.062617751730870
    -0.065676500478552    -0.103222772507210    -0.613502645006541
     0.560559589165265    -0.323639229699885    -0.883790934506963
  23  28
    -0.027386082046108     0.065676500478275    -1.062617751730870
     0.065676500478275    -0.103222772507034    -0.613502645006541
    -0.560559589166135    -0.323639229701392    -0.883790934506963
  23  29
    -0.141083694103067    -0.000000000000190    -0.000000000000000
     0.000000000000014     0.010483875410340    -0.647284681011652
    -0.000000000001649    -1.227066875922994    -0.883727873300603
  23  30
     0.041726315813183     0.000000000000056    -0.000000000000000
     0.000000000000056     0.041726315812988     0.000000000000000
    -0.000000000000000    -0.000000000000000    -0.142395123462156
  23  31
    -0.027408016968064    -0.065630682794091    -0.560564977237467
    -0.065630682794295    -0.103191801724311     0.323642340505826
    -1.062671086694194     0.613533437960069    -0.883727873300603
  23  32
    -0.027408016967887     0.065630682794018     0.560564977237467
     0.065630682794018    -0.103191801724135     0.323642340505826
     1.062671086695843     0.613533437962925    -0.883727873300603
  24   1
    -0.004313303104966    -0.052911276848639    -0.124003640075055
    -0.052911276848639    -0.065409982968315     0.071593534977715
     0.013022060724211    -0.007518290264515    -0.225333650260777
  24   2
    -0.004313303105108     0.052911276848650     0.124003640075055
     0.052911276848814    -0.065409982968457     0.071593534977715
    -0.013022060724191    -0.007518290264480    -0.225333650260777
  24   3
    -0.095958322900517     0.000000000000129     0.000000000000000
    -0.000000000000035     0.026235036826667    -0.143187069955431
    -0.000000000000020     0.015036580528996    -0.225333650260777
  24   4
     0.193272228709158    -0.000000000000260    -0.000000000000000
    -0.000000000000260     0.193272228708258     0.000000000000000
     0.000000000000000    -0.000000000000000     0.113653226963211
  24   5
     0.061578271247198     0.081885728965065     0.033311347436117
     0.081885728965065     0.156131766568398    -0.019232315409281
     0.070792447974847    -0.040872038894807     0.104878960778228
  24   6
     0.061578271247418    -0.081885728965230    -0.033311347436117
    -0.081885728965484     0.156131766568618    -0.019232315409281
    -0.070792447974737    -0.040872038894617     0.104878960778228
  24   7
     0.203408514230198    -0.000000000000273    -0.000000000000000
    -0.000000000000019     0.014301523586278     0.038464630818563
    -0.000000000000110     0.081744077789424     0.104878960778228
  24   8
    -2.239523979291792     0.000000000003010     0.000000000000000
     0.000000000003010    -2.239523979281367     0.000000000000000
    -0.000000000000000     0.000000000000000    -8.334963136675160
  24   9
    -0.005916230068083     0.000000000000008     0.000000000000000
     0.000000000000008    -0.005916230068055     0.000000000000000
     0.000000000000000    -0.000000000000000    -0.039255017059312
  24  10
     0.052594241464414    -0.000000000000071     0.000000000000000
     0.000000000000290    -0.215634737831541    -0.023321026965283
     0.000000000000082    -0.060765573496268     0.075759086307826
  24  11
    -0.148577493008149    -0.116146555050608     0.020196601794308
    -0.116146555050969    -0.014463003359602     0.011660513482641
     0.052624530323421     0.030382786748063     0.075759086307826
  24  12
    -0.148577493008461     0.116146555051008    -0.020196601794308
     0.116146555051008    -0.014463003359915     0.011660513482641
    -0.052624530323502     0.030382786748205     0.075759086307826
  24  13
     0.352290153332422    -0.000000000000473     0.000000000000000
    -0.000000000000473     0.352290153330782     0.000000000000000
    -0.000000000000000    -0.000000000000000    -0.156080573042488
  24  14
    -2.455078067853471     0.000000000003299     0.000000000000000
     0.000000000011880    -8.839893550848661    -2.496693598556708
     0.000000000003201    -2.381937454142969    -3.227187598298315
  24  15
    -7.243689680127010    -2.764706203374527     2.162200081819451
    -2.764706203383107    -4.051281938589981     1.248346799278354
     2.062818345518244     1.190968727068713    -3.227187598298315
  24  16
    -7.243689680134440     2.764706203393996    -2.162200081819451
     2.764706203393995    -4.051281938597413     1.248346799278354
    -2.062818345521445     1.190968727074257    -3.227187598298315
  24  17
    -0.012362799264966     0.073655159892985    -0.011913298822226
     0.073655159892985     0.072686853517780     0.006878146281938
    -0.011911189953740     0.006876928726150    -0.012406124551298
  24  18
    -0.012362799264768    -0.073655159892952     0.011913298822226
    -0.073655159893181     0.072686853517978     0.006878146281938
     0.011911189953722     0.006876928726118    -0.012406124551298
  24  19
     0.115211679909760    -0.000000000000155    -0.000000000000000
     0.000000000000074    -0.054887625656154    -0.013756292563875
     0.000000000000018    -0.013753857452268    -0.012406124551298
  24  20
    -0.069914329994543     0.000000000000094    -0.000000000000000
     0.000000000000094    -0.069914329994217    -0.000000000000000
     0.000000000000000     0.000000000000000    -0.114465431945131
  24  21
    -0.017018601580166    -1.759957730689030    -0.578860659748736
    -1.759957730689029    -2.049242740728309     0.334205357728699
    -0.578842510723701     0.334194879384209     0.666668865407750
  24  22
    -0.017018601584897     1.759957730689076     0.578860659748736
     1.759957730694538    -2.049242740733039     0.334205357728699
     0.578842510722803     0.334194879382654     0.666668865407750
  24  23
    -3.065354810319054     0.000000000004119    -0.000000000000000
    -0.000000000001342     0.999093467991659    -0.668410715457397
     0.000000000000898    -0.668389758766863     0.666668865407750
  24  24
    22.052080054537562    -0.000000000029637    -0.000000000000002
    -0.000000000029637    22.052080054434910    -0.000000000000001
     0.000000000000000    -0.000000000000000    21.971356353559418
  24  25
     0.041745678372725    -0.000000000000056    -0.000000000000000
    -0.000000000000056     0.041745678372530     0.000000000000000
     0.000000000000000    -0.000000000000000    -0.142432493065925
  24  26
    -0.141141117738306     0.000000000000190    -0.000000000000000
    -0.000000000000014     0.010532263184458     1.227005290013082
    -0.000000000000870     0.647278459401277    -0.883790934506963
  24  27
    -0.027386082046284     0.065676500478348    -1.062617751730870
     0.065676500478552    -0.103222772507210    -0.613502645006541
    -0.560559589165265    -0.323639229699885    -0.883790934506963
  24  28
    -0.027386082046108    -0.065676500478275     1.062617751730870
    -0.065676500478275    -0.103222772507034    -0.613502645006541
     0.560559589166135    -0.323639229701392    -0.883790934506963
  24  29
     0.041726315813183    -0.000000000000056     0.000000000000000
    -0.000000000000056     0.041726315812988     0.000000000000000
     0.000000000000000    -0.000000000000000    -0.142395123462156
  24  30
    -0.141083694103067     0.000000000000190     0.000000000000000
    -0.000000000000014     0.010483875410340    -0.647284681011652
     0.000000000001649    -1.227066875922994    -0.883727873300603
  24  31
    -0.027408016968064     0.065630682794091     0.560564977237467
     0.065630682794295    -0.103191801724311     0.323642340505826
     1.062671086694194     0.613533437960069    -0.883727873300603
  24  32
    -0.027408016967887    -0.065630682794018    -0.560564977237467
    -0.065630682794018    -0.103191801724135     0.323642340505826
    -1.062671086695843     0.613533437962925    -0.883727873300603
  25   1
    -0.148577493007960     0.116146555051078     0.020196601794308
     0.116146555050718    -0.014463003359792    -0.011660513482641
     0.052624530323339    -0.030382786748205     0.075759086307826
  25   2
    -0.148577493007960    -0.116146555051078    -0.020196601794308
    -0.116146555050718    -0.014463003359792    -0.011660513482641
    -0.052624530323339    -0.030382786748205     0.075759086307826
  25   3
     0.052594241464292     0.000000000000000    -0.000000000000000
     0.000000000000000    -0.215634737832043     0.023321026965283
    -0.000000000000000     0.060765573496409     0.075759086307826
  25   4
    -0.005916230068069     0.000000000000000    -0.000000000000000
     0.000000000000000    -0.005916230068069    -0.000000000000000
     0.000000000000000    -0.000000000000000    -0.039255017059312
  25   5
    -7.243689680113864     2.764706203390695     2.162200081819450
     2.764706203382115    -4.051281938603126    -1.248346799278354
     2.062818345515042    -1.190968727074257    -3.227187598298315
  25   6
    -7.243689680113864    -2.764706203390695    -2.162200081819451
    -2.764706203382116    -4.051281938603126    -1.248346799278354
    -2.062818345515043    -1.190968727074257    -3.227187598298315
  25   7
    -2.455078067847756     0.000000000000000    -0.000000000000000
     0.000000000000000    -8.839893550869236     2.496693598556708
    -0.000000000000000     2.381937454148513    -3.227187598298315
  25   8
     0.352290153331602    -0.000000000000000    -0.000000000000000
     0.000000000000000     0.352290153331602    -0.000000000000000
     0.000000000000000     0.000000000000000    -0.156080573042488
  25   9
    -2.239523979286579    -0.000000000000000    -0.000000000000000
     0.000000000000000    -2.239523979286580    -0.000000000000000
    -0.000000000000000     0.000000000000000    -8.334963136675160
  25  10
     0.203408514229725    -0.000000000000000    -0.000000000000000
     0.000000000000000     0.014301523586311    -0.038464630818563
     0.000000000000000    -0.081744077789614     0.104878960778228
  25  11
     0.061578271247165    -0.081885728965338     0.033311347436117
    -0.081885728965084     0.156131766568871     0.019232315409281
     0.070792447974627     0.040872038894807     0.104878960778228
  25  12
     0.061578271247165     0.081885728965338    -0.033311347436117
     0.081885728965084     0.156131766568871     0.019232315409281
    -0.070792447974627     0.040872038894807     0.104878960778228
  25  13
     0.193272228708708    -0.000000000000000    -0.000000000000000
    -0.000000000000000     0.193272228708708     0.000000000000000
     0.000000000000000    -0.000000000000000     0.113653226963211
  25  14
    -0.095958322900293    -0.000000000000000    -0.000000000000000
    -0.000000000000000     0.026235036826728     0.143187069955431
    -0.000000000000000    -0.015036580529031    -0.225333650260777
  25  15
    -0.004313303105027     0.052911276848767    -0.124003640075055
     0.052911276848603    -0.065409982968538    -0.071593534977715
     0.013022060724171     0.007518290264515    -0.225333650260777
  25  16
    -0.004313303105027    -0.052911276848767     0.124003640075055
    -0.052911276848603    -0.065409982968538    -0.071593534977715
    -0.013022060724171     0.007518290264515    -0.225333650260777
  25  17
    -0.027386082046132    -0.065676500478464    -1.062617751730870
    -0.065676500478260    -0.103222772507362     0.613502645006541
    -0.560559589164395     0.323639229701392    -0.883790934506963
  25  18
    -0.027386082046132     0.065676500478464     1.062617751730870
     0.065676500478260    -0.103222772507362     0.613502645006541
     0.560559589164395     0.323639229701392    -0.883790934506963
  25  19
    -0.141141117737977    -0.000000000000000    -0.000000000000000
     0.000000000000000     0.010532263184483    -1.227005290013082
     0.000000000000000    -0.647278459402784    -0.883790934506963
  25  20
     0.041745678372627     0.000000000000000    -0.000000000000000
    -0.000000000000000     0.041745678372627     0.000000000000000
     0.000000000000000    -0.000000000000000    -0.142432493065925
  25  21
    -0.027408016967912    -0.065630682794207     0.560564977237467
    -0.065630682794004    -0.103191801724463    -0.323642340505826
     1.062671086692545    -0.613533437962925    -0.883727873300603
  25  22
    -0.027408016967912     0.065630682794207    -0.560564977237467
     0.065630682794004    -0.103191801724463    -0.323642340505826
    -1.062671086692544    -0.613533437962925    -0.883727873300603
  25  23
    -0.141083694102739     0.000000000000000    -0.000000000000000
    -0.000000000000000     0.010483875410364     0.647284681011652
    -0.000000000000000     1.227066875925850    -0.883727873300603
  25  24
     0.041726315813085    -0.000000000000000    -0.000000000000000
     0.000000000000000     0.041726315813085    -0.000000000000000
     0.000000000000000    -0.000000000000000    -0.142395123462156
  25  25
    22.052080054486229     0.000000000000001     0.000000000000002
    -0.000000000000001    22.052080054486240     0.000000000000001
     0.000000000000000    -0.000000000000000    21.971356353559418
  25  26
    -3.065354810311918     0.000000000000000     0.000000000000000
    -0.000000000000000     0.999093467993984     0.668410715457397
    -0.000000000000000     0.668389758768418     0.666668865407750
  25  27
    -0.017018601582492     1.759957730693149    -0.578860659748736
     1.759957730687687    -2.049242740735444    -0.334205357728699
    -0.578842510721905    -0.334194879384209     0.666668865407750
  25  28
    -0.017018601582492    -1.759957730693149     0.578860659748736
    -1.759957730687687    -2.049242740735444    -0.334205357728698
     0.578842510721905    -0.334194879384209     0.666668865407750
  25  29
    -0.069914329994380    -0.000000000000000     0.000000000000000
     0.000000000000000    -0.069914329994380     0.000000000000000
    -0.000000000000000     0.000000000000000    -0.114465431945131
  25  30
     0.115211679909492    -0.000000000000000     0.000000000000000
     0.000000000000000    -0.054887625656282     0.013756292563875
     0.000000000000000     0.013753857452300    -0.012406124551298
  25  31
    -0.012362799264838    -0.073655159893140    -0.011913298822226
    -0.073655159892911     0.072686853518048    -0.006878146281938
    -0.011911189953703    -0.006876928726150    -0.012406124551298
  25  32
    -0.012362799264838     0.073655159893140     0.011913298822226
     0.073655159892911     0.072686853518048    -0.006878146281938
     0.011911189953703    -0.006876928726150    -0.012406124551298
  26   1
    -0.148577493007960    -0.116146555051078    -0.020196601794308
    -0.116146555050718    -0.014463003359792    -0.011660513482641
    -0.052624530323339    -0.030382786748205     0.075759086307826
  26   2
    -0.148577493007960     0.116146555051078     0.020196601794308
     0.116146555050718    -0.014463003359792    -0.011660513482641
     0.052624530323339    -0.030382786748205     0.075759086307826
  26   3
    -0.005916230068069    -0.000000000000000     0.000000000000000
    -0.000000000000000    -0.005916230068069    -0.000000000000000
    -0.000000000000000    -0.000000000000000    -0.039255017059312
  26   4
     0.052594241464292    -0.000000000000000     0.000000000000000
    -0.000000000000000    -0.215634737832043     0.023321026965283
     0.000000000000000     0.060765573496409     0.075759086307826
  26   5
    -7.243689680113864    -2.764706203390695    -2.162200081819450
    -2.764706203382115    -4.051281938603126    -1.248346799278354
    -2.062818345515042    -1.190968727074257    -3.227187598298315
  26   6
    -7.243689680113864     2.764706203390695     2.162200081819451
     2.764706203382116    -4.051281938603126    -1.248346799278354
     2.062818345515043    -1.190968727074257    -3.227187598298315
  26   7
     0.352290153331602     0.000000000000000     0.000000000000000
    -0.000000000000000     0.352290153331602    -0.000000000000000
    -0.000000000000000     0.000000000000000    -0.156080573042488
  26   8
    -2.455078067847756    -0.000000000000000     0.000000000000000
    -0.000000000000000    -8.839893550869236     2.496693598556708
     0.000000000000000     2.381937454148513    -3.227187598298315
  26   9
     0.203408514229725     0.000000000000000     0.000000000000000
    -0.000000000000000     0.014301523586311    -0.038464630818563
    -0.000000000000000    -0.081744077789614     0.104878960778228
  26  10
    -2.239523979286579     0.000000000000000     0.000000000000000
    -0.000000000000000    -2.239523979286580    -0.000000000000000
     0.000000000000000     0.000000000000000    -8.334963136675160
  26  11
     0.061578271247165     0.081885728965338    -0.033311347436117
     0.081885728965084     0.156131766568871     0.019232315409281
    -0.070792447974627     0.040872038894807     0.104878960778228
  26  12
     0.061578271247165    -0.081885728965338     0.033311347436117
    -0.081885728965084     0.156131766568871     0.019232315409281
     0.070792447974627     0.040872038894807     0.104878960778228
  26  13
    -0.095958322900293     0.000000000000000     0.000000000000000
     0.000000000000000     0.026235036826728     0.143187069955431
     0.000000000000000    -0.015036580529031    -0.225333650260777
  26  14
     0.193272228708708     0.000000000000000     0.000000000000000
     0.000000000000000     0.193272228708708     0.000000000000000
    -0.000000000000000    -0.000000000000000     0.113653226963211
  26  15
    -0.004313303105027    -0.052911276848767     0.124003640075055
    -0.052911276848603    -0.065409982968538    -0.071593534977715
    -0.013022060724171     0.007518290264515    -0.225333650260777
  26  16
    -0.004313303105027     0.052911276848767    -0.124003640075055
     0.052911276848603    -0.065409982968538    -0.071593534977715
     0.013022060724171     0.007518290264515    -0.225333650260777
  26  17
    -0.027386082046132     0.065676500478464     1.062617751730870
     0.065676500478260    -0.103222772507362     0.613502645006541
     0.560559589164395     0.323639229701392    -0.883790934506963
  26  18
    -0.027386082046132    -0.065676500478464    -1.062617751730870
    -0.065676500478260    -0.103222772507362     0.613502645006541
    -0.560559589164395     0.323639229701392    -0.883790934506963
  26  19
     0.041745678372627    -0.000000000000000     0.000000000000000
     0.000000000000000     0.041745678372627     0.000000000000000
    -0.000000000000000    -0.000000000000000    -0.142432493065925
  26  20
    -0.141141117737977     0.000000000000000     0.000000000000000
    -0.000000000000000     0.010532263184483    -1.227005290013082
    -0.000000000000000    -0.647278459402784    -0.883790934506963
  26  21
    -0.027408016967912     0.065630682794207    -0.560564977237467
     0.065630682794004    -0.103191801724463    -0.323642340505826
    -1.062671086692545    -0.613533437962925    -0.883727873300603
  26  22
    -0.027408016967912    -0.065630682794207     0.560564977237467
    -0.065630682794004    -0.103191801724463    -0.323642340505826
     1.062671086692544    -0.613533437962925    -0.883727873300603
  26  23
     0.041726315813085     0.000000000000000     0.000000000000000
    -0.000000000000000     0.041726315813085    -0.000000000000000
    -0.000000000000000    -0.000000000000000    -0.142395123462156
  26  24
    -0.141083694102739    -0.000000000000000     0.000000000000000
     0.000000000000000     0.010483875410364     0.647284681011652
     0.000000000000000     1.227066875925850    -0.883727873300603
  26  25
    -3.065354810311918    -0.000000000000000    -0.000000000000000
     0.000000000000000     0.999093467993984     0.668410715457397
     0.000000000000000     0.668389758768418     0.666668865407750
  26  26
    22.052080054486229    -0.000000000000001    -0.000000000000002
     0.000000000000001    22.052080054486240     0.000000000000001
    -0.000000000000000    -0.000000000000000    21.971356353559418
  26  27
    -0.017018601582492    -1.759957730693149     0.578860659748736
    -1.759957730687687    -2.049242740735444    -0.334205357728699
     0.578842510721905    -0.334194879384209     0.666668865407750
  26  28
    -0.017018601582492     1.759957730693149    -0.578860659748736
     1.759957730687687    -2.049242740735444    -0.334205357728698
    -0.578842510721905    -0.334194879384209     0.666668865407750
  26  29
     0.115211679909492     0.000000000000000    -0.000000000000000
    -0.000000000000000    -0.054887625656282     0.013756292563875
    -0.000000000000000     0.013753857452300    -0.012406124551298
  26  30
    -0.069914329994380     0.000000000000000    -0.000000000000000
    -0.000000000000000    -0.069914329994380     0.000000000000000
     0.000000000000000     0.000000000000000    -0.114465431945131
  26  31
    -0.012362799264838     0.073655159893140     0.011913298822226
     0.073655159892911     0.072686853518048    -0.006878146281938
     0.011911189953703    -0.006876928726150    -0.012406124551298
  26  32
    -0.012362799264838    -0.073655159893140    -0.011913298822226
    -0.073655159892911     0.072686853518048    -0.006878146281938
    -0.011911189953703    -0.006876928726150    -0.012406124551298
  27   1
     0.052594241464414     0.000000000000071     0.000000000000000
    -0.000000000000290    -0.215634737831541     0.023321026965283
     0.000000000000082     0.060765573496268     0.075759086307826
  27   2
    -0.005916230068083    -0.000000000000008     0.000000000000000
    -0.000000000000008    -0.005916230068055    -0.000000000000000
     0.000000000000000     0.000000000000000    -0.039255017059312
  27   3
    -0.148577493008149     0.116146555050608     0.020196601794308
     0.116146555050969    -0.014463003359602    -0.011660513482641
     0.052624530323421    -0.030382786748063     0.075759086307826
  27   4
    -0.148577493008461    -0.116146555051008    -0.020196601794308
    -0.116146555051008    -0.014463003359915    -0.011660513482641
    -0.052624530323502    -0.030382786748205     0.075759086307826
  27   5
    -2.455078067853471    -0.000000000003299     0.000000000000000
    -0.000000000011880    -8.839893550848661     2.496693598556708
     0.000000000003201     2.381937454142969    -3.227187598298315
  27   6
     0.352290153332422     0.000000000000473     0.000000000000000
     0.000000000000473     0.352290153330782    -0.000000000000000
    -0.000000000000000     0.000000000000000    -0.156080573042488
  27   7
    -7.243689680127010     2.764706203374527     2.162200081819451
     2.764706203383107    -4.051281938589981    -1.248346799278354
     2.062818345518244    -1.190968727068713    -3.227187598298315
  27   8
    -7.243689680134440    -2.764706203393996    -2.162200081819451
    -2.764706203393995    -4.051281938597413    -1.248346799278354
    -2.062818345521445    -1.190968727074257    -3.227187598298315
  27   9
     0.061578271247198    -0.081885728965065     0.033311347436117
    -0.081885728965065     0.156131766568398     0.019232315409281
     0.070792447974847     0.040872038894807     0.104878960778228
  27  10
     0.061578271247418     0.081885728965230    -0.033311347436117
     0.081885728965484     0.156131766568618     0.019232315409281
    -0.070792447974737     0.040872038894617     0.104878960778228
  27  11
    -2.239523979291792    -0.000000000003010     0.000000000000000
    -0.000000000003010    -2.239523979281367    -0.000000000000000
    -0.000000000000000    -0.000000000000000    -8.334963136675160
  27  12
     0.203408514230198     0.000000000000273    -0.000000000000000
     0.000000000000019     0.014301523586278    -0.038464630818563
    -0.000000000000110    -0.081744077789424     0.104878960778228
  27  13
    -0.004313303104966     0.052911276848639    -0.124003640075055
     0.052911276848639    -0.065409982968315    -0.071593534977715
     0.013022060724211     0.007518290264515    -0.225333650260777
  27  14
    -0.004313303105108    -0.052911276848650     0.124003640075055
    -0.052911276848814    -0.065409982968457    -0.071593534977715
    -0.013022060724191     0.007518290264480    -0.225333650260777
  27  15
     0.193272228709158     0.000000000000260    -0.000000000000000
     0.000000000000260     0.193272228708258    -0.000000000000000
     0.000000000000000     0.000000000000000     0.113653226963211
  27  16
    -0.095958322900517    -0.000000000000129     0.000000000000000
     0.000000000000035     0.026235036826667     0.143187069955431
    -0.000000000000020    -0.015036580528996    -0.225333650260777
  27  17
    -0.141141117738306    -0.000000000000190    -0.000000000000000
     0.000000000000014     0.010532263184458    -1.227005290013082
    -0.000000000000870    -0.647278459401277    -0.883790934506963
  27  18
     0.041745678372725     0.000000000000056    -0.000000000000000
     0.000000000000056     0.041745678372530    -0.000000000000000
     0.000000000000000     0.000000000000000    -0.142432493065925
  27  19
    -0.027386082046284    -0.065676500478348    -1.062617751730870
    -0.065676500478552    -0.103222772507210     0.613502645006541
    -0.560559589165265     0.323639229699885    -0.883790934506963
  27  20
    -0.027386082046108     0.065676500478275     1.062617751730870
     0.065676500478275    -0.103222772507034     0.613502645006541
     0.560559589166135     0.323639229701392    -0.883790934506963
  27  21
    -0.141083694103067    -0.000000000000190     0.000000000000000
     0.000000000000014     0.010483875410340     0.647284681011652
     0.000000000001649     1.227066875922994    -0.883727873300603
  27  22
     0.041726315813183     0.000000000000056     0.000000000000000
     0.000000000000056     0.041726315812988    -0.000000000000000
     0.000000000000000     0.000000000000000    -0.142395123462156
  27  23
    -0.027408016968064    -0.065630682794091     0.560564977237467
    -0.065630682794295    -0.103191801724311    -0.323642340505826
     1.062671086694194    -0.613533437960069    -0.883727873300603
  27  24
    -0.027408016967887     0.065630682794018    -0.560564977237467
     0.065630682794018    -0.103191801724135    -0.323642340505826
    -1.062671086695843    -0.613533437962925    -0.883727873300603
  27  25
    -0.017018601580166     1.759957730689030    -0.578860659748736
     1.759957730689029    -2.049242740728309    -0.334205357728699
    -0.578842510723701    -0.334194879384209     0.666668865407750
  27  26
    -0.017018601584897    -1.759957730689076     0.578860659748736
    -1.759957730694538    -2.049242740733039    -0.334205357728699
     0.578842510722803    -0.334194879382654     0.666668865407750
  27  27
    22.052080054537562     0.000000000029637    -0.000000000000002
     0.000000000029637    22.052080054434910     0.000000000000001
     0.000000000000000     0.000000000000000    21.971356353559418
  27  28
    -3.065354810319054    -0.000000000004119    -0.000000000000000
     0.000000000001342     0.999093467991659     0.668410715457397
     0.000000000000898     0.668389758766863     0.666668865407750
  27  29
    -0.012362799264966    -0.073655159892985    -0.011913298822226
    -0.073655159892985     0.072686853517780    -0.006878146281938
    -0.011911189953740    -0.006876928726150    -0.012406124551298
  27  30
    -0.012362799264768     0.073655159892952     0.011913298822226
     0.073655159893181     0.072686853517978    -0.006878146281938
     0.011911189953722    -0.006876928726118    -0.012406124551298
  27  31
    -0.069914329994543    -0.000000000000094    -0.000000000000000
    -0.000000000000094    -0.069914329994217     0.000000000000000
     0.000000000000000    -0.000000000000000    -0.114465431945131
  27  32
     0.115211679909760     0.000000000000155    -0.000000000000000
    -0.000000000000074    -0.054887625656154     0.013756292563875
     0.000000000000018     0.013753857452268    -0.012406124551298
  28   1
    -0.005916230068083     0.000000000000008    -0.000000000000000
     0.000000000000008    -0.005916230068055     0.000000000000000
    -0.000000000000000     0.000000000000000    -0.039255017059312
  28   2
     0.052594241464414    -0.000000000000071     0.000000000000000
     0.000000000000290    -0.215634737831541     0.023321026965283
    -0.000000000000082     0.060765573496268     0.075759086307826
  28   3
    -0.148577493008149    -0.116146555050608    -0.020196601794308
    -0.116146555050969    -0.014463003359602    -0.011660513482641
    -0.052624530323421    -0.030382786748063     0.075759086307826
  28   4
    -0.148577493008461     0.116146555051008     0.020196601794308
     0.116146555051008    -0.014463003359915    -0.011660513482641
     0.052624530323502    -0.030382786748205     0.075759086307826
  28   5
     0.352290153332422    -0.000000000000473     0.000000000000000
    -0.000000000000473     0.352290153330782     0.000000000000000
    -0.000000000000000    -0.000000000000000    -0.156080573042488
  28   6
    -2.455078067853470     0.000000000003300    -0.000000000000000
     0.000000000011879    -8.839893550848659     2.496693598556708
    -0.000000000003201     2.381937454142969    -3.227187598298315
  28   7
    -7.243689680127009    -2.764706203374526    -2.162200081819451
    -2.764706203383106    -4.051281938589980    -1.248346799278353
    -2.062818345518243    -1.190968727068712    -3.227187598298315
  28   8
    -7.243689680134441     2.764706203393995     2.162200081819451
     2.764706203393996    -4.051281938597411    -1.248346799278354
     2.062818345521445    -1.190968727074257    -3.227187598298315
  28   9
     0.061578271247198     0.081885728965065    -0.033311347436117
     0.081885728965065     0.156131766568398     0.019232315409281
    -0.070792447974847     0.040872038894807     0.104878960778228
  28  10
     0.061578271247418    -0.081885728965230     0.033311347436117
    -0.081885728965484     0.156131766568618     0.019232315409281
     0.070792447974737     0.040872038894617     0.104878960778228
  28  11
     0.203408514230198    -0.000000000000273    -0.000000000000000
    -0.000000000000019     0.014301523586278    -0.038464630818563
     0.000000000000110    -0.081744077789424     0.104878960778228
  28  12
    -2.239523979291792     0.000000000003010     0.000000000000000
     0.000000000003010    -2.239523979281366     0.000000000000000
     0.000000000000000    -0.000000000000000    -8.334963136675160
  28  13
    -0.004313303104966    -0.052911276848639     0.124003640075055
    -0.052911276848639    -0.065409982968315    -0.071593534977715
    -0.013022060724211     0.007518290264515    -0.225333650260777
  28  14
    -0.004313303105108     0.052911276848650    -0.124003640075055
     0.052911276848814    -0.065409982968457    -0.071593534977715
     0.013022060724191     0.007518290264480    -0.225333650260777
  28  15
    -0.095958322900517     0.000000000000129    -0.000000000000000
    -0.000000000000035     0.026235036826667     0.143187069955431
     0.000000000000020    -0.015036580528996    -0.225333650260777
  28  16
     0.193272228709158    -0.000000000000260     0.000000000000000
    -0.000000000000260     0.193272228708258    -0.000000000000000
    -0.000000000000000    -0.000000000000000     0.113653226963211
  28  17
     0.041745678372725    -0.000000000000056     0.000000000000000
    -0.000000000000056     0.041745678372530     0.000000000000000
    -0.000000000000000     0.000000000000000    -0.142432493065925
  28  18
    -0.141141117738306     0.000000000000190     0.000000000000000
    -0.000000000000014     0.010532263184458    -1.227005290013082
     0.000000000000870    -0.647278459401277    -0.883790934506963
  28  19
    -0.027386082046284     0.065676500478348     1.062617751730870
     0.065676500478552    -0.103222772507210     0.613502645006541
     0.560559589165265     0.323639229699885    -0.883790934506963
  28  20
    -0.027386082046108    -0.065676500478275    -1.062617751730870
    -0.065676500478275    -0.103222772507034     0.613502645006541
    -0.560559589166135     0.323639229701392    -0.883790934506963
  28  21
     0.041726315813183    -0.000000000000056    -0.000000000000000
    -0.000000000000056     0.041726315812988     0.000000000000000
    -0.000000000000000     0.000000000000000    -0.142395123462156
  28  22
    -0.141083694103067     0.000000000000190    -0.000000000000000
    -0.000000000000014     0.010483875410340     0.647284681011652
    -0.000000000001649     1.227066875922993    -0.883727873300603
  28  23
    -0.027408016968064     0.065630682794091    -0.560564977237467
     0.065630682794295    -0.103191801724311    -0.323642340505826
    -1.062671086694194    -0.613533437960069    -0.883727873300603
  28  24
    -0.027408016967887    -0.065630682794018     0.560564977237467
    -0.065630682794018    -0.103191801724135    -0.323642340505826
     1.062671086695843    -0.613533437962925    -0.883727873300603
  28  25
    -0.017018601580166    -1.759957730689029     0.578860659748736
    -1.759957730689029    -2.049242740728308    -0.334205357728699
     0.578842510723701    -0.334194879384209     0.666668865407750
  28  26
    -0.017018601584897     1.759957730689075    -0.578860659748736
     1.759957730694538    -2.049242740733039    -0.334205357728699
    -0.578842510722803    -0.334194879382653     0.666668865407750
  28  27
    -3.065354810319054     0.000000000004119    -0.000000000000000
    -0.000000000001342     0.999093467991658     0.668410715457397
    -0.000000000000898     0.668389758766863     0.666668865407750
  28  28
    22.052080054537562    -0.000000000029639     0.000000000000000
    -0.000000000029639    22.052080054434903    -0.000000000000002
    -0.000000000000000    -0.000000000000000    21.971356353559418
  28  29
    -0.012362799264966     0.073655159892985     0.011913298822226
     0.073655159892985     0.072686853517780    -0.006878146281938
     0.011911189953740    -0.006876928726150    -0.012406124551298
  28  30
    -0.012362799264768    -0.073655159892952    -0.011913298822226
    -0.073655159893181     0.072686853517978    -0.006878146281938
    -0.011911189953722    -0.006876928726118    -0.012406124551298
  28  31
     0.115211679909760    -0.000000000000155     0.000000000000000
     0.000000000000074    -0.054887625656154     0.013756292563875
    -0.000000000000018     0.013753857452268    -0.012406124551298
  28  32
    -0.069914329994543     0.000000000000094     0.000000000000000
     0.000000000000094    -0.069914329994217    -0.000000000000000
     0.000000000000000     0.000000000000000    -0.114465431945131
  29   1
    -7.243689680113864     2.764706203390695     2.162200081819450
     2.764706203382115    -4.051281938603126    -1.248346799278354
     2.062818345515042    -1.190968727074257    -3.227187598298315
  29   2
    -7.243689680113864    -2.764706203390695    -2.162200081819451
    -2.764706203382116    -4.051281938603126    -1.248346799278354
    -2.062818345515043    -1.190968727074257    -3.227187598298315
  29   3
    -2.455078067847756     0.000000000000000    -0.000000000000000
     0.000000000000000    -8.839893550869236     2.496693598556708
    -0.000000000000000     2.381937454148513    -3.227187598298315
  29   4
     0.352290153331602    -0.000000000000000    -0.000000000000000
     0.000000000000000     0.352290153331602    -0.000000000000000
     0.000000000000000     0.000000000000000    -0.156080573042488
  29   5
    -0.148577493007960     0.116146555051078     0.020196601794308
     0.116146555050718    -0.014463003359792    -0.011660513482641
     0.052624530323339    -0.030382786748205     0.075759086307826
  29   6
    -0.148577493007960    -0.116146555051078    -0.020196601794308
    -0.116146555050718    -0.014463003359792    -0.011660513482641
    -0.052624530323339    -0.030382786748205     0.075759086307826
  29   7
     0.052594241464292     0.000000000000000    -0.000000000000000
     0.000000000000000    -0.215634737832043     0.023321026965283
    -0.000000000000000     0.060765573496409     0.075759086307826
  29   8
    -0.005916230068069     0.000000000000000    -0.000000000000000
     0.000000000000000    -0.005916230068069    -0.000000000000000
     0.000000000000000    -0.000000000000000    -0.039255017059312
  29   9
     0.193272228708708    -0.000000000000000    -0.000000000000000
    -0.000000000000000     0.193272228708708     0.000000000000000
     0.000000000000000    -0.000000000000000     0.113653226963211
  29  10
    -0.095958322900293    -0.000000000000000    -0.000000000000000
    -0.000000000000000     0.026235036826728     0.143187069955431
    -0.000000000000000    -0.015036580529031    -0.225333650260777
  29  11
    -0.004313303105027     0.052911276848767    -0.124003640075055
     0.052911276848603    -0.065409982968538    -0.071593534977715
     0.013022060724171     0.007518290264515    -0.225333650260777
  29  12
    -0.004313303105027    -0.052911276848767     0.124003640075055
    -0.052911276848603    -0.065409982968538    -0.071593534977715
    -0.013022060724171     0.007518290264515    -0.225333650260777
  29  13
    -2.239523979286579    -0.000000000000000    -0.000000000000000
     0.000000000000000    -2.239523979286580    -0.000000000000000
    -0.000000000000000     0.000000000000000    -8.334963136675160
  29  14
     0.203408514229725    -0.000000000000000    -0.000000000000000
     0.000000000000000     0.014301523586311    -0.038464630818563
     0.000000000000000    -0.081744077789614     0.104878960778228
  29  15
     0.061578271247165    -0.081885728965338     0.033311347436117
    -0.081885728965084     0.156131766568871     0.019232315409281
     0.070792447974627     0.040872038894807     0.104878960778228
  29  16
     0.061578271247165     0.081885728965338    -0.033311347436117
     0.081885728965084     0.156131766568871     0.019232315409281
    -0.070792447974627     0.040872038894807     0.104878960778228
  29  17
    -0.027408016967912    -0.065630682794207     0.560564977237467
    -0.065630682794004    -0.103191801724463    -0.323642340505826
     1.062671086692545    -0.613533437962925    -0.883727873300603
  29  18
    -0.027408016967912     0.065630682794207    -0.560564977237467
     0.065630682794004    -0.103191801724463    -0.323642340505826
    -1.062671086692544    -0.613533437962925    -0.883727873300603
  29  19
    -0.141083694102739     0.000000000000000    -0.000000000000000
    -0.000000000000000     0.010483875410364     0.647284681011652
    -0.000000000000000     1.227066875925850    -0.883727873300603
  29  20
     0.041726315813085    -0.000000000000000    -0.000000000000000
     0.000000000000000     0.041726315813085    -0.000000000000000
     0.000000000000000    -0.000000000000000    -0.142395123462156
  29  21
    -0.027386082046132    -0.065676500478464    -1.062617751730870
    -0.065676500478260    -0.103222772507362     0.613502645006541
    -0.560559589164395     0.323639229701392    -0.883790934506963
  29  22
    -0.027386082046132     0.065676500478464     1.062617751730870
     0.065676500478260    -0.103222772507362     0.613502645006541
     0.560559589164395     0.323639229701392    -0.883790934506963
  29  23
    -0.141141117737977    -0.000000000000000    -0.000000000000000
     0.000000000000000     0.010532263184483    -1.227005290013082
     0.000000000000000    -0.647278459402784    -0.883790934506963
  29  24
     0.041745678372627     0.000000000000000    -0.000000000000000
    -0.000000000000000     0.041745678372627     0.000000000000000
     0.000000000000000    -0.000000000000000    -0.142432493065925
  29  25
    -0.069914329994380    -0.000000000000000     0.000000000000000
     0.000000000000000    -0.069914329994380     0.000000000000000
    -0.000000000000000     0.000000000000000    -0.114465431945131
  29  26
     0.115211679909492    -0.000000000000000     0.000000000000000
     0.000000000000000    -0.054887625656282     0.013756292563875
     0.000000000000000     0.013753857452300    -0.012406124551298
  29  27
    -0.012362799264838    -0.073655159893140    -0.011913298822226
    -0.073655159892911     0.072686853518048    -0.006878146281938
    -0.011911189953703    -0.006876928726150    -0.012406124551298
  29  28
    -0.012362799264838     0.073655159893140     0.011913298822226
     0.073655159892911     0.072686853518048    -0.006878146281938
     0.011911189953703    -0.006876928726150    -0.012406124551298
  29  29
    22.052080054486229     0.000000000000001     0.000000000000002
    -0.000000000000001    22.052080054486240     0.000000000000001
     0.000000000000000    -0.000000000000000    21.971356353559418
  29  30
    -3.065354810311918     0.000000000000000     0.000000000000000
    -0.000000000000000     0.999093467993984     0.668410715457397
    -0.000000000000000     0.668389758768418     0.666668865407750
  29  31
    -0.017018601582492     1.759957730693149    -0.578860659748736
     1.759957730687687    -2.049242740735444    -0.334205357728699
    -0.578842510721905    -0.334194879384209     0.666668865407750
  29  32
    -0.017018601582492    -1.759957730693149     0.578860659748736
    -1.759957730687687    -2.049242740735444    -0.334205357728698
     0.578842510721905    -0.334194879384209     0.666668865407750
  30   1
    -7.243689680113864    -2.764706203390695    -2.162200081819450
    -2.764706203382115    -4.051281938603126    -1.248346799278354
    -2.062818345515042    -1.190968727074257    -3.227187598298315
  30   2
    -7.243689680113864     2.764706203390695     2.162200081819451
     2.764706203382116    -4.051281938603126    -1.248346799278354
     2.062818345515043    -1.190968727074257    -3.227187598298315
  30   3
     0.352290153331602     0.000000000000000     0.000000000000000
    -0.000000000000000     0.352290153331602    -0.000000000000000
    -0.000000000000000     0.000000000000000    -0.156080573042488
  30   4
    -2.455078067847756    -0.000000000000000     0.000000000000000
    -0.000000000000000    -8.839893550869236     2.496693598556708
     0.000000000000000     2.381937454148513    -3.227187598298315
  30   5
    -0.148577493007960    -0.116146555051078    -0.020196601794308
    -0.116146555050718    -0.014463003359792    -0.011660513482641
    -0.052624530323339    -0.030382786748205     0.075759086307826
  30   6
    -0.148577493007960     0.116146555051078     0.020196601794308
     0.116146555050718    -0.014463003359792    -0.011660513482641
     0.052624530323339    -0.030382786748205     0.075759086307826
  30   7
    -0.005916230068069    -0.000000000000000     0.000000000000000
    -0.000000000000000    -0.005916230068069    -0.000000000000000
    -0.000000000000000    -0.000000000000000    -0.039255017059312
  30   8
     0.052594241464292    -0.000000000000000     0.000000000000000
    -0.000000000000000    -0.215634737832043     0.023321026965283
     0.000000000000000     0.060765573496409     0.075759086307826
  30   9
    -0.095958322900293     0.000000000000000     0.000000000000000
     0.000000000000000     0.026235036826728     0.143187069955431
     0.000000000000000    -0.015036580529031    -0.225333650260777
  30  10
     0.193272228708708     0.000000000000000     0.000000000000000
     0.000000000000000     0.193272228708708     0.000000000000000
    -0.000000000000000    -0.000000000000000     0.113653226963211
  30  11
    -0.004313303105027    -0.052911276848767     0.124003640075055
    -0.052911276848603    -0.065409982968538    -0.071593534977715
    -0.013022060724171     0.007518290264515    -0.225333650260777
  30  12
    -0.004313303105027     0.052911276848767    -0.124003640075055
     0.052911276848603    -0.065409982968538    -0.071593534977715
     0.013022060724171     0.007518290264515    -0.225333650260777
  30  13
     0.203408514229725     0.000000000000000     0.000000000000000
    -0.000000000000000     0.014301523586311    -0.038464630818563
    -0.000000000000000    -0.081744077789614     0.104878960778228
  30  14
    -2.239523979286579     0.000000000000000     0.000000000000000
    -0.000000000000000    -2.239523979286580    -0.000000000000000
     0.000000000000000     0.000000000000000    -8.334963136675160
  30  15
     0.061578271247165     0.081885728965338    -0.033311347436117
     0.081885728965084     0.156131766568871     0.019232315409281
    -0.070792447974627     0.040872038894807     0.104878960778228
  30  16
     0.061578271247165    -0.081885728965338     0.033311347436117
    -0.081885728965084     0.156131766568871     0.019232315409281
     0.070792447974627     0.040872038894807     0.104878960778228
  30  17
    -0.027408016967912     0.065630682794207    -0.560564977237467
     0.065630682794004    -0.103191801724463    -0.323642340505826
    -1.062671086692545    -0.613533437962925    -0.883727873300603
  30  18
    -0.027408016967912    -0.065630682794207     0.560564977237467
    -0.065630682794004    -0.103191801724463    -0.323642340505826
     1.062671086692544    -0.613533437962925    -0.883727873300603
  30  19
     0.041726315813085     0.000000000000000     0.000000000000000
    -0.000000000000000     0.041726315813085    -0.000000000000000
    -0.000000000000000    -0.000000000000000    -0.142395123462156
  30  20
    -0.141083694102739    -0.000000000000000     0.000000000000000
     0.000000000000000     0.010483875410364     0.647284681011652
     0.000000000000000     1.227066875925850    -0.883727873300603
  30  21
    -0.027386082046132     0.065676500478464     1.062617751730870
     0.065676500478260    -0.103222772507362     0.613502645006541
     0.560559589164395     0.323639229701392    -0.883790934506963
  30  22
    -0.027386082046132    -0.065676500478464    -1.062617751730870
    -0.065676500478260    -0.103222772507362     0.613502645006541
    -0.560559589164395     0.323639229701392    -0.883790934506963
  30  23
     0.041745678372627    -0.000000000000000     0.000000000000000
     0.000000000000000     0.041745678372627     0.000000000000000
    -0.000000000000000    -0.000000000000000    -0.142432493065925
  30  24
    -0.141141117737977     0.000000000000000     0.000000000000000
    -0.000000000000000     0.010532263184483    -1.227005290013082
    -0.000000000000000    -0.647278459402784    -0.883790934506963
  30  25
     0.115211679909492     0.000000000000000    -0.000000000000000
    -0.000000000000000    -0.054887625656282     0.013756292563875
    -0.000000000000000     0.013753857452300    -0.012406124551298
  30  26
    -0.069914329994380     0.000000000000000    -0.000000000000000
    -0.000000000000000    -0.069914329994380     0.000000000000000
     0.000000000000000     0.000000000000000    -0.114465431945131
  30  27
    -0.012362799264838     0.073655159893140     0.011913298822226
     0.073655159892911     0.072686853518048    -0.006878146281938
     0.011911189953703    -0.006876928726150    -0.012406124551298
  30  28
    -0.012362799264838    -0.073655159893140    -0.011913298822226
    -0.073655159892911     0.072686853518048    -0.006878146281938
    -0.011911189953703    -0.006876928726150    -0.012406124551298
  30  29
    -3.065354810311918    -0.000000000000000    -0.000000000000000
     0.000000000000000     0.999093467993984     0.668410715457397
     0.000000000000000     0.668389758768418     0.666668865407750
  30  30
    22.052080054486229    -0.000000000000001    -0.000000000000002
     0.000000000000001    22.052080054486240     0.000000000000001
    -0.000000000000000    -0.000000000000000    21.971356353559418
  30  31
    -0.017018601582492    -1.759957730693149     0.578860659748736
    -1.759957730687687    -2.049242740735444    -0.334205357728699
     0.578842510721905    -0.334194879384209     0.666668865407750
  30  32
    -0.017018601582492     1.759957730693149    -0.578860659748736
     1.759957730687687    -2.049242740735444    -0.334205357728698
    -0.578842510721905    -0.334194879384209     0.666668865407750
  31   1
    -2.455078067853471    -0.000000000003299     0.000000000000000
    -0.000000000011880    -8.839893550848661     2.496693598556708
     0.000000000003201     2.381937454142969    -3.227187598298315
  31   2
     0.352290153332422     0.000000000000473     0.000000000000000
     0.000000000000473     0.352290153330782    -0.000000000000000
    -0.000000000000000     0.000000000000000    -0.156080573042488
  31   3
    -7.243689680127010     2.764706203374527     2.162200081819451
     2.764706203383107    -4.051281938589981    -1.248346799278354
     2.062818345518244    -1.190968727068713    -3.227187598298315
  31   4
    -7.243689680134440    -2.764706203393996    -2.162200081819451
    -2.764706203393995    -4.051281938597413    -1.248346799278354
    -2.062818345521445    -1.190968727074257    -3.227187598298315
  31   5
     0.052594241464414     0.000000000000071     0.000000000000000
    -0.000000000000290    -0.215634737831541     0.023321026965283
     0.000000000000082     0.060765573496268     0.075759086307826
  31   6
    -0.005916230068083    -0.000000000000008     0.000000000000000
    -0.000000000000008    -0.005916230068055    -0.000000000000000
     0.000000000000000     0.000000000000000    -0.039255017059312
  31   7
    -0.148577493008149     0.116146555050608     0.020196601794308
     0.116146555050969    -0.014463003359602    -0.011660513482641
     0.052624530323421    -0.030382786748063     0.075759086307826
  31   8
    -0.148577493008461    -0.116146555051008    -0.020196601794308
    -0.116146555051008    -0.014463003359915    -0.011660513482641
    -0.052624530323502    -0.030382786748205     0.075759086307826
  31   9
    -0.004313303104966     0.052911276848639    -0.124003640075055
     0.052911276848639    -0.065409982968315    -0.071593534977715
     0.013022060724211     0.007518290264515    -0.225333650260777
  31  10
    -0.004313303105108    -0.052911276848650     0.124003640075055
    -0.052911276848814    -0.065409982968457    -0.071593534977715
    -0.013022060724191     0.007518290264480    -0.225333650260777
  31  11
     0.193272228709158     0.000000000000260    -0.000000000000000
     0.000000000000260     0.193272228708258    -0.000000000000000
     0.000000000000000     0.000000000000000     0.113653226963211
  31  12
    -0.095958322900517    -0.000000000000129     0.000000000000000
     0.000000000000035     0.026235036826667     0.143187069955431
    -0.000000000000020    -0.015036580528996    -0.225333650260777
  31  13
     0.061578271247198    -0.081885728965065     0.033311347436117
    -0.081885728965065     0.156131766568398     0.019232315409281
     0.070792447974847     0.040872038894807     0.104878960778228
  31  14
     0.061578271247418     0.081885728965230    -0.033311347436117
     0.081885728965484     0.156131766568618     0.019232315409281
    -0.070792447974737     0.040872038894617     0.104878960778228
  31  15
    -2.239523979291792    -0.000000000003010     0.000000000000000
    -0.000000000003010    -2.239523979281367    -0.000000000000000
    -0.000000000000000    -0.000000000000000    -8.334963136675160
  31  16
     0.203408514230198     0.000000000000273    -0.000000000000000
     0.000000000000019     0.014301523586278    -0.038464630818563
    -0.000000000000110    -0.081744077789424     0.104878960778228
  31  17
    -0.141083694103067    -0.000000000000190     0.000000000000000
     0.000000000000014     0.010483875410340     0.647284681011652
     0.000000000001649     1.227066875922994    -0.883727873300603
  31  18
     0.041726315813183     0.000000000000056     0.000000000000000
     0.000000000000056     0.041726315812988    -0.000000000000000
     0.000000000000000     0.000000000000000    -0.142395123462156
  31  19
    -0.027408016968064    -0.065630682794091     0.560564977237467
    -0.065630682794295    -0.103191801724311    -0.323642340505826
     1.062671086694194    -0.613533437960069    -0.883727873300603
  31  20
    -0.027408016967887     0.065630682794018    -0.560564977237467
     0.065630682794018    -0.103191801724135    -0.323642340505826
    -1.062671086695843    -0.613533437962925    -0.883727873300603
  31  21
    -0.141141117738306    -0.000000000000190    -0.000000000000000
     0.000000000000014     0.010532263184458    -1.227005290013082
    -0.000000000000870    -0.647278459401277    -0.883790934506963
  31  22
     0.041745678372725     0.000000000000056    -0.000000000000000
     0.000000000000056     0.041745678372530    -0.000000000000000
     0.000000000000000     0.000000000000000    -0.142432493065925
  31  23
    -0.027386082046284    -0.065676500478348    -1.062617751730870
    -0.065676500478552    -0.103222772507210     0.613502645006541
    -0.560559589165265     0.323639229699885    -0.883790934506963
  31  24
    -0.027386082046108     0.065676500478275     1.062617751730870
     0.065676500478275    -0.103222772507034     0.613502645006541
     0.560559589166135     0.323639229701392    -0.883790934506963
  31  25
    -0.012362799264966    -0.073655159892985    -0.011913298822226
    -0.073655159892985     0.072686853517780    -0.006878146281938
    -0.011911189953740    -0.006876928726150    -0.012406124551298
  31  26
    -0.012362799264768     0.073655159892952     0.011913298822226
     0.073655159893181     0.072686853517978    -0.006878146281938
     0.011911189953722    -0.006876928726118    -0.012406124551298
  31  27
    -0.069914329994543    -0.000000000000094    -0.000000000000000
    -0.000000000000094    -0.069914329994217     0.000000000000000
     0.000000000000000    -0.000000000000000    -0.114465431945131
  31  28
     0.115211679909760     0.000000000000155    -0.000000000000000
    -0.000000000000074    -0.054887625656154     0.013756292563875
     0.000000000000018     0.013753857452268    -0.012406124551298
  31  29
    -0.017018601580166     1.759957730689030    -0.578860659748736
     1.759957730689029    -2.049242740728309    -0.334205357728699
    -0.578842510723701    -0.334194879384209     0.666668865407750
  31  30
    -0.017018601584897    -1.759957730689076     0.578860659748736
    -1.759957730694538    -2.049242740733039    -0.334205357728699
     0.578842510722803    -0.334194879382654     0.666668865407750
  31  31
    22.052080054537562     0.000000000029637    -0.000000000000002
     0.000000000029637    22.052080054434910     0.000000000000001
     0.000000000000000     0.000000000000000    21.971356353559418
  31  32
    -3.065354810319054    -0.000000000004119    -0.000000000000000
     0.000000000001342     0.999093467991659     0.668410715457397
     0.000000000000898     0.668389758766863     0.666668865407750
  32   1
     0.352290153332422    -0.000000000000473     0.000000000000000
    -0.000000000000473     0.352290153330782     0.000000000000000
    -0.000000000000000    -0.000000000000000    -0.156080573042488
  32   2
    -2.455078067853470     0.000000000003300    -0.000000000000000
     0.000000000011879    -8.839893550848659     2.496693598556708
    -0.000000000003201     2.381937454142969    -3.227187598298315
  32   3
    -7.243689680127009    -2.764706203374526    -2.162200081819451
    -2.764706203383106    -4.051281938589980    -1.248346799278353
    -2.062818345518243    -1.190968727068712    -3.227187598298315
  32   4
    -7.243689680134441     2.764706203393995     2.162200081819451
     2.764706203393996    -4.051281938597411    -1.248346799278354
     2.062818345521445    -1.190968727074257    -3.227187598298315
  32   5
    -0.005916230068083     0.000000000000008    -0.000000000000000
     0.000000000000008    -0.005916230068055     0.000000000000000
    -0.000000000000000     0.000000000000000    -0.039255017059312
  32   6
     0.052594241464414    -0.000000000000071     0.000000000000000
     0.000000000000290    -0.215634737831541     0.023321026965283
    -0.000000000000082     0.060765573496268     0.075759086307826
  32   7
    -0.148577493008149    -0.116146555050608    -0.020196601794308
    -0.116146555050969    -0.014463003359602    -0.011660513482641
    -0.052624530323421    -0.030382786748063     0.075759086307826
  32   8
    -0.148577493008461     0.116146555051008     0.020196601794308
     0.116146555051008    -0.014463003359915    -0.011660513482641
     0.052624530323502    -0.030382786748205     0.075759086307826
  32   9
    -0.004313303104966    -0.052911276848639     0.124003640075055
    -0.052911276848639    -0.065409982968315    -0.071593534977715
    -0.013022060724211     0.007518290264515    -0.225333650260777
  32  10
    -0.004313303105108     0.052911276848650    -0.124003640075055
     0.052911276848814    -0.065409982968457    -0.071593534977715
     0.013022060724191     0.007518290264480    -0.225333650260777
  32  11
    -0.095958322900517     0.000000000000129    -0.000000000000000
    -0.000000000000035     0.026235036826667     0.143187069955431
     0.000000000000020    -0.015036580528996    -0.225333650260777
  32  12
     0.193272228709158    -0.000000000000260     0.000000000000000
    -0.000000000000260     0.193272228708258    -0.000000000000000
    -0.000000000000000    -0.000000000000000     0.113653226963211
  32  13
     0.061578271247198     0.081885728965065    -0.033311347436117
     0.081885728965065     0.156131766568398     0.019232315409281
    -0.070792447974847     0.040872038894807     0.104878960778228
  32  14
     0.061578271247418    -0.081885728965230     0.033311347436117
    -0.081885728965484     0.156131766568618     0.019232315409281
     0.070792447974737     0.040872038894617     0.104878960778228
  32  15
     0.203408514230198    -0.000000000000273    -0.000000000000000
    -0.000000000000019     0.014301523586278    -0.038464630818563
     0.000000000000110    -0.081744077789424     0.104878960778228
  32  16
    -2.239523979291792     0.000000000003010     0.000000000000000
     0.000000000003010    -2.239523979281366     0.000000000000000
     0.000000000000000    -0.000000000000000    -8.334963136675160
  32  17
     0.041726315813183    -0.000000000000056    -0.000000000000000
    -0.000000000000056     0.041726315812988     0.000000000000000
    -0.000000000000000     0.000000000000000    -0.142395123462156
  32  18
    -0.141083694103067     0.000000000000190    -0.000000000000000
    -0.000000000000014     0.010483875410340     0.647284681011652
    -0.000000000001649     1.227066875922993    -0.883727873300603
  32  19
    -0.027408016968064     0.065630682794091    -0.560564977237467
     0.065630682794295    -0.103191801724311    -0.323642340505826
    -1.062671086694194    -0.613533437960069    -0.883727873300603
  32  20
    -0.027408016967887    -0.065630682794018     0.560564977237467
    -0.065630682794018    -0.103191801724135    -0.323642340505826
     1.062671086695843    -0.613533437962925    -0.883727873300603
  32  21
     0.041745678372725    -0.000000000000056     0.000000000000000
    -0.000000000000056     0.041745678372530     0.000000000000000
    -0.000000000000000     0.000000000000000    -0.142432493065925
  32  22
    -0.141141117738306     0.000000000000190     0.000000000000000
    -0.000000000000014     0.010532263184458    -1.227005290013082
     0.000000000000870    -0.647278459401277    -0.883790934506963
  32  23
    -0.027386082046284     0.065676500478348     1.062617751730870
     0.065676500478552    -0.103222772507210     0.613502645006541
     0.560559589165265     0.323639229699885    -0.883790934506963
  32  24
    -0.027386082046108    -0.065676500478275    -1.062617751730870
    -0.065676500478275    -0.103222772507034     0.613502645006541
    -0.560559589166135     0.323639229701392    -0.883790934506963
  32  25
    -0.012362799264966     0.073655159892985     0.011913298822226
     0.073655159892985     0.072686853517780    -0.006878146281938
     0.011911189953740    -0.006876928726150    -0.012406124551298
  32  26
    -0.012362799264768    -0.073655159892952    -0.011913298822226
    -0.073655159893181     0.072686853517978    -0.006878146281938
    -0.011911189953722    -0.006876928726118    -0.012406124551298
  32  27
     0.115211679909760    -0.000000000000155     0.000000000000000
     0.000000000000074    -0.054887625656154     0.013756292563875
    -0.000000000000018     0.013753857452268    -0.012406124551298
  32  28
    -0.069914329994543     0.000000000000094     0.000000000000000
     0.000000000000094    -0.069914329994217    -0.000000000000000
     0.000000000000000     0.000000000000000    -0.114465431945131
  32  29
    -0.017018601580166    -1.759957730689029     0.578860659748736
    -1.759957730689029    -2.049242740728308    -0.334205357728699
     0.578842510723701    -0.334194879384209     0.666668865407750
  32  30
    -0.017018601584897     1.759957730689075    -0.578860659748736
     1.759957730694538    -2.049242740733039    -0.334205357728699
    -0.578842510722803    -0.334194879382653     0.666668865407750
  32  31
    -3.065354810319054     0.000000000004119    -0.000000000000000
    -0.000000000001342     0.999093467991658     0.668410715457397
    -0.000000000000898     0.668389758766863     0.666668865407750
  32  32
    22.052080054537562    -0.000000000029639     0.000000000000000
    -0.000000000029639    22.052080054434903    -0.000000000000002
    -0.000000000000000    -0.000000000000000    21.971356353559418
