   48    48
    1     1
    12.153464265998329     2.519867947740111    -1.916338329907073
     2.519867947740111    15.644672093229431     3.856016199632040
    -1.916338329907073     3.856016199632040    18.770928616735734
    1     2
     0.264296476432549     0.357194113998602    -0.635599517816102
     0.226414891594846    -0.345814478840816    -0.115491426480590
    -0.571130176627155     0.220675386874607     0.371914578263844
    1     3
    -0.345814478840816     0.220675386874607     0.357194113998603
    -0.115491426480590     0.371914578263844    -0.635599517816102
     0.226414891594846    -0.571130176627155     0.264296476432549
    1     4
     0.036441451392382     0.016015917034006    -0.097592174729068
    -0.016015917034006    -0.120742405120530    -0.039110142358689
     0.097592174729068    -0.039110142358689     0.036432141153096
    1     5
    -0.043930839156580    -0.037233878708984     0.062176871541557
    -0.013334450268616     0.000009704304002     0.051676217989807
    -0.022069995883525    -0.061624444368755    -0.047421840066689
    1     6
     0.424058989331144    -0.307496181908773    -0.053545196966526
     0.183293774408225    -0.102257087064230     0.083241170074149
     0.048690849988115     0.167296308441790    -0.056382812796580
    1     7
     0.026780604994421    -0.045591821937044     0.021102430738906
     0.045591821937044     0.033330859199160    -0.008729579401443
     0.021102430738906     0.008729579401443     0.014203178826325
    1     8
    -0.056382812796580     0.053545196966526     0.083241170074149
    -0.048690849988115     0.424058989331144    -0.183293774408225
     0.167296308441790     0.307496181908773    -0.102257087064230
    1     9
    -0.079728606090061    -0.005367131977292    -0.001895215584580
    -0.055883856891257    -0.026327960900418    -0.017156266666886
    -0.020228549877099     0.022224145161824    -0.099279268900566
    1    10
    -0.016881824530286    -0.005028464657582     0.020054837311187
    -0.005028464657582     0.044714924822872     0.008125901718396
    -0.020054837311187    -0.008125901718396     0.045919039282885
    1    11
    -0.020035579699943    -0.009043534812290    -0.047155802188811
     0.026378449061164    -0.001645986224146    -0.031735688909216
    -0.007948189579754     0.026741909312390     0.007912093988282
    1    12
    -0.167581497128326    -0.089811488433804    -0.121940277153490
    -0.070348668909470     0.237391579007096     0.627351765394777
    -0.142838037307721    -0.025662540273691     0.149813060131323
    1    13
     0.001632705874912    -0.059318709103523     0.038050719623776
    -0.059318709103523    -0.052911419368257     0.008629995196426
     0.038050719623776     0.008629995196426    -0.042522694927412
    1    14
    -0.157178586357683     0.034594499528466     0.024066762313857
    -0.231006651523785    -0.450019214194019    -0.718697705006538
     0.477262576382552    -0.663893806409630    -1.179225262538553
    1    15
    -0.450019214194019    -0.663893806409630     0.034594499528466
    -0.718697705006538    -1.179225262538553     0.024066762313857
    -0.231006651523785     0.477262576382552    -0.157178586357683
    1    16
     0.444210486666180    -0.301056597280986    -0.030036607068068
     0.301056597280986    -0.566052092960912     0.134459293355180
     0.030036607068068     0.134459293355180    -1.769622876247565
    1    17
     0.149813060131323     0.121940277153490    -0.627351765394777
     0.142838037307721    -0.167581497128326    -0.070348668909470
     0.025662540273691    -0.089811488433804     0.237391579007095
    1    18
     0.018483399292587    -0.015288370447425     0.049302777250276
     0.007316640104415    -0.018505238580151    -0.038885540201619
     0.016194343645125    -0.014582339057802    -0.012685735039595
    1    19
     0.007383605326302    -0.007802621336872    -0.009366270132336
     0.007802621336872     0.000034968640038    -0.025835022768431
    -0.009366270132336     0.025835022768431     0.000268225489482
    1    20
    -0.012685735039595    -0.049302777250276    -0.038885540201619
    -0.016194343645125     0.018483399292587    -0.007316640104415
    -0.014582339057802     0.015288370447425    -0.018505238580152
    1    21
    -0.001645986224146    -0.026741909312390    -0.009043534812290
     0.031735688909216     0.007912093988283     0.047155802188811
     0.026378449061164     0.007948189579753    -0.020035579699943
    1    22
     0.031529534136870    -0.013442151470226    -0.002381837632557
    -0.013442151470226    -0.040926666533926     0.010928519445629
     0.002381837632557    -0.010928519445629    -0.045613458667979
    1    23
    -0.099279268900566    -0.001895215584580     0.017156266666886
    -0.020228549877099    -0.079728606090061     0.055883856891257
    -0.022224145161824     0.005367131977292    -0.026327960900418
    1    24
     0.000009704304002    -0.061624444368755     0.037233878708984
     0.051676217989807    -0.047421840066689    -0.062176871541557
     0.013334450268616     0.022069995883525    -0.043930839156580
    1    25
     0.147451573915811    -0.202200973730698     0.086932621025333
    -0.210793149762874     0.102572946507398     0.241233581094260
     0.239190605972347     0.117246016204061    -0.315036613943738
    1    26
    -1.693640720758013     0.377143724981914     0.469539092079608
    -0.090928658222514    -2.939562913402879     3.448281735250709
     1.040512736625926     2.403799536857463    -3.545227503896338
    1    27
    -4.531366329139579     0.370537576195831     4.223128104955210
     0.613590996028366    -2.172357900494966     0.414620844740777
     3.287381218693294     0.613067000440723    -5.409378904258046
    1    28
    -0.045658934472843    -0.112846843436105    -0.070744059451283
    -0.104631452198563    -0.008218665289253    -0.050420698339940
    -0.027260487430890    -0.049352525158611    -0.114759401551063
    1    29
     0.026348264440442    -0.015657760083639    -0.038923186272021
     0.057165193304332    -0.007081843824583     0.101423769088297
     0.081314256218394    -0.059295683938961     0.047692713523753
    1    30
     0.103216398946887    -0.034595843767920     0.004464171349109
     0.012075999071886    -0.035612022503746    -0.043603213014630
     0.106809436838660    -0.024971667485689     0.088784850410173
    1    31
     0.029460731203204     0.141665282296884    -0.053419354056562
     0.184890237377753    -0.075261757310588    -0.069903832452843
     0.091291319295762     0.030479417958395    -0.111995497920100
    1    32
    -0.039653436068900     0.003950310958664     0.007130015474051
    -0.005529899119487    -0.007156620366693    -0.009641898145934
    -0.012388300884063    -0.011403754128152    -0.023050491506836
    1    33
     0.187133887194458    -0.001736238092791     0.148930741865162
    -0.038878822687197    -0.085987547032342    -0.044012502624111
     0.006589469168312     0.011869612280127    -0.029432443249109
    1    34
     0.054216716389241     0.040981710377424     0.082097307004449
     0.014834371065426     0.028329032579850    -0.042326093462307
     0.020927300276584    -0.120324125679523    -0.071563839278634
    1    35
     0.000823830959952     0.022037174343765    -0.000802131620604
    -0.001191150835691    -0.022418106025043     0.003259670190074
    -0.008619244963643    -0.011509937996460     0.001679507504992
    1    36
    -0.149976619085798    -0.013084823160618     0.049844575724273
     0.039422411025234     0.005109726694701    -0.085196471320890
     0.001289173513233     0.062043832346955    -0.099100845972295
    1    37
    -2.922636364368684    -2.598318568808613    -2.363179294310595
    -1.755106051369611    -4.132743351795649    -2.266840407425615
    -2.247576664240119    -2.847236231417004    -2.277556684351453
    1    38
    -0.175963647715098     0.014520982813143    -0.005336674825832
     0.052066717709717     0.033954037561406    -0.184202697567027
     0.023437212624884    -0.079642917269864     0.062629813946233
    1    39
    -0.136687431016873     0.147659286532785    -0.141461278307664
     0.129339346757783    -0.122174090112954     0.024226660517601
    -0.150005912457348     0.166717865631997    -0.057893314415172
    1    40
    -0.003043376537683     0.146553334698531     0.042207763561893
     0.010025028487359    -0.024247008251799     0.006922656410468
     0.038742273738624    -0.046058291441758     0.021614626482137
    1    41
    -0.016348080444468     0.003008267949428    -0.005937892366536
    -0.034759925686786     0.000846767736167    -0.017086090001701
     0.014574866559578    -0.001517812071513    -0.001566996504131
    1    42
     0.011278552033708    -0.030462627855189     0.007491649032759
    -0.033116432750613     0.145449916663576    -0.027011659500869
    -0.028317078055831     0.051019860851561    -0.020910038768858
    1    43
    -0.061104267894301    -0.120914047925967     0.019856707464238
     0.018491748308592     0.040629508591981     0.029597582145299
    -0.016834676712511     0.078046314352118     0.025121699340127
    1    44
    -2.888172823225802     0.145093420677575     0.555587314029763
    -0.888694071229506    -4.275529983913517    -4.355351000021043
    -0.608421511444958    -4.120824463011706    -4.412337877199690
    1    45
    -0.049097937254601     0.043226737579213    -0.000947257921747
    -0.110633367191578     0.010988082143400     0.001389409582314
     0.010692633042843     0.002716645327754    -0.102281412274072
    1    46
     0.026092781604413     0.014216834826037    -0.036021345258857
     0.028104820804649     0.025139450666613    -0.001398752967230
    -0.011692419423027    -0.002815883345076     0.005191541158993
    1    47
     0.072053702232693     0.101753917981002    -0.106830318585792
    -0.063383667114782    -0.024900934710484    -0.038896445114010
    -0.026120491351401     0.047631942851897    -0.028251085105768
    1    48
    -0.051666325860566    -0.066425069646035    -0.026649528757706
     0.017348835413629    -0.043130158578017     0.011777213311205
    -0.038126372683667    -0.030855679788638     0.089538449462222
    2     1
     0.264296476432549     0.226414891594846    -0.571130176627155
     0.357194113998602    -0.345814478840816     0.220675386874607
    -0.635599517816102    -0.115491426480590     0.371914578263844
    2     2
    18.770928616735741    -1.916338329907071     3.856016199632037
    -1.916338329907071    12.153464265998325     2.519867947740113
     3.856016199632037     2.519867947740113    15.644672093229426
    2     3
     0.371914578263844    -0.571130176627155     0.220675386874607
    -0.635599517816102     0.264296476432549     0.357194113998602
    -0.115491426480590     0.226414891594846    -0.345814478840816
    2     4
    -0.043930839156580     0.013334450268616     0.022069995883525
     0.037233878708984     0.000009704304002    -0.061624444368755
    -0.062176871541557     0.051676217989807    -0.047421840066689
    2     5
    -0.045613458667979     0.002381837632557    -0.010928519445629
    -0.002381837632557     0.031529534136870    -0.013442151470226
     0.010928519445629    -0.013442151470226    -0.040926666533927
    2     6
    -0.026327960900418    -0.022224145161824     0.005367131977292
     0.017156266666886    -0.099279268900566    -0.001895215584580
     0.055883856891257    -0.020228549877099    -0.079728606090061
    2     7
    -0.056382812796580     0.048690849988115     0.167296308441790
    -0.053545196966526     0.424058989331144    -0.307496181908773
     0.083241170074149     0.183293774408225    -0.102257087064230
    2     8
     0.036432141153096     0.097592174729068    -0.039110142358689
    -0.097592174729068     0.036441451392382     0.016015917034006
    -0.039110142358689    -0.016015917034006    -0.120742405120530
    2     9
    -0.047421840066689    -0.022069995883525    -0.061624444368755
     0.062176871541557    -0.043930839156580    -0.037233878708984
     0.051676217989807    -0.013334450268616     0.000009704304002
    2    10
    -0.020035579699943     0.026378449061164     0.007948189579754
    -0.009043534812290    -0.001645986224146    -0.026741909312390
     0.047155802188811     0.031735688909216     0.007912093988283
    2    11
     0.000268225489482    -0.009366270132336     0.025835022768431
    -0.009366270132336     0.007383605326302    -0.007802621336872
    -0.025835022768431     0.007802621336872     0.000034968640038
    2    12
    -0.018505238580152    -0.014582339057802     0.015288370447426
    -0.038885540201619    -0.012685735039595    -0.049302777250276
    -0.007316640104415    -0.016194343645125     0.018483399292587
    2    13
    -0.157178586357683    -0.231006651523785     0.477262576382552
     0.034594499528466    -0.450019214194019    -0.663893806409630
     0.024066762313857    -0.718697705006538    -1.179225262538552
    2    14
    -0.042522694927412     0.038050719623776     0.008629995196426
     0.038050719623776     0.001632705874912    -0.059318709103523
     0.008629995196426    -0.059318709103523    -0.052911419368257
    2    15
    -1.179225262538553     0.477262576382552    -0.663893806409630
     0.024066762313857    -0.157178586357683     0.034594499528466
    -0.718697705006538    -0.231006651523785    -0.450019214194019
    2    16
     0.149813060131323    -0.142838037307721    -0.025662540273691
    -0.121940277153490    -0.167581497128326    -0.089811488433804
     0.627351765394777    -0.070348668909470     0.237391579007096
    2    17
     0.045919039282885    -0.020054837311187    -0.008125901718396
     0.020054837311187    -0.016881824530286    -0.005028464657582
     0.008125901718396    -0.005028464657582     0.044714924822872
    2    18
     0.007912093988282    -0.007948189579754     0.026741909312390
    -0.047155802188811    -0.020035579699943    -0.009043534812290
    -0.031735688909216     0.026378449061164    -0.001645986224146
    2    19
    -0.012685735039595     0.016194343645125    -0.014582339057802
     0.049302777250276     0.018483399292587    -0.015288370447425
    -0.038885540201618     0.007316640104415    -0.018505238580151
    2    20
    -1.769622876247565     0.030036607068068     0.134459293355181
    -0.030036607068068     0.444210486666180    -0.301056597280986
     0.134459293355181     0.301056597280986    -0.566052092960912
    2    21
     0.237391579007096     0.025662540273691    -0.089811488433804
    -0.627351765394777     0.149813060131323     0.121940277153490
    -0.070348668909470     0.142838037307721    -0.167581497128326
    2    22
    -0.099279268900566    -0.020228549877099     0.022224145161824
    -0.001895215584580    -0.079728606090061    -0.005367131977292
    -0.017156266666886    -0.055883856891257    -0.026327960900418
    2    23
     0.014203178826325     0.021102430738906     0.008729579401443
     0.021102430738906     0.026780604994421    -0.045591821937044
    -0.008729579401443     0.045591821937044     0.033330859199160
    2    24
    -0.102257087064229     0.167296308441790     0.307496181908773
     0.083241170074149    -0.056382812796580     0.053545196966526
    -0.183293774408225    -0.048690849988115     0.424058989331144
    2    25
    -3.545227503896339     1.040512736625926     2.403799536857463
     0.469539092079608    -1.693640720758013     0.377143724981914
     3.448281735250709    -0.090928658222514    -2.939562913402879
    2    26
    -5.409378904258046     3.287381218693294     0.613067000440724
     4.223128104955210    -4.531366329139580     0.370537576195830
     0.414620844740777     0.613590996028366    -2.172357900494966
    2    27
    -0.315036613943738     0.239190605972347     0.117246016204061
     0.086932621025333     0.147451573915811    -0.202200973730698
     0.241233581094260    -0.210793149762874     0.102572946507398
    2    28
    -0.023050491506836    -0.012388300884063    -0.011403754128151
     0.007130015474051    -0.039653436068900     0.003950310958664
    -0.009641898145934    -0.005529899119487    -0.007156620366693
    2    29
    -0.029432443249109     0.006589469168312     0.011869612280128
     0.148930741865162     0.187133887194458    -0.001736238092791
    -0.044012502624111    -0.038878822687197    -0.085987547032342
    2    30
    -0.111995497920100     0.091291319295762     0.030479417958395
    -0.053419354056562     0.029460731203204     0.141665282296884
    -0.069903832452843     0.184890237377753    -0.075261757310588
    2    31
    -0.028251085105768    -0.026120491351401     0.047631942851897
    -0.106830318585792     0.072053702232693     0.101753917981002
    -0.038896445114010    -0.063383667114782    -0.024900934710484
    2    32
     0.089538449462222    -0.038126372683667    -0.030855679788638
    -0.026649528757706    -0.051666325860565    -0.066425069646035
     0.011777213311205     0.017348835413629    -0.043130158578016
    2    33
     0.005191541158993    -0.011692419423027    -0.002815883345076
    -0.036021345258857     0.026092781604413     0.014216834826037
    -0.001398752967230     0.028104820804649     0.025139450666613
    2    34
    -0.001566996504131     0.014574866559578    -0.001517812071513
    -0.005937892366536    -0.016348080444468     0.003008267949428
    -0.017086090001701    -0.034759925686786     0.000846767736167
    2    35
    -0.020910038768858    -0.028317078055831     0.051019860851562
     0.007491649032759     0.011278552033708    -0.030462627855189
    -0.027011659500869    -0.033116432750613     0.145449916663576
    2    36
     0.021614626482137     0.038742273738624    -0.046058291441758
     0.042207763561893    -0.003043376537683     0.146553334698531
     0.006922656410468     0.010025028487359    -0.024247008251799
    2    37
     0.062629813946233     0.023437212624884    -0.079642917269864
    -0.005336674825832    -0.175963647715098     0.014520982813143
    -0.184202697567027     0.052066717709717     0.033954037561406
    2    38
    -0.057893314415172    -0.150005912457348     0.166717865631997
    -0.141461278307664    -0.136687431016873     0.147659286532785
     0.024226660517601     0.129339346757782    -0.122174090112954
    2    39
    -2.277556684351453    -2.247576664240119    -2.847236231417004
    -2.363179294310595    -2.922636364368683    -2.598318568808613
    -2.266840407425615    -1.755106051369611    -4.132743351795649
    2    40
    -4.412337877199690    -0.608421511444958    -4.120824463011706
     0.555587314029763    -2.888172823225801     0.145093420677575
    -4.355351000021043    -0.888694071229506    -4.275529983913517
    2    41
    -0.102281412274072     0.010692633042843     0.002716645327754
    -0.000947257921747    -0.049097937254601     0.043226737579213
     0.001389409582314    -0.110633367191578     0.010988082143400
    2    42
     0.025121699340127    -0.016834676712511     0.078046314352118
     0.019856707464238    -0.061104267894301    -0.120914047925967
     0.029597582145299     0.018491748308592     0.040629508591981
    2    43
     0.001679507504992    -0.008619244963643    -0.011509937996460
    -0.000802131620604     0.000823830959952     0.022037174343765
     0.003259670190074    -0.001191150835691    -0.022418106025043
    2    44
    -0.099100845972295     0.001289173513233     0.062043832346955
     0.049844575724273    -0.149976619085798    -0.013084823160618
    -0.085196471320890     0.039422411025234     0.005109726694702
    2    45
    -0.071563839278634     0.020927300276584    -0.120324125679523
     0.082097307004449     0.054216716389241     0.040981710377424
    -0.042326093462307     0.014834371065426     0.028329032579850
    2    46
     0.047692713523753     0.081314256218394    -0.059295683938960
    -0.038923186272021     0.026348264440443    -0.015657760083639
     0.101423769088297     0.057165193304332    -0.007081843824583
    2    47
     0.088784850410173     0.106809436838660    -0.024971667485689
     0.004464171349109     0.103216398946887    -0.034595843767920
    -0.043603213014630     0.012075999071886    -0.035612022503746
    2    48
    -0.114759401551063    -0.027260487430890    -0.049352525158611
    -0.070744059451283    -0.045658934472844    -0.112846843436105
    -0.050420698339940    -0.104631452198563    -0.008218665289253
    3     1
    -0.345814478840816    -0.115491426480590     0.226414891594846
     0.220675386874607     0.371914578263844    -0.571130176627155
     0.357194113998603    -0.635599517816102     0.264296476432549
    3     2
     0.371914578263844    -0.635599517816102    -0.115491426480590
    -0.571130176627155     0.264296476432549     0.226414891594846
     0.220675386874607     0.357194113998602    -0.345814478840816
    3     3
    15.644672093229429     3.856016199632039     2.519867947740112
     3.856016199632039    18.770928616735734    -1.916338329907072
     2.519867947740112    -1.916338329907072    12.153464265998322
    3     4
     0.424058989331144    -0.183293774408225    -0.048690849988115
     0.307496181908773    -0.102257087064230     0.167296308441790
     0.053545196966526     0.083241170074149    -0.056382812796580
    3     5
    -0.026327960900418    -0.017156266666886    -0.055883856891257
     0.022224145161824    -0.099279268900566    -0.020228549877099
    -0.005367131977292    -0.001895215584580    -0.079728606090061
    3     6
     0.033330859199160    -0.008729579401443     0.045591821937044
     0.008729579401443     0.014203178826325     0.021102430738906
    -0.045591821937044     0.021102430738906     0.026780604994421
    3     7
    -0.079728606090061     0.055883856891257    -0.020228549877099
     0.005367131977292    -0.026327960900418    -0.022224145161824
    -0.001895215584580     0.017156266666886    -0.099279268900566
    3     8
    -0.047421840066689    -0.062176871541557     0.051676217989807
     0.022069995883525    -0.043930839156580     0.013334450268616
    -0.061624444368755     0.037233878708984     0.000009704304002
    3     9
    -0.040926666533927     0.010928519445629    -0.013442151470226
    -0.010928519445629    -0.045613458667979     0.002381837632557
    -0.013442151470226    -0.002381837632557     0.031529534136870
    3    10
    -0.167581497128326    -0.070348668909470     0.142838037307721
    -0.089811488433804     0.237391579007095     0.025662540273691
     0.121940277153490    -0.627351765394777     0.149813060131323
    3    11
    -0.018505238580151    -0.038885540201619     0.007316640104415
    -0.014582339057802    -0.012685735039595     0.016194343645125
    -0.015288370447425     0.049302777250276     0.018483399292587
    3    12
    -0.566052092960912     0.134459293355181     0.301056597280986
     0.134459293355181    -1.769622876247565     0.030036607068068
    -0.301056597280986    -0.030036607068068     0.444210486666180
    3    13
    -0.450019214194019    -0.718697705006538    -0.231006651523785
    -0.663893806409630    -1.179225262538553     0.477262576382552
     0.034594499528466     0.024066762313857    -0.157178586357683
    3    14
    -1.179225262538553     0.024066762313857    -0.718697705006538
     0.477262576382552    -0.157178586357683    -0.231006651523785
    -0.663893806409630     0.034594499528466    -0.450019214194019
    3    15
    -0.052911419368257     0.008629995196426    -0.059318709103523
     0.008629995196426    -0.042522694927412     0.038050719623776
    -0.059318709103523     0.038050719623776     0.001632705874912
    3    16
     0.018483399292587    -0.007316640104415    -0.016194343645125
     0.015288370447425    -0.018505238580152    -0.014582339057802
    -0.049302777250276    -0.038885540201619    -0.012685735039595
    3    17
     0.007912093988283     0.047155802188811     0.031735688909216
     0.007948189579754    -0.020035579699943     0.026378449061164
    -0.026741909312390    -0.009043534812290    -0.001645986224146
    3    18
     0.000034968640038    -0.025835022768431     0.007802621336872
     0.025835022768431     0.000268225489482    -0.009366270132336
    -0.007802621336872    -0.009366270132336     0.007383605326302
    3    19
    -0.001645986224146    -0.031735688909216     0.026378449061164
     0.026741909312390     0.007912093988283    -0.007948189579754
    -0.009043534812290    -0.047155802188811    -0.020035579699943
    3    20
     0.237391579007096     0.627351765394777    -0.070348668909470
    -0.025662540273691     0.149813060131323    -0.142838037307721
    -0.089811488433804    -0.121940277153490    -0.167581497128326
    3    21
     0.044714924822873     0.008125901718396    -0.005028464657582
    -0.008125901718396     0.045919039282885    -0.020054837311187
    -0.005028464657582     0.020054837311187    -0.016881824530286
    3    22
     0.000009704304002     0.051676217989807    -0.013334450268616
    -0.061624444368755    -0.047421840066689    -0.022069995883525
    -0.037233878708984     0.062176871541557    -0.043930839156580
    3    23
    -0.102257087064229     0.083241170074149     0.183293774408225
     0.167296308441790    -0.056382812796580     0.048690849988115
    -0.307496181908773    -0.053545196966526     0.424058989331144
    3    24
    -0.120742405120530    -0.039110142358689    -0.016015917034006
    -0.039110142358689     0.036432141153096     0.097592174729068
     0.016015917034006    -0.097592174729068     0.036441451392382
    3    25
    -2.172357900494966     0.414620844740777     0.613590996028366
     0.613067000440724    -5.409378904258046     3.287381218693294
     0.370537576195830     4.223128104955210    -4.531366329139579
    3    26
     0.102572946507398     0.241233581094260    -0.210793149762874
     0.117246016204061    -0.315036613943739     0.239190605972347
    -0.202200973730698     0.086932621025333     0.147451573915811
    3    27
    -2.939562913402879     3.448281735250709    -0.090928658222514
     2.403799536857463    -3.545227503896339     1.040512736625926
     0.377143724981914     0.469539092079608    -1.693640720758013
    3    28
    -0.043130158578016     0.011777213311205     0.017348835413629
    -0.030855679788638     0.089538449462222    -0.038126372683667
    -0.066425069646035    -0.026649528757706    -0.051666325860565
    3    29
     0.025139450666613    -0.001398752967230     0.028104820804649
    -0.002815883345076     0.005191541158993    -0.011692419423027
     0.014216834826037    -0.036021345258857     0.026092781604413
    3    30
    -0.024900934710484    -0.038896445114010    -0.063383667114782
     0.047631942851897    -0.028251085105768    -0.026120491351401
     0.101753917981002    -0.106830318585792     0.072053702232693
    3    31
    -0.035612022503746    -0.043603213014630     0.012075999071886
    -0.024971667485689     0.088784850410173     0.106809436838660
    -0.034595843767920     0.004464171349108     0.103216398946887
    3    32
    -0.008218665289253    -0.050420698339940    -0.104631452198563
    -0.049352525158611    -0.114759401551063    -0.027260487430890
    -0.112846843436105    -0.070744059451283    -0.045658934472843
    3    33
    -0.007081843824583     0.101423769088297     0.057165193304332
    -0.059295683938961     0.047692713523753     0.081314256218394
    -0.015657760083639    -0.038923186272021     0.026348264440443
    3    34
     0.010988082143400     0.001389409582314    -0.110633367191578
     0.002716645327754    -0.102281412274072     0.010692633042843
     0.043226737579213    -0.000947257921747    -0.049097937254601
    3    35
     0.040629508591981     0.029597582145299     0.018491748308592
     0.078046314352118     0.025121699340127    -0.016834676712511
    -0.120914047925967     0.019856707464238    -0.061104267894301
    3    36
    -4.275529983913517    -4.355351000021043    -0.888694071229506
    -4.120824463011706    -4.412337877199690    -0.608421511444958
     0.145093420677575     0.555587314029763    -2.888172823225802
    3    37
    -0.122174090112954     0.024226660517601     0.129339346757783
     0.166717865631997    -0.057893314415172    -0.150005912457348
     0.147659286532785    -0.141461278307664    -0.136687431016873
    3    38
    -4.132743351795649    -2.266840407425615    -1.755106051369611
    -2.847236231417004    -2.277556684351453    -2.247576664240119
    -2.598318568808613    -2.363179294310595    -2.922636364368684
    3    39
     0.033954037561406    -0.184202697567027     0.052066717709717
    -0.079642917269864     0.062629813946233     0.023437212624884
     0.014520982813143    -0.005336674825832    -0.175963647715098
    3    40
     0.005109726694702    -0.085196471320890     0.039422411025234
     0.062043832346955    -0.099100845972295     0.001289173513233
    -0.013084823160618     0.049844575724273    -0.149976619085798
    3    41
     0.028329032579850    -0.042326093462307     0.014834371065426
    -0.120324125679523    -0.071563839278634     0.020927300276584
     0.040981710377424     0.082097307004449     0.054216716389241
    3    42
    -0.022418106025043     0.003259670190074    -0.001191150835691
    -0.011509937996460     0.001679507504991    -0.008619244963643
     0.022037174343765    -0.000802131620604     0.000823830959952
    3    43
     0.145449916663576    -0.027011659500869    -0.033116432750613
     0.051019860851561    -0.020910038768858    -0.028317078055831
    -0.030462627855189     0.007491649032759     0.011278552033708
    3    44
    -0.024247008251799     0.006922656410468     0.010025028487359
    -0.046058291441758     0.021614626482137     0.038742273738624
     0.146553334698531     0.042207763561893    -0.003043376537683
    3    45
     0.000846767736167    -0.017086090001701    -0.034759925686786
    -0.001517812071513    -0.001566996504131     0.014574866559578
     0.003008267949428    -0.005937892366536    -0.016348080444468
    3    46
    -0.085987547032342    -0.044012502624111    -0.038878822687197
     0.011869612280127    -0.029432443249109     0.006589469168312
    -0.001736238092791     0.148930741865162     0.187133887194458
    3    47
    -0.075261757310588    -0.069903832452843     0.184890237377753
     0.030479417958395    -0.111995497920100     0.091291319295762
     0.141665282296884    -0.053419354056562     0.029460731203205
    3    48
    -0.007156620366693    -0.009641898145934    -0.005529899119487
    -0.011403754128152    -0.023050491506836    -0.012388300884063
     0.003950310958664     0.007130015474051    -0.039653436068900
    4     1
     0.036441451392382    -0.016015917034006     0.097592174729068
     0.016015917034006    -0.120742405120530    -0.039110142358689
    -0.097592174729068    -0.039110142358689     0.036432141153096
    4     2
    -0.043930839156580     0.037233878708984    -0.062176871541557
     0.013334450268616     0.000009704304002     0.051676217989807
     0.022069995883525    -0.061624444368755    -0.047421840066689
    4     3
     0.424058989331144     0.307496181908773     0.053545196966526
    -0.183293774408225    -0.102257087064230     0.083241170074149
    -0.048690849988115     0.167296308441790    -0.056382812796580
    4     4
    12.153464265998329    -2.519867947740112     1.916338329907072
    -2.519867947740112    15.644672093229428     3.856016199632038
     1.916338329907072     3.856016199632038    18.770928616735727
    4     5
     0.264296476432549    -0.357194113998603     0.635599517816101
    -0.226414891594846    -0.345814478840816    -0.115491426480590
     0.571130176627155     0.220675386874607     0.371914578263844
    4     6
    -0.345814478840816    -0.220675386874607    -0.357194113998603
     0.115491426480590     0.371914578263844    -0.635599517816101
    -0.226414891594846    -0.571130176627155     0.264296476432549
    4     7
    -0.016881824530286     0.005028464657582    -0.020054837311187
     0.005028464657582     0.044714924822873     0.008125901718396
     0.020054837311187    -0.008125901718396     0.045919039282885
    4     8
    -0.020035579699943     0.009043534812290     0.047155802188811
    -0.026378449061164    -0.001645986224146    -0.031735688909216
     0.007948189579754     0.026741909312390     0.007912093988283
    4     9
    -0.167581497128326     0.089811488433804     0.121940277153490
     0.070348668909470     0.237391579007096     0.627351765394777
     0.142838037307721    -0.025662540273691     0.149813060131323
    4    10
     0.026780604994421     0.045591821937044    -0.021102430738906
    -0.045591821937044     0.033330859199160    -0.008729579401443
    -0.021102430738906     0.008729579401443     0.014203178826325
    4    11
    -0.056382812796580    -0.053545196966526    -0.083241170074149
     0.048690849988115     0.424058989331144    -0.183293774408225
    -0.167296308441790     0.307496181908773    -0.102257087064229
    4    12
    -0.079728606090061     0.005367131977292     0.001895215584580
     0.055883856891257    -0.026327960900418    -0.017156266666886
     0.020228549877099     0.022224145161824    -0.099279268900566
    4    13
     0.444210486666180     0.301056597280986     0.030036607068068
    -0.301056597280986    -0.566052092960912     0.134459293355181
    -0.030036607068068     0.134459293355181    -1.769622876247565
    4    14
     0.149813060131323    -0.121940277153490     0.627351765394777
    -0.142838037307721    -0.167581497128326    -0.070348668909470
    -0.025662540273691    -0.089811488433804     0.237391579007096
    4    15
     0.018483399292587     0.015288370447425    -0.049302777250276
    -0.007316640104415    -0.018505238580151    -0.038885540201619
    -0.016194343645125    -0.014582339057802    -0.012685735039595
    4    16
     0.001632705874912     0.059318709103523    -0.038050719623776
     0.059318709103523    -0.052911419368257     0.008629995196426
    -0.038050719623776     0.008629995196426    -0.042522694927412
    4    17
    -0.157178586357683    -0.034594499528466    -0.024066762313857
     0.231006651523785    -0.450019214194019    -0.718697705006538
    -0.477262576382552    -0.663893806409630    -1.179225262538552
    4    18
    -0.450019214194019     0.663893806409630    -0.034594499528466
     0.718697705006538    -1.179225262538553     0.024066762313857
     0.231006651523785     0.477262576382552    -0.157178586357683
    4    19
     0.031529534136870     0.013442151470226     0.002381837632557
     0.013442151470226    -0.040926666533926     0.010928519445629
    -0.002381837632557    -0.010928519445629    -0.045613458667979
    4    20
    -0.099279268900566     0.001895215584580    -0.017156266666886
     0.020228549877099    -0.079728606090061     0.055883856891257
     0.022224145161824     0.005367131977292    -0.026327960900418
    4    21
     0.000009704304002     0.061624444368755    -0.037233878708984
    -0.051676217989807    -0.047421840066689    -0.062176871541557
    -0.013334450268616     0.022069995883525    -0.043930839156580
    4    22
     0.007383605326302     0.007802621336872     0.009366270132336
    -0.007802621336872     0.000034968640038    -0.025835022768431
     0.009366270132336     0.025835022768431     0.000268225489482
    4    23
    -0.012685735039595     0.049302777250276     0.038885540201619
     0.016194343645125     0.018483399292587    -0.007316640104415
     0.014582339057802     0.015288370447425    -0.018505238580151
    4    24
    -0.001645986224146     0.026741909312390     0.009043534812290
    -0.031735688909216     0.007912093988283     0.047155802188811
    -0.026378449061164     0.007948189579754    -0.020035579699943
    4    25
     0.029460731203204    -0.141665282296884     0.053419354056562
    -0.184890237377753    -0.075261757310588    -0.069903832452843
    -0.091291319295762     0.030479417958395    -0.111995497920100
    4    26
    -0.039653436068900    -0.003950310958664    -0.007130015474051
     0.005529899119487    -0.007156620366693    -0.009641898145934
     0.012388300884063    -0.011403754128152    -0.023050491506836
    4    27
     0.187133887194458     0.001736238092791    -0.148930741865162
     0.038878822687197    -0.085987547032342    -0.044012502624111
    -0.006589469168312     0.011869612280127    -0.029432443249109
    4    28
     0.054216716389241    -0.040981710377424    -0.082097307004449
    -0.014834371065426     0.028329032579850    -0.042326093462307
    -0.020927300276584    -0.120324125679523    -0.071563839278634
    4    29
     0.000823830959952    -0.022037174343765     0.000802131620604
     0.001191150835691    -0.022418106025043     0.003259670190074
     0.008619244963643    -0.011509937996460     0.001679507504992
    4    30
    -0.149976619085798     0.013084823160618    -0.049844575724273
    -0.039422411025234     0.005109726694701    -0.085196471320890
    -0.001289173513233     0.062043832346955    -0.099100845972295
    4    31
     0.147451573915811     0.202200973730698    -0.086932621025333
     0.210793149762874     0.102572946507398     0.241233581094260
    -0.239190605972347     0.117246016204061    -0.315036613943738
    4    32
    -1.693640720758013    -0.377143724981914    -0.469539092079608
     0.090928658222514    -2.939562913402879     3.448281735250709
    -1.040512736625926     2.403799536857463    -3.545227503896339
    4    33
    -4.531366329139579    -0.370537576195830    -4.223128104955210
    -0.613590996028366    -2.172357900494966     0.414620844740777
    -3.287381218693294     0.613067000440724    -5.409378904258046
    4    34
    -0.045658934472844     0.112846843436105     0.070744059451283
     0.104631452198563    -0.008218665289253    -0.050420698339940
     0.027260487430890    -0.049352525158611    -0.114759401551063
    4    35
     0.026348264440442     0.015657760083639     0.038923186272021
    -0.057165193304332    -0.007081843824583     0.101423769088297
    -0.081314256218394    -0.059295683938961     0.047692713523753
    4    36
     0.103216398946887     0.034595843767920    -0.004464171349109
    -0.012075999071886    -0.035612022503746    -0.043603213014630
    -0.106809436838660    -0.024971667485689     0.088784850410173
    4    37
    -0.061104267894301     0.120914047925967    -0.019856707464238
    -0.018491748308592     0.040629508591981     0.029597582145299
     0.016834676712511     0.078046314352118     0.025121699340127
    4    38
    -2.888172823225802    -0.145093420677575    -0.555587314029763
     0.888694071229506    -4.275529983913517    -4.355351000021043
     0.608421511444958    -4.120824463011706    -4.412337877199690
    4    39
    -0.049097937254601    -0.043226737579213     0.000947257921747
     0.110633367191578     0.010988082143400     0.001389409582314
    -0.010692633042843     0.002716645327754    -0.102281412274072
    4    40
     0.026092781604413    -0.014216834826037     0.036021345258857
    -0.028104820804649     0.025139450666613    -0.001398752967230
     0.011692419423028    -0.002815883345076     0.005191541158993
    4    41
     0.072053702232693    -0.101753917981002     0.106830318585792
     0.063383667114782    -0.024900934710484    -0.038896445114010
     0.026120491351401     0.047631942851897    -0.028251085105768
    4    42
    -0.051666325860566     0.066425069646035     0.026649528757706
    -0.017348835413629    -0.043130158578017     0.011777213311205
     0.038126372683667    -0.030855679788638     0.089538449462222
    4    43
    -2.922636364368684     2.598318568808613     2.363179294310595
     1.755106051369611    -4.132743351795649    -2.266840407425615
     2.247576664240119    -2.847236231417004    -2.277556684351453
    4    44
    -0.175963647715098    -0.014520982813143     0.005336674825832
    -0.052066717709717     0.033954037561406    -0.184202697567027
    -0.023437212624884    -0.079642917269864     0.062629813946233
    4    45
    -0.136687431016873    -0.147659286532785     0.141461278307664
    -0.129339346757783    -0.122174090112954     0.024226660517601
     0.150005912457348     0.166717865631997    -0.057893314415172
    4    46
    -0.003043376537683    -0.146553334698531    -0.042207763561893
    -0.010025028487359    -0.024247008251799     0.006922656410468
    -0.038742273738624    -0.046058291441758     0.021614626482137
    4    47
    -0.016348080444468    -0.003008267949428     0.005937892366536
     0.034759925686786     0.000846767736166    -0.017086090001701
    -0.014574866559578    -0.001517812071513    -0.001566996504131
    4    48
     0.011278552033708     0.030462627855189    -0.007491649032759
     0.033116432750613     0.145449916663576    -0.027011659500869
     0.028317078055831     0.051019860851561    -0.020910038768858
    5     1
    -0.043930839156580    -0.013334450268616    -0.022069995883525
    -0.037233878708984     0.000009704304002    -0.061624444368755
     0.062176871541557     0.051676217989807    -0.047421840066689
    5     2
    -0.045613458667979    -0.002381837632557     0.010928519445629
     0.002381837632557     0.031529534136870    -0.013442151470226
    -0.010928519445629    -0.013442151470226    -0.040926666533927
    5     3
    -0.026327960900418     0.022224145161824    -0.005367131977292
    -0.017156266666886    -0.099279268900566    -0.001895215584580
    -0.055883856891257    -0.020228549877099    -0.079728606090061
    5     4
     0.264296476432549    -0.226414891594846     0.571130176627155
    -0.357194113998603    -0.345814478840816     0.220675386874607
     0.635599517816101    -0.115491426480590     0.371914578263844
    5     5
    18.770928616735731     1.916338329907072    -3.856016199632039
     1.916338329907072    12.153464265998331     2.519867947740113
    -3.856016199632039     2.519867947740113    15.644672093229431
    5     6
     0.371914578263844     0.571130176627155    -0.220675386874607
     0.635599517816101     0.264296476432549     0.357194113998602
     0.115491426480590     0.226414891594846    -0.345814478840816
    5     7
    -0.020035579699943    -0.026378449061164    -0.007948189579754
     0.009043534812290    -0.001645986224146    -0.026741909312390
    -0.047155802188811     0.031735688909216     0.007912093988282
    5     8
     0.000268225489482     0.009366270132336    -0.025835022768431
     0.009366270132336     0.007383605326302    -0.007802621336872
     0.025835022768431     0.007802621336872     0.000034968640038
    5     9
    -0.018505238580151     0.014582339057802    -0.015288370447425
     0.038885540201619    -0.012685735039595    -0.049302777250276
     0.007316640104415    -0.016194343645125     0.018483399292587
    5    10
    -0.056382812796580    -0.048690849988115    -0.167296308441790
     0.053545196966526     0.424058989331144    -0.307496181908773
    -0.083241170074149     0.183293774408225    -0.102257087064229
    5    11
     0.036432141153096    -0.097592174729068     0.039110142358689
     0.097592174729068     0.036441451392382     0.016015917034006
     0.039110142358689    -0.016015917034006    -0.120742405120530
    5    12
    -0.047421840066689     0.022069995883525     0.061624444368755
    -0.062176871541557    -0.043930839156580    -0.037233878708984
    -0.051676217989807    -0.013334450268616     0.000009704304002
    5    13
     0.149813060131323     0.142838037307721     0.025662540273691
     0.121940277153490    -0.167581497128326    -0.089811488433804
    -0.627351765394777    -0.070348668909470     0.237391579007096
    5    14
     0.045919039282886     0.020054837311187     0.008125901718396
    -0.020054837311187    -0.016881824530286    -0.005028464657582
    -0.008125901718396    -0.005028464657582     0.044714924822873
    5    15
     0.007912093988283     0.007948189579754    -0.026741909312390
     0.047155802188811    -0.020035579699943    -0.009043534812290
     0.031735688909216     0.026378449061164    -0.001645986224146
    5    16
    -0.157178586357683     0.231006651523785    -0.477262576382552
    -0.034594499528466    -0.450019214194019    -0.663893806409630
    -0.024066762313857    -0.718697705006538    -1.179225262538552
    5    17
    -0.042522694927412    -0.038050719623776    -0.008629995196426
    -0.038050719623776     0.001632705874912    -0.059318709103523
    -0.008629995196426    -0.059318709103523    -0.052911419368257
    5    18
    -1.179225262538553    -0.477262576382552     0.663893806409630
    -0.024066762313857    -0.157178586357683     0.034594499528466
     0.718697705006538    -0.231006651523785    -0.450019214194019
    5    19
    -0.099279268900566     0.020228549877099    -0.022224145161824
     0.001895215584580    -0.079728606090061    -0.005367131977292
     0.017156266666886    -0.055883856891257    -0.026327960900418
    5    20
     0.014203178826325    -0.021102430738906    -0.008729579401443
    -0.021102430738906     0.026780604994421    -0.045591821937044
     0.008729579401443     0.045591821937044     0.033330859199160
    5    21
    -0.102257087064229    -0.167296308441790    -0.307496181908773
    -0.083241170074149    -0.056382812796580     0.053545196966526
     0.183293774408225    -0.048690849988115     0.424058989331144
    5    22
    -0.012685735039595    -0.016194343645125     0.014582339057802
    -0.049302777250276     0.018483399292587    -0.015288370447425
     0.038885540201619     0.007316640104415    -0.018505238580151
    5    23
    -1.769622876247565    -0.030036607068068    -0.134459293355180
     0.030036607068068     0.444210486666180    -0.301056597280986
    -0.134459293355181     0.301056597280986    -0.566052092960912
    5    24
     0.237391579007096    -0.025662540273691     0.089811488433804
     0.627351765394777     0.149813060131323     0.121940277153490
     0.070348668909470     0.142838037307721    -0.167581497128326
    5    25
    -0.028251085105768     0.026120491351401    -0.047631942851897
     0.106830318585792     0.072053702232693     0.101753917981002
     0.038896445114010    -0.063383667114782    -0.024900934710484
    5    26
     0.089538449462222     0.038126372683667     0.030855679788638
     0.026649528757706    -0.051666325860566    -0.066425069646035
    -0.011777213311205     0.017348835413629    -0.043130158578017
    5    27
     0.005191541158993     0.011692419423027     0.002815883345076
     0.036021345258857     0.026092781604413     0.014216834826037
     0.001398752967230     0.028104820804649     0.025139450666613
    5    28
    -0.001566996504131    -0.014574866559578     0.001517812071513
     0.005937892366536    -0.016348080444468     0.003008267949428
     0.017086090001701    -0.034759925686786     0.000846767736167
    5    29
    -0.020910038768858     0.028317078055831    -0.051019860851561
    -0.007491649032759     0.011278552033708    -0.030462627855189
     0.027011659500869    -0.033116432750613     0.145449916663576
    5    30
     0.021614626482137    -0.038742273738624     0.046058291441758
    -0.042207763561893    -0.003043376537683     0.146553334698531
    -0.006922656410468     0.010025028487359    -0.024247008251799
    5    31
    -3.545227503896339    -1.040512736625926    -2.403799536857463
    -0.469539092079608    -1.693640720758013     0.377143724981914
    -3.448281735250709    -0.090928658222514    -2.939562913402879
    5    32
    -5.409378904258046    -3.287381218693294    -0.613067000440723
    -4.223128104955210    -4.531366329139579     0.370537576195830
    -0.414620844740777     0.613590996028366    -2.172357900494966
    5    33
    -0.315036613943738    -0.239190605972347    -0.117246016204061
    -0.086932621025333     0.147451573915811    -0.202200973730698
    -0.241233581094260    -0.210793149762874     0.102572946507398
    5    34
    -0.023050491506836     0.012388300884063     0.011403754128152
    -0.007130015474051    -0.039653436068900     0.003950310958664
     0.009641898145934    -0.005529899119487    -0.007156620366693
    5    35
    -0.029432443249109    -0.006589469168312    -0.011869612280127
    -0.148930741865162     0.187133887194458    -0.001736238092791
     0.044012502624111    -0.038878822687197    -0.085987547032342
    5    36
    -0.111995497920100    -0.091291319295762    -0.030479417958395
     0.053419354056562     0.029460731203204     0.141665282296884
     0.069903832452843     0.184890237377753    -0.075261757310588
    5    37
     0.001679507504992     0.008619244963643     0.011509937996460
     0.000802131620604     0.000823830959952     0.022037174343765
    -0.003259670190074    -0.001191150835691    -0.022418106025043
    5    38
    -0.099100845972295    -0.001289173513233    -0.062043832346955
    -0.049844575724273    -0.149976619085798    -0.013084823160618
     0.085196471320890     0.039422411025234     0.005109726694701
    5    39
    -0.071563839278634    -0.020927300276584     0.120324125679523
    -0.082097307004449     0.054216716389241     0.040981710377424
     0.042326093462307     0.014834371065426     0.028329032579850
    5    40
     0.047692713523753    -0.081314256218394     0.059295683938960
     0.038923186272021     0.026348264440443    -0.015657760083639
    -0.101423769088297     0.057165193304332    -0.007081843824583
    5    41
     0.088784850410173    -0.106809436838660     0.024971667485689
    -0.004464171349109     0.103216398946887    -0.034595843767920
     0.043603213014630     0.012075999071886    -0.035612022503746
    5    42
    -0.114759401551063     0.027260487430890     0.049352525158611
     0.070744059451283    -0.045658934472844    -0.112846843436105
     0.050420698339940    -0.104631452198563    -0.008218665289253
    5    43
     0.062629813946233    -0.023437212624884     0.079642917269864
     0.005336674825832    -0.175963647715098     0.014520982813143
     0.184202697567027     0.052066717709717     0.033954037561406
    5    44
    -0.057893314415172     0.150005912457348    -0.166717865631997
     0.141461278307664    -0.136687431016874     0.147659286532785
    -0.024226660517601     0.129339346757782    -0.122174090112954
    5    45
    -2.277556684351453     2.247576664240119     2.847236231417004
     2.363179294310595    -2.922636364368684    -2.598318568808613
     2.266840407425615    -1.755106051369611    -4.132743351795649
    5    46
    -4.412337877199690     0.608421511444958     4.120824463011706
    -0.555587314029763    -2.888172823225802     0.145093420677575
     4.355351000021043    -0.888694071229506    -4.275529983913517
    5    47
    -0.102281412274072    -0.010692633042843    -0.002716645327754
     0.000947257921747    -0.049097937254601     0.043226737579213
    -0.001389409582314    -0.110633367191578     0.010988082143401
    5    48
     0.025121699340127     0.016834676712511    -0.078046314352118
    -0.019856707464238    -0.061104267894301    -0.120914047925967
    -0.029597582145299     0.018491748308592     0.040629508591981
    6     1
     0.424058989331144     0.183293774408225     0.048690849988115
    -0.307496181908773    -0.102257087064230     0.167296308441790
    -0.053545196966526     0.083241170074149    -0.056382812796580
    6     2
    -0.026327960900418     0.017156266666886     0.055883856891257
    -0.022224145161824    -0.099279268900566    -0.020228549877099
     0.005367131977292    -0.001895215584580    -0.079728606090061
    6     3
     0.033330859199160     0.008729579401443    -0.045591821937044
    -0.008729579401443     0.014203178826325     0.021102430738906
     0.045591821937044     0.021102430738906     0.026780604994421
    6     4
    -0.345814478840816     0.115491426480590    -0.226414891594846
    -0.220675386874607     0.371914578263844    -0.571130176627155
    -0.357194113998603    -0.635599517816101     0.264296476432549
    6     5
     0.371914578263844     0.635599517816101     0.115491426480590
     0.571130176627155     0.264296476432549     0.226414891594846
    -0.220675386874607     0.357194113998602    -0.345814478840816
    6     6
    15.644672093229428    -3.856016199632038    -2.519867947740113
    -3.856016199632038    18.770928616735734    -1.916338329907072
    -2.519867947740113    -1.916338329907072    12.153464265998325
    6     7
    -0.167581497128326     0.070348668909470    -0.142838037307721
     0.089811488433804     0.237391579007096     0.025662540273691
    -0.121940277153490    -0.627351765394777     0.149813060131323
    6     8
    -0.018505238580151     0.038885540201619    -0.007316640104415
     0.014582339057802    -0.012685735039595     0.016194343645125
     0.015288370447426     0.049302777250276     0.018483399292587
    6     9
    -0.566052092960912    -0.134459293355181    -0.301056597280986
    -0.134459293355181    -1.769622876247565     0.030036607068068
     0.301056597280986    -0.030036607068068     0.444210486666180
    6    10
    -0.079728606090061    -0.055883856891257     0.020228549877099
    -0.005367131977292    -0.026327960900418    -0.022224145161824
     0.001895215584580     0.017156266666886    -0.099279268900566
    6    11
    -0.047421840066689     0.062176871541557    -0.051676217989807
    -0.022069995883525    -0.043930839156580     0.013334450268616
     0.061624444368755     0.037233878708984     0.000009704304002
    6    12
    -0.040926666533927    -0.010928519445629     0.013442151470226
     0.010928519445629    -0.045613458667979     0.002381837632557
     0.013442151470226    -0.002381837632557     0.031529534136870
    6    13
     0.018483399292587     0.007316640104415     0.016194343645125
    -0.015288370447425    -0.018505238580152    -0.014582339057802
     0.049302777250276    -0.038885540201619    -0.012685735039595
    6    14
     0.007912093988283    -0.047155802188811    -0.031735688909216
    -0.007948189579754    -0.020035579699943     0.026378449061164
     0.026741909312390    -0.009043534812290    -0.001645986224146
    6    15
     0.000034968640038     0.025835022768431    -0.007802621336872
    -0.025835022768431     0.000268225489482    -0.009366270132336
     0.007802621336872    -0.009366270132336     0.007383605326302
    6    16
    -0.450019214194019     0.718697705006538     0.231006651523785
     0.663893806409630    -1.179225262538553     0.477262576382552
    -0.034594499528466     0.024066762313857    -0.157178586357683
    6    17
    -1.179225262538553    -0.024066762313857     0.718697705006538
    -0.477262576382552    -0.157178586357683    -0.231006651523785
     0.663893806409630     0.034594499528466    -0.450019214194019
    6    18
    -0.052911419368257    -0.008629995196426     0.059318709103523
    -0.008629995196426    -0.042522694927412     0.038050719623776
     0.059318709103523     0.038050719623776     0.001632705874912
    6    19
     0.000009704304002    -0.051676217989807     0.013334450268616
     0.061624444368755    -0.047421840066689    -0.022069995883525
     0.037233878708984     0.062176871541557    -0.043930839156580
    6    20
    -0.102257087064229    -0.083241170074149    -0.183293774408225
    -0.167296308441790    -0.056382812796580     0.048690849988115
     0.307496181908773    -0.053545196966526     0.424058989331144
    6    21
    -0.120742405120530     0.039110142358689     0.016015917034006
     0.039110142358689     0.036432141153096     0.097592174729068
    -0.016015917034006    -0.097592174729068     0.036441451392382
    6    22
    -0.001645986224146     0.031735688909216    -0.026378449061164
    -0.026741909312390     0.007912093988283    -0.007948189579754
     0.009043534812290    -0.047155802188811    -0.020035579699943
    6    23
     0.237391579007096    -0.627351765394777     0.070348668909470
     0.025662540273691     0.149813060131323    -0.142838037307721
     0.089811488433804    -0.121940277153490    -0.167581497128326
    6    24
     0.044714924822873    -0.008125901718396     0.005028464657582
     0.008125901718396     0.045919039282886    -0.020054837311187
     0.005028464657582     0.020054837311187    -0.016881824530286
    6    25
    -0.035612022503746     0.043603213014630    -0.012075999071886
     0.024971667485689     0.088784850410173     0.106809436838660
     0.034595843767920     0.004464171349109     0.103216398946887
    6    26
    -0.008218665289253     0.050420698339940     0.104631452198563
     0.049352525158611    -0.114759401551063    -0.027260487430890
     0.112846843436105    -0.070744059451283    -0.045658934472843
    6    27
    -0.007081843824583    -0.101423769088297    -0.057165193304332
     0.059295683938961     0.047692713523753     0.081314256218394
     0.015657760083639    -0.038923186272021     0.026348264440443
    6    28
     0.010988082143401    -0.001389409582314     0.110633367191578
    -0.002716645327754    -0.102281412274072     0.010692633042843
    -0.043226737579213    -0.000947257921747    -0.049097937254601
    6    29
     0.040629508591981    -0.029597582145299    -0.018491748308592
    -0.078046314352118     0.025121699340127    -0.016834676712511
     0.120914047925967     0.019856707464238    -0.061104267894301
    6    30
    -4.275529983913517     4.355351000021043     0.888694071229506
     4.120824463011706    -4.412337877199690    -0.608421511444958
    -0.145093420677575     0.555587314029763    -2.888172823225802
    6    31
    -2.172357900494966    -0.414620844740777    -0.613590996028366
    -0.613067000440723    -5.409378904258046     3.287381218693294
    -0.370537576195830     4.223128104955210    -4.531366329139579
    6    32
     0.102572946507398    -0.241233581094260     0.210793149762874
    -0.117246016204061    -0.315036613943738     0.239190605972347
     0.202200973730698     0.086932621025333     0.147451573915811
    6    33
    -2.939562913402879    -3.448281735250709     0.090928658222514
    -2.403799536857463    -3.545227503896339     1.040512736625926
    -0.377143724981914     0.469539092079608    -1.693640720758013
    6    34
    -0.043130158578016    -0.011777213311205    -0.017348835413629
     0.030855679788638     0.089538449462222    -0.038126372683667
     0.066425069646035    -0.026649528757706    -0.051666325860565
    6    35
     0.025139450666613     0.001398752967230    -0.028104820804649
     0.002815883345076     0.005191541158993    -0.011692419423027
    -0.014216834826037    -0.036021345258857     0.026092781604413
    6    36
    -0.024900934710484     0.038896445114010     0.063383667114782
    -0.047631942851897    -0.028251085105768    -0.026120491351401
    -0.101753917981002    -0.106830318585792     0.072053702232693
    6    37
     0.145449916663576     0.027011659500869     0.033116432750613
    -0.051019860851561    -0.020910038768858    -0.028317078055831
     0.030462627855189     0.007491649032759     0.011278552033708
    6    38
    -0.024247008251799    -0.006922656410468    -0.010025028487359
     0.046058291441758     0.021614626482137     0.038742273738624
    -0.146553334698531     0.042207763561893    -0.003043376537683
    6    39
     0.000846767736167     0.017086090001701     0.034759925686786
     0.001517812071513    -0.001566996504131     0.014574866559578
    -0.003008267949428    -0.005937892366536    -0.016348080444468
    6    40
    -0.085987547032342     0.044012502624111     0.038878822687197
    -0.011869612280127    -0.029432443249109     0.006589469168312
     0.001736238092791     0.148930741865162     0.187133887194458
    6    41
    -0.075261757310588     0.069903832452843    -0.184890237377753
    -0.030479417958395    -0.111995497920100     0.091291319295762
    -0.141665282296884    -0.053419354056562     0.029460731203204
    6    42
    -0.007156620366693     0.009641898145934     0.005529899119487
     0.011403754128152    -0.023050491506836    -0.012388300884063
    -0.003950310958664     0.007130015474051    -0.039653436068900
    6    43
    -0.122174090112954    -0.024226660517601    -0.129339346757782
    -0.166717865631997    -0.057893314415172    -0.150005912457348
    -0.147659286532785    -0.141461278307664    -0.136687431016873
    6    44
    -4.132743351795649     2.266840407425615     1.755106051369611
     2.847236231417004    -2.277556684351453    -2.247576664240119
     2.598318568808613    -2.363179294310595    -2.922636364368684
    6    45
     0.033954037561407     0.184202697567027    -0.052066717709717
     0.079642917269864     0.062629813946233     0.023437212624884
    -0.014520982813143    -0.005336674825832    -0.175963647715098
    6    46
     0.005109726694701     0.085196471320890    -0.039422411025234
    -0.062043832346955    -0.099100845972295     0.001289173513233
     0.013084823160618     0.049844575724273    -0.149976619085798
    6    47
     0.028329032579850     0.042326093462307    -0.014834371065426
     0.120324125679523    -0.071563839278634     0.020927300276584
    -0.040981710377424     0.082097307004449     0.054216716389241
    6    48
    -0.022418106025042    -0.003259670190074     0.001191150835691
     0.011509937996460     0.001679507504992    -0.008619244963643
    -0.022037174343765    -0.000802131620604     0.000823830959952
    7     1
     0.026780604994421     0.045591821937044     0.021102430738906
    -0.045591821937044     0.033330859199160     0.008729579401443
     0.021102430738906    -0.008729579401443     0.014203178826325
    7     2
    -0.056382812796580    -0.053545196966526     0.083241170074149
     0.048690849988115     0.424058989331144     0.183293774408225
     0.167296308441790    -0.307496181908773    -0.102257087064230
    7     3
    -0.079728606090061     0.005367131977292    -0.001895215584580
     0.055883856891257    -0.026327960900418     0.017156266666886
    -0.020228549877099    -0.022224145161824    -0.099279268900566
    7     4
    -0.016881824530286     0.005028464657582     0.020054837311187
     0.005028464657582     0.044714924822873    -0.008125901718396
    -0.020054837311187     0.008125901718396     0.045919039282885
    7     5
    -0.020035579699943     0.009043534812290    -0.047155802188811
    -0.026378449061164    -0.001645986224146     0.031735688909216
    -0.007948189579754    -0.026741909312390     0.007912093988282
    7     6
    -0.167581497128326     0.089811488433804    -0.121940277153490
     0.070348668909470     0.237391579007096    -0.627351765394777
    -0.142838037307721     0.025662540273691     0.149813060131323
    7     7
    12.153464265998327    -2.519867947740112    -1.916338329907072
    -2.519867947740112    15.644672093229426    -3.856016199632038
    -1.916338329907072    -3.856016199632038    18.770928616735741
    7     8
     0.264296476432549    -0.357194113998602    -0.635599517816102
    -0.226414891594846    -0.345814478840816     0.115491426480590
    -0.571130176627155    -0.220675386874607     0.371914578263844
    7     9
    -0.345814478840816    -0.220675386874607     0.357194113998602
     0.115491426480590     0.371914578263844     0.635599517816101
     0.226414891594846     0.571130176627155     0.264296476432549
    7    10
     0.036441451392382    -0.016015917034006    -0.097592174729068
     0.016015917034006    -0.120742405120530     0.039110142358689
     0.097592174729068     0.039110142358689     0.036432141153096
    7    11
    -0.043930839156580     0.037233878708984     0.062176871541557
     0.013334450268616     0.000009704304002    -0.051676217989807
    -0.022069995883525     0.061624444368755    -0.047421840066689
    7    12
     0.424058989331144     0.307496181908773    -0.053545196966526
    -0.183293774408225    -0.102257087064229    -0.083241170074149
     0.048690849988115    -0.167296308441790    -0.056382812796580
    7    13
     0.007383605326302     0.007802621336872    -0.009366270132336
    -0.007802621336872     0.000034968640038     0.025835022768431
    -0.009366270132336    -0.025835022768431     0.000268225489482
    7    14
    -0.012685735039595     0.049302777250276    -0.038885540201619
     0.016194343645125     0.018483399292587     0.007316640104415
    -0.014582339057802    -0.015288370447425    -0.018505238580152
    7    15
    -0.001645986224146     0.026741909312390    -0.009043534812290
    -0.031735688909216     0.007912093988283    -0.047155802188811
     0.026378449061164    -0.007948189579754    -0.020035579699943
    7    16
     0.031529534136870     0.013442151470226    -0.002381837632557
     0.013442151470226    -0.040926666533926    -0.010928519445629
     0.002381837632557     0.010928519445629    -0.045613458667979
    7    17
    -0.099279268900566     0.001895215584580     0.017156266666886
     0.020228549877099    -0.079728606090061    -0.055883856891257
    -0.022224145161824    -0.005367131977292    -0.026327960900418
    7    18
     0.000009704304002     0.061624444368755     0.037233878708984
    -0.051676217989807    -0.047421840066689     0.062176871541557
     0.013334450268616    -0.022069995883525    -0.043930839156580
    7    19
     0.001632705874912     0.059318709103523     0.038050719623776
     0.059318709103523    -0.052911419368257    -0.008629995196426
     0.038050719623776    -0.008629995196426    -0.042522694927412
    7    20
    -0.157178586357683    -0.034594499528466     0.024066762313857
     0.231006651523785    -0.450019214194019     0.718697705006538
     0.477262576382552     0.663893806409630    -1.179225262538553
    7    21
    -0.450019214194019     0.663893806409630     0.034594499528466
     0.718697705006538    -1.179225262538552    -0.024066762313857
    -0.231006651523785    -0.477262576382552    -0.157178586357683
    7    22
     0.444210486666180     0.301056597280986    -0.030036607068068
    -0.301056597280986    -0.566052092960912    -0.134459293355181
     0.030036607068068    -0.134459293355181    -1.769622876247565
    7    23
     0.149813060131323    -0.121940277153490    -0.627351765394777
    -0.142838037307721    -0.167581497128326     0.070348668909470
     0.025662540273691     0.089811488433804     0.237391579007096
    7    24
     0.018483399292587     0.015288370447425     0.049302777250276
    -0.007316640104415    -0.018505238580151     0.038885540201619
     0.016194343645125     0.014582339057802    -0.012685735039595
    7    25
    -0.045658934472843     0.112846843436105    -0.070744059451283
     0.104631452198563    -0.008218665289253     0.050420698339940
    -0.027260487430890     0.049352525158611    -0.114759401551063
    7    26
     0.026348264440443     0.015657760083639    -0.038923186272021
    -0.057165193304332    -0.007081843824583    -0.101423769088297
     0.081314256218394     0.059295683938961     0.047692713523753
    7    27
     0.103216398946887     0.034595843767920     0.004464171349109
    -0.012075999071886    -0.035612022503746     0.043603213014630
     0.106809436838660     0.024971667485689     0.088784850410173
    7    28
     0.147451573915812     0.202200973730698     0.086932621025333
     0.210793149762874     0.102572946507398    -0.241233581094260
     0.239190605972347    -0.117246016204061    -0.315036613943738
    7    29
    -1.693640720758013    -0.377143724981914     0.469539092079608
     0.090928658222514    -2.939562913402879    -3.448281735250709
     1.040512736625926    -2.403799536857463    -3.545227503896339
    7    30
    -4.531366329139580    -0.370537576195830     4.223128104955210
    -0.613590996028366    -2.172357900494966    -0.414620844740777
     3.287381218693294    -0.613067000440724    -5.409378904258046
    7    31
     0.054216716389241    -0.040981710377424     0.082097307004449
    -0.014834371065426     0.028329032579850     0.042326093462307
     0.020927300276584     0.120324125679523    -0.071563839278634
    7    32
     0.000823830959952    -0.022037174343765    -0.000802131620604
     0.001191150835691    -0.022418106025043    -0.003259670190074
    -0.008619244963643     0.011509937996460     0.001679507504992
    7    33
    -0.149976619085798     0.013084823160618     0.049844575724273
    -0.039422411025234     0.005109726694701     0.085196471320890
     0.001289173513233    -0.062043832346955    -0.099100845972295
    7    34
     0.029460731203205    -0.141665282296884    -0.053419354056562
    -0.184890237377753    -0.075261757310588     0.069903832452843
     0.091291319295762    -0.030479417958395    -0.111995497920100
    7    35
    -0.039653436068900    -0.003950310958664     0.007130015474051
     0.005529899119487    -0.007156620366693     0.009641898145934
    -0.012388300884063     0.011403754128152    -0.023050491506836
    7    36
     0.187133887194458     0.001736238092791     0.148930741865162
     0.038878822687197    -0.085987547032342     0.044012502624111
     0.006589469168312    -0.011869612280127    -0.029432443249109
    7    37
    -0.003043376537683    -0.146553334698531     0.042207763561893
    -0.010025028487359    -0.024247008251799    -0.006922656410468
     0.038742273738624     0.046058291441758     0.021614626482137
    7    38
    -0.016348080444468    -0.003008267949428    -0.005937892366536
     0.034759925686786     0.000846767736167     0.017086090001701
     0.014574866559578     0.001517812071513    -0.001566996504131
    7    39
     0.011278552033708     0.030462627855189     0.007491649032759
     0.033116432750613     0.145449916663576     0.027011659500869
    -0.028317078055831    -0.051019860851561    -0.020910038768858
    7    40
    -2.922636364368683     2.598318568808613    -2.363179294310595
     1.755106051369611    -4.132743351795649     2.266840407425615
    -2.247576664240119     2.847236231417004    -2.277556684351453
    7    41
    -0.175963647715098    -0.014520982813143    -0.005336674825832
    -0.052066717709717     0.033954037561407     0.184202697567027
     0.023437212624884     0.079642917269864     0.062629813946233
    7    42
    -0.136687431016873    -0.147659286532785    -0.141461278307664
    -0.129339346757783    -0.122174090112954    -0.024226660517601
    -0.150005912457348    -0.166717865631997    -0.057893314415173
    7    43
     0.026092781604413    -0.014216834826037    -0.036021345258857
    -0.028104820804649     0.025139450666613     0.001398752967230
    -0.011692419423027     0.002815883345076     0.005191541158993
    7    44
     0.072053702232693    -0.101753917981002    -0.106830318585792
     0.063383667114782    -0.024900934710484     0.038896445114010
    -0.026120491351401    -0.047631942851897    -0.028251085105768
    7    45
    -0.051666325860565     0.066425069646035    -0.026649528757706
    -0.017348835413629    -0.043130158578016    -0.011777213311205
    -0.038126372683667     0.030855679788638     0.089538449462222
    7    46
    -0.061104267894301     0.120914047925967     0.019856707464238
    -0.018491748308592     0.040629508591981    -0.029597582145299
    -0.016834676712511    -0.078046314352118     0.025121699340127
    7    47
    -2.888172823225801    -0.145093420677575     0.555587314029763
     0.888694071229506    -4.275529983913517     4.355351000021043
    -0.608421511444958     4.120824463011706    -4.412337877199690
    7    48
    -0.049097937254601    -0.043226737579213    -0.000947257921747
     0.110633367191578     0.010988082143400    -0.001389409582314
     0.010692633042843    -0.002716645327754    -0.102281412274072
    8     1
    -0.056382812796580    -0.048690849988115     0.167296308441790
     0.053545196966526     0.424058989331144     0.307496181908773
     0.083241170074149    -0.183293774408225    -0.102257087064230
    8     2
     0.036432141153096    -0.097592174729068    -0.039110142358689
     0.097592174729068     0.036441451392382    -0.016015917034006
    -0.039110142358689     0.016015917034006    -0.120742405120530
    8     3
    -0.047421840066689     0.022069995883525    -0.061624444368755
    -0.062176871541557    -0.043930839156580     0.037233878708984
     0.051676217989807     0.013334450268616     0.000009704304002
    8     4
    -0.020035579699943    -0.026378449061164     0.007948189579754
     0.009043534812290    -0.001645986224146     0.026741909312390
     0.047155802188811    -0.031735688909216     0.007912093988283
    8     5
     0.000268225489482     0.009366270132336     0.025835022768431
     0.009366270132336     0.007383605326302     0.007802621336872
    -0.025835022768431    -0.007802621336872     0.000034968640038
    8     6
    -0.018505238580151     0.014582339057802     0.015288370447426
     0.038885540201619    -0.012685735039595     0.049302777250276
    -0.007316640104415     0.016194343645125     0.018483399292587
    8     7
     0.264296476432549    -0.226414891594846    -0.571130176627155
    -0.357194113998602    -0.345814478840816    -0.220675386874607
    -0.635599517816102     0.115491426480590     0.371914578263844
    8     8
    18.770928616735734     1.916338329907070     3.856016199632037
     1.916338329907070    12.153464265998329    -2.519867947740113
     3.856016199632037    -2.519867947740113    15.644672093229426
    8     9
     0.371914578263844     0.571130176627155     0.220675386874607
     0.635599517816101     0.264296476432549    -0.357194113998602
    -0.115491426480590    -0.226414891594846    -0.345814478840816
    8    10
    -0.043930839156580    -0.013334450268616     0.022069995883525
    -0.037233878708984     0.000009704304002     0.061624444368755
    -0.062176871541557    -0.051676217989807    -0.047421840066689
    8    11
    -0.045613458667978    -0.002381837632557    -0.010928519445629
     0.002381837632557     0.031529534136870     0.013442151470226
     0.010928519445629     0.013442151470226    -0.040926666533927
    8    12
    -0.026327960900418     0.022224145161824     0.005367131977292
    -0.017156266666886    -0.099279268900566     0.001895215584580
     0.055883856891257     0.020228549877099    -0.079728606090061
    8    13
    -0.012685735039595    -0.016194343645125    -0.014582339057802
    -0.049302777250276     0.018483399292587     0.015288370447426
    -0.038885540201619    -0.007316640104415    -0.018505238580151
    8    14
    -1.769622876247565    -0.030036607068068     0.134459293355181
     0.030036607068068     0.444210486666180     0.301056597280986
     0.134459293355181    -0.301056597280986    -0.566052092960912
    8    15
     0.237391579007096    -0.025662540273691    -0.089811488433804
     0.627351765394777     0.149813060131323    -0.121940277153490
    -0.070348668909470    -0.142838037307721    -0.167581497128326
    8    16
    -0.099279268900566     0.020228549877099     0.022224145161824
     0.001895215584580    -0.079728606090061     0.005367131977292
    -0.017156266666886     0.055883856891257    -0.026327960900418
    8    17
     0.014203178826325    -0.021102430738906     0.008729579401443
    -0.021102430738906     0.026780604994421     0.045591821937044
    -0.008729579401443    -0.045591821937044     0.033330859199160
    8    18
    -0.102257087064229    -0.167296308441790     0.307496181908773
    -0.083241170074149    -0.056382812796580    -0.053545196966526
    -0.183293774408225     0.048690849988115     0.424058989331144
    8    19
    -0.157178586357683     0.231006651523785     0.477262576382552
    -0.034594499528466    -0.450019214194019     0.663893806409630
     0.024066762313857     0.718697705006538    -1.179225262538552
    8    20
    -0.042522694927412    -0.038050719623776     0.008629995196426
    -0.038050719623776     0.001632705874912     0.059318709103523
     0.008629995196426     0.059318709103523    -0.052911419368257
    8    21
    -1.179225262538553    -0.477262576382552    -0.663893806409630
    -0.024066762313857    -0.157178586357683    -0.034594499528466
    -0.718697705006538     0.231006651523785    -0.450019214194019
    8    22
     0.149813060131323     0.142838037307721    -0.025662540273691
     0.121940277153490    -0.167581497128326     0.089811488433804
     0.627351765394777     0.070348668909470     0.237391579007096
    8    23
     0.045919039282886     0.020054837311187    -0.008125901718396
    -0.020054837311187    -0.016881824530286     0.005028464657582
     0.008125901718396     0.005028464657582     0.044714924822873
    8    24
     0.007912093988283     0.007948189579754     0.026741909312390
     0.047155802188811    -0.020035579699943     0.009043534812290
    -0.031735688909216    -0.026378449061164    -0.001645986224146
    8    25
    -0.023050491506836     0.012388300884063    -0.011403754128151
    -0.007130015474051    -0.039653436068900    -0.003950310958664
    -0.009641898145934     0.005529899119487    -0.007156620366693
    8    26
    -0.029432443249109    -0.006589469168312     0.011869612280127
    -0.148930741865162     0.187133887194458     0.001736238092791
    -0.044012502624111     0.038878822687197    -0.085987547032342
    8    27
    -0.111995497920100    -0.091291319295762     0.030479417958395
     0.053419354056562     0.029460731203204    -0.141665282296884
    -0.069903832452843    -0.184890237377753    -0.075261757310588
    8    28
    -3.545227503896339    -1.040512736625926     2.403799536857463
    -0.469539092079608    -1.693640720758013    -0.377143724981914
     3.448281735250709     0.090928658222514    -2.939562913402879
    8    29
    -5.409378904258046    -3.287381218693294     0.613067000440724
    -4.223128104955210    -4.531366329139579    -0.370537576195830
     0.414620844740777    -0.613590996028366    -2.172357900494966
    8    30
    -0.315036613943738    -0.239190605972347     0.117246016204061
    -0.086932621025333     0.147451573915811     0.202200973730698
     0.241233581094260     0.210793149762874     0.102572946507398
    8    31
    -0.001566996504131    -0.014574866559578    -0.001517812071513
     0.005937892366536    -0.016348080444468    -0.003008267949428
    -0.017086090001701     0.034759925686786     0.000846767736167
    8    32
    -0.020910038768858     0.028317078055831     0.051019860851562
    -0.007491649032759     0.011278552033708     0.030462627855189
    -0.027011659500869     0.033116432750613     0.145449916663576
    8    33
     0.021614626482137    -0.038742273738624    -0.046058291441758
    -0.042207763561893    -0.003043376537683    -0.146553334698531
     0.006922656410468    -0.010025028487359    -0.024247008251799
    8    34
    -0.028251085105768     0.026120491351401     0.047631942851897
     0.106830318585792     0.072053702232693    -0.101753917981002
    -0.038896445114010     0.063383667114782    -0.024900934710484
    8    35
     0.089538449462222     0.038126372683667    -0.030855679788638
     0.026649528757706    -0.051666325860566     0.066425069646035
     0.011777213311205    -0.017348835413629    -0.043130158578016
    8    36
     0.005191541158993     0.011692419423027    -0.002815883345076
     0.036021345258857     0.026092781604413    -0.014216834826037
    -0.001398752967230    -0.028104820804649     0.025139450666613
    8    37
    -4.412337877199690     0.608421511444958    -4.120824463011706
    -0.555587314029763    -2.888172823225802    -0.145093420677575
    -4.355351000021043     0.888694071229506    -4.275529983913517
    8    38
    -0.102281412274072    -0.010692633042843     0.002716645327754
     0.000947257921747    -0.049097937254601    -0.043226737579213
     0.001389409582314     0.110633367191578     0.010988082143401
    8    39
     0.025121699340127     0.016834676712511     0.078046314352118
    -0.019856707464238    -0.061104267894301     0.120914047925967
     0.029597582145299    -0.018491748308592     0.040629508591981
    8    40
     0.062629813946233    -0.023437212624884    -0.079642917269864
     0.005336674825832    -0.175963647715098    -0.014520982813143
    -0.184202697567027    -0.052066717709717     0.033954037561406
    8    41
    -0.057893314415172     0.150005912457348     0.166717865631997
     0.141461278307664    -0.136687431016873    -0.147659286532785
     0.024226660517601    -0.129339346757783    -0.122174090112954
    8    42
    -2.277556684351453     2.247576664240119    -2.847236231417004
     2.363179294310595    -2.922636364368684     2.598318568808613
    -2.266840407425615     1.755106051369611    -4.132743351795649
    8    43
     0.047692713523753    -0.081314256218394    -0.059295683938960
     0.038923186272021     0.026348264440443     0.015657760083639
     0.101423769088297    -0.057165193304332    -0.007081843824583
    8    44
     0.088784850410173    -0.106809436838660    -0.024971667485689
    -0.004464171349109     0.103216398946887     0.034595843767920
    -0.043603213014630    -0.012075999071886    -0.035612022503746
    8    45
    -0.114759401551063     0.027260487430890    -0.049352525158611
     0.070744059451283    -0.045658934472844     0.112846843436105
    -0.050420698339940     0.104631452198563    -0.008218665289253
    8    46
     0.001679507504992     0.008619244963643    -0.011509937996460
     0.000802131620604     0.000823830959952    -0.022037174343765
     0.003259670190075     0.001191150835691    -0.022418106025043
    8    47
    -0.099100845972295    -0.001289173513233     0.062043832346955
    -0.049844575724273    -0.149976619085798     0.013084823160618
    -0.085196471320890    -0.039422411025234     0.005109726694702
    8    48
    -0.071563839278634    -0.020927300276584    -0.120324125679523
    -0.082097307004449     0.054216716389241    -0.040981710377424
    -0.042326093462307    -0.014834371065426     0.028329032579850
    9     1
    -0.079728606090061    -0.055883856891257    -0.020228549877099
    -0.005367131977292    -0.026327960900418     0.022224145161824
    -0.001895215584580    -0.017156266666886    -0.099279268900566
    9     2
    -0.047421840066689     0.062176871541557     0.051676217989807
    -0.022069995883525    -0.043930839156580    -0.013334450268616
    -0.061624444368755    -0.037233878708984     0.000009704304002
    9     3
    -0.040926666533927    -0.010928519445629    -0.013442151470226
     0.010928519445629    -0.045613458667979    -0.002381837632557
    -0.013442151470226     0.002381837632557     0.031529534136870
    9     4
    -0.167581497128326     0.070348668909470     0.142838037307721
     0.089811488433804     0.237391579007096    -0.025662540273691
     0.121940277153490     0.627351765394777     0.149813060131323
    9     5
    -0.018505238580151     0.038885540201619     0.007316640104415
     0.014582339057802    -0.012685735039595    -0.016194343645125
    -0.015288370447425    -0.049302777250276     0.018483399292587
    9     6
    -0.566052092960912    -0.134459293355181     0.301056597280986
    -0.134459293355181    -1.769622876247565    -0.030036607068068
    -0.301056597280986     0.030036607068068     0.444210486666180
    9     7
    -0.345814478840816     0.115491426480590     0.226414891594846
    -0.220675386874607     0.371914578263844     0.571130176627155
     0.357194113998602     0.635599517816101     0.264296476432549
    9     8
     0.371914578263844     0.635599517816101    -0.115491426480590
     0.571130176627155     0.264296476432549    -0.226414891594846
     0.220675386874607    -0.357194113998602    -0.345814478840816
    9     9
    15.644672093229426    -3.856016199632037     2.519867947740113
    -3.856016199632037    18.770928616735734     1.916338329907072
     2.519867947740113     1.916338329907072    12.153464265998327
    9    10
     0.424058989331144     0.183293774408225    -0.048690849988115
    -0.307496181908773    -0.102257087064229    -0.167296308441790
     0.053545196966526    -0.083241170074149    -0.056382812796580
    9    11
    -0.026327960900418     0.017156266666886    -0.055883856891257
    -0.022224145161824    -0.099279268900566     0.020228549877099
    -0.005367131977292     0.001895215584580    -0.079728606090061
    9    12
     0.033330859199160     0.008729579401443     0.045591821937044
    -0.008729579401443     0.014203178826325    -0.021102430738906
    -0.045591821937044    -0.021102430738906     0.026780604994421
    9    13
    -0.001645986224146     0.031735688909216     0.026378449061164
    -0.026741909312390     0.007912093988283     0.007948189579754
    -0.009043534812290     0.047155802188811    -0.020035579699943
    9    14
     0.237391579007096    -0.627351765394777    -0.070348668909470
     0.025662540273691     0.149813060131323     0.142838037307721
    -0.089811488433804     0.121940277153490    -0.167581497128326
    9    15
     0.044714924822873    -0.008125901718396    -0.005028464657582
     0.008125901718396     0.045919039282886     0.020054837311187
    -0.005028464657582    -0.020054837311187    -0.016881824530286
    9    16
     0.000009704304002    -0.051676217989807    -0.013334450268616
     0.061624444368755    -0.047421840066689     0.022069995883525
    -0.037233878708984    -0.062176871541557    -0.043930839156580
    9    17
    -0.102257087064229    -0.083241170074149     0.183293774408225
    -0.167296308441790    -0.056382812796580    -0.048690849988115
    -0.307496181908773     0.053545196966526     0.424058989331144
    9    18
    -0.120742405120530     0.039110142358689    -0.016015917034006
     0.039110142358689     0.036432141153096    -0.097592174729068
     0.016015917034006     0.097592174729068     0.036441451392382
    9    19
    -0.450019214194019     0.718697705006538    -0.231006651523785
     0.663893806409630    -1.179225262538552    -0.477262576382552
     0.034594499528466    -0.024066762313857    -0.157178586357683
    9    20
    -1.179225262538553    -0.024066762313857    -0.718697705006538
    -0.477262576382552    -0.157178586357683     0.231006651523785
    -0.663893806409630    -0.034594499528466    -0.450019214194019
    9    21
    -0.052911419368257    -0.008629995196426    -0.059318709103523
    -0.008629995196426    -0.042522694927412    -0.038050719623776
    -0.059318709103523    -0.038050719623776     0.001632705874912
    9    22
     0.018483399292587     0.007316640104415    -0.016194343645125
    -0.015288370447425    -0.018505238580151     0.014582339057802
    -0.049302777250276     0.038885540201619    -0.012685735039595
    9    23
     0.007912093988283    -0.047155802188811     0.031735688909216
    -0.007948189579754    -0.020035579699943    -0.026378449061164
    -0.026741909312390     0.009043534812290    -0.001645986224146
    9    24
     0.000034968640038     0.025835022768431     0.007802621336872
    -0.025835022768431     0.000268225489482     0.009366270132336
    -0.007802621336872     0.009366270132336     0.007383605326302
    9    25
    -0.043130158578016    -0.011777213311205     0.017348835413629
     0.030855679788638     0.089538449462222     0.038126372683667
    -0.066425069646035     0.026649528757706    -0.051666325860566
    9    26
     0.025139450666613     0.001398752967230     0.028104820804649
     0.002815883345076     0.005191541158993     0.011692419423028
     0.014216834826037     0.036021345258857     0.026092781604413
    9    27
    -0.024900934710484     0.038896445114010    -0.063383667114782
    -0.047631942851897    -0.028251085105768     0.026120491351401
     0.101753917981002     0.106830318585792     0.072053702232693
    9    28
    -2.172357900494966    -0.414620844740777     0.613590996028366
    -0.613067000440723    -5.409378904258046    -3.287381218693294
     0.370537576195830    -4.223128104955210    -4.531366329139579
    9    29
     0.102572946507398    -0.241233581094260    -0.210793149762874
    -0.117246016204061    -0.315036613943738    -0.239190605972347
    -0.202200973730698    -0.086932621025333     0.147451573915811
    9    30
    -2.939562913402879    -3.448281735250709    -0.090928658222514
    -2.403799536857463    -3.545227503896339    -1.040512736625926
     0.377143724981914    -0.469539092079608    -1.693640720758013
    9    31
     0.010988082143400    -0.001389409582314    -0.110633367191578
    -0.002716645327754    -0.102281412274072    -0.010692633042843
     0.043226737579213     0.000947257921747    -0.049097937254601
    9    32
     0.040629508591981    -0.029597582145299     0.018491748308592
    -0.078046314352118     0.025121699340127     0.016834676712511
    -0.120914047925967    -0.019856707464238    -0.061104267894301
    9    33
    -4.275529983913517     4.355351000021043    -0.888694071229506
     4.120824463011706    -4.412337877199690     0.608421511444958
     0.145093420677575    -0.555587314029763    -2.888172823225802
    9    34
    -0.035612022503746     0.043603213014630     0.012075999071886
     0.024971667485689     0.088784850410173    -0.106809436838660
    -0.034595843767920    -0.004464171349109     0.103216398946887
    9    35
    -0.008218665289253     0.050420698339940    -0.104631452198563
     0.049352525158611    -0.114759401551063     0.027260487430890
    -0.112846843436105     0.070744059451283    -0.045658934472844
    9    36
    -0.007081843824583    -0.101423769088297     0.057165193304332
     0.059295683938961     0.047692713523753    -0.081314256218394
    -0.015657760083639     0.038923186272021     0.026348264440442
    9    37
     0.005109726694701     0.085196471320890     0.039422411025234
    -0.062043832346955    -0.099100845972295    -0.001289173513233
    -0.013084823160618    -0.049844575724273    -0.149976619085798
    9    38
     0.028329032579850     0.042326093462307     0.014834371065426
     0.120324125679523    -0.071563839278634    -0.020927300276584
     0.040981710377424    -0.082097307004449     0.054216716389241
    9    39
    -0.022418106025043    -0.003259670190074    -0.001191150835691
     0.011509937996460     0.001679507504992     0.008619244963643
     0.022037174343765     0.000802131620604     0.000823830959952
    9    40
    -0.122174090112954    -0.024226660517601     0.129339346757782
    -0.166717865631997    -0.057893314415172     0.150005912457348
     0.147659286532785     0.141461278307664    -0.136687431016873
    9    41
    -4.132743351795649     2.266840407425615    -1.755106051369611
     2.847236231417004    -2.277556684351453     2.247576664240119
    -2.598318568808613     2.363179294310595    -2.922636364368684
    9    42
     0.033954037561406     0.184202697567027     0.052066717709717
     0.079642917269864     0.062629813946233    -0.023437212624884
     0.014520982813143     0.005336674825832    -0.175963647715098
    9    43
    -0.085987547032342     0.044012502624111    -0.038878822687197
    -0.011869612280127    -0.029432443249109    -0.006589469168312
    -0.001736238092791    -0.148930741865162     0.187133887194458
    9    44
    -0.075261757310588     0.069903832452843     0.184890237377753
    -0.030479417958395    -0.111995497920100    -0.091291319295762
     0.141665282296884     0.053419354056562     0.029460731203205
    9    45
    -0.007156620366693     0.009641898145934    -0.005529899119487
     0.011403754128152    -0.023050491506836     0.012388300884063
     0.003950310958664    -0.007130015474051    -0.039653436068900
    9    46
     0.145449916663576     0.027011659500869    -0.033116432750613
    -0.051019860851562    -0.020910038768858     0.028317078055831
    -0.030462627855189    -0.007491649032759     0.011278552033708
    9    47
    -0.024247008251799    -0.006922656410468     0.010025028487359
     0.046058291441758     0.021614626482137    -0.038742273738624
     0.146553334698531    -0.042207763561893    -0.003043376537683
    9    48
     0.000846767736167     0.017086090001701    -0.034759925686786
     0.001517812071513    -0.001566996504131    -0.014574866559578
     0.003008267949428     0.005937892366536    -0.016348080444468
   10     1
    -0.016881824530286    -0.005028464657582    -0.020054837311187
    -0.005028464657582     0.044714924822872    -0.008125901718396
     0.020054837311187     0.008125901718396     0.045919039282885
   10     2
    -0.020035579699943    -0.009043534812290     0.047155802188811
     0.026378449061164    -0.001645986224146     0.031735688909216
     0.007948189579754    -0.026741909312390     0.007912093988283
   10     3
    -0.167581497128326    -0.089811488433804     0.121940277153490
    -0.070348668909470     0.237391579007095    -0.627351765394777
     0.142838037307721     0.025662540273691     0.149813060131323
   10     4
     0.026780604994421    -0.045591821937044    -0.021102430738906
     0.045591821937044     0.033330859199160     0.008729579401443
    -0.021102430738906    -0.008729579401443     0.014203178826325
   10     5
    -0.056382812796580     0.053545196966526    -0.083241170074149
    -0.048690849988115     0.424058989331144     0.183293774408225
    -0.167296308441790    -0.307496181908773    -0.102257087064229
   10     6
    -0.079728606090061    -0.005367131977292     0.001895215584580
    -0.055883856891257    -0.026327960900418     0.017156266666886
     0.020228549877099    -0.022224145161824    -0.099279268900566
   10     7
     0.036441451392382     0.016015917034006     0.097592174729068
    -0.016015917034006    -0.120742405120530     0.039110142358689
    -0.097592174729068     0.039110142358689     0.036432141153096
   10     8
    -0.043930839156580    -0.037233878708984    -0.062176871541557
    -0.013334450268616     0.000009704304002    -0.051676217989807
     0.022069995883525     0.061624444368755    -0.047421840066689
   10     9
     0.424058989331144    -0.307496181908773     0.053545196966526
     0.183293774408225    -0.102257087064229    -0.083241170074149
    -0.048690849988115    -0.167296308441790    -0.056382812796580
   10    10
    12.153464265998322     2.519867947740112     1.916338329907071
     2.519867947740112    15.644672093229428    -3.856016199632038
     1.916338329907071    -3.856016199632038    18.770928616735727
   10    11
     0.264296476432549     0.357194113998602     0.635599517816102
     0.226414891594846    -0.345814478840816     0.115491426480590
     0.571130176627155    -0.220675386874607     0.371914578263844
   10    12
    -0.345814478840816     0.220675386874607    -0.357194113998602
    -0.115491426480590     0.371914578263844     0.635599517816101
    -0.226414891594846     0.571130176627155     0.264296476432549
   10    13
     0.031529534136870    -0.013442151470226     0.002381837632557
    -0.013442151470226    -0.040926666533926    -0.010928519445629
    -0.002381837632557     0.010928519445629    -0.045613458667979
   10    14
    -0.099279268900566    -0.001895215584580    -0.017156266666886
    -0.020228549877099    -0.079728606090061    -0.055883856891257
     0.022224145161824    -0.005367131977292    -0.026327960900418
   10    15
     0.000009704304002    -0.061624444368755    -0.037233878708984
     0.051676217989807    -0.047421840066689     0.062176871541557
    -0.013334450268616    -0.022069995883525    -0.043930839156580
   10    16
     0.007383605326302    -0.007802621336872     0.009366270132336
     0.007802621336872     0.000034968640038     0.025835022768431
     0.009366270132336    -0.025835022768431     0.000268225489482
   10    17
    -0.012685735039595    -0.049302777250276     0.038885540201619
    -0.016194343645125     0.018483399292587     0.007316640104415
     0.014582339057802    -0.015288370447425    -0.018505238580152
   10    18
    -0.001645986224146    -0.026741909312390     0.009043534812290
     0.031735688909216     0.007912093988283    -0.047155802188811
    -0.026378449061164    -0.007948189579754    -0.020035579699943
   10    19
     0.444210486666180    -0.301056597280986     0.030036607068068
     0.301056597280986    -0.566052092960912    -0.134459293355181
    -0.030036607068068    -0.134459293355181    -1.769622876247565
   10    20
     0.149813060131323     0.121940277153490     0.627351765394777
     0.142838037307721    -0.167581497128326     0.070348668909470
    -0.025662540273691     0.089811488433804     0.237391579007096
   10    21
     0.018483399292587    -0.015288370447425    -0.049302777250276
     0.007316640104415    -0.018505238580151     0.038885540201619
    -0.016194343645125     0.014582339057802    -0.012685735039595
   10    22
     0.001632705874912    -0.059318709103523    -0.038050719623776
    -0.059318709103523    -0.052911419368257    -0.008629995196426
    -0.038050719623776    -0.008629995196426    -0.042522694927412
   10    23
    -0.157178586357683     0.034594499528466    -0.024066762313857
    -0.231006651523785    -0.450019214194019     0.718697705006538
    -0.477262576382552     0.663893806409630    -1.179225262538552
   10    24
    -0.450019214194019    -0.663893806409630    -0.034594499528466
    -0.718697705006538    -1.179225262538552    -0.024066762313857
     0.231006651523785    -0.477262576382552    -0.157178586357683
   10    25
     0.054216716389241     0.040981710377424    -0.082097307004449
     0.014834371065426     0.028329032579850     0.042326093462307
    -0.020927300276584     0.120324125679523    -0.071563839278634
   10    26
     0.000823830959952     0.022037174343765     0.000802131620604
    -0.001191150835691    -0.022418106025043    -0.003259670190074
     0.008619244963643     0.011509937996460     0.001679507504992
   10    27
    -0.149976619085798    -0.013084823160618    -0.049844575724273
     0.039422411025234     0.005109726694701     0.085196471320890
    -0.001289173513233    -0.062043832346955    -0.099100845972295
   10    28
     0.029460731203205     0.141665282296884     0.053419354056562
     0.184890237377753    -0.075261757310588     0.069903832452843
    -0.091291319295762    -0.030479417958395    -0.111995497920100
   10    29
    -0.039653436068900     0.003950310958664    -0.007130015474051
    -0.005529899119487    -0.007156620366693     0.009641898145934
     0.012388300884063     0.011403754128152    -0.023050491506836
   10    30
     0.187133887194458    -0.001736238092791    -0.148930741865162
    -0.038878822687197    -0.085987547032342     0.044012502624111
    -0.006589469168312    -0.011869612280127    -0.029432443249109
   10    31
    -0.045658934472843    -0.112846843436105     0.070744059451283
    -0.104631452198563    -0.008218665289253     0.050420698339940
     0.027260487430890     0.049352525158611    -0.114759401551063
   10    32
     0.026348264440443    -0.015657760083639     0.038923186272021
     0.057165193304332    -0.007081843824583    -0.101423769088297
    -0.081314256218394     0.059295683938961     0.047692713523753
   10    33
     0.103216398946887    -0.034595843767920    -0.004464171349109
     0.012075999071886    -0.035612022503746     0.043603213014630
    -0.106809436838660     0.024971667485689     0.088784850410173
   10    34
     0.147451573915811    -0.202200973730698    -0.086932621025333
    -0.210793149762874     0.102572946507398    -0.241233581094260
    -0.239190605972347    -0.117246016204061    -0.315036613943738
   10    35
    -1.693640720758013     0.377143724981914    -0.469539092079608
    -0.090928658222514    -2.939562913402879    -3.448281735250709
    -1.040512736625926    -2.403799536857463    -3.545227503896339
   10    36
    -4.531366329139579     0.370537576195830    -4.223128104955210
     0.613590996028366    -2.172357900494966    -0.414620844740777
    -3.287381218693294    -0.613067000440723    -5.409378904258046
   10    37
     0.026092781604413     0.014216834826037     0.036021345258857
     0.028104820804649     0.025139450666613     0.001398752967230
     0.011692419423028     0.002815883345076     0.005191541158993
   10    38
     0.072053702232693     0.101753917981002     0.106830318585792
    -0.063383667114782    -0.024900934710484     0.038896445114010
     0.026120491351401    -0.047631942851897    -0.028251085105768
   10    39
    -0.051666325860566    -0.066425069646035     0.026649528757706
     0.017348835413629    -0.043130158578016    -0.011777213311205
     0.038126372683667     0.030855679788638     0.089538449462222
   10    40
    -0.061104267894301    -0.120914047925967    -0.019856707464238
     0.018491748308592     0.040629508591981    -0.029597582145299
     0.016834676712511    -0.078046314352118     0.025121699340127
   10    41
    -2.888172823225801     0.145093420677575    -0.555587314029763
    -0.888694071229506    -4.275529983913517     4.355351000021043
     0.608421511444958     4.120824463011706    -4.412337877199690
   10    42
    -0.049097937254601     0.043226737579213     0.000947257921747
    -0.110633367191578     0.010988082143400    -0.001389409582314
    -0.010692633042843    -0.002716645327754    -0.102281412274072
   10    43
    -0.003043376537683     0.146553334698531    -0.042207763561893
     0.010025028487359    -0.024247008251799    -0.006922656410468
    -0.038742273738624     0.046058291441758     0.021614626482137
   10    44
    -0.016348080444468     0.003008267949428     0.005937892366536
    -0.034759925686786     0.000846767736166     0.017086090001701
    -0.014574866559578     0.001517812071513    -0.001566996504131
   10    45
     0.011278552033708    -0.030462627855189    -0.007491649032759
    -0.033116432750613     0.145449916663576     0.027011659500869
     0.028317078055831    -0.051019860851561    -0.020910038768858
   10    46
    -2.922636364368684    -2.598318568808613     2.363179294310595
    -1.755106051369611    -4.132743351795649     2.266840407425615
     2.247576664240119     2.847236231417004    -2.277556684351453
   10    47
    -0.175963647715098     0.014520982813143     0.005336674825832
     0.052066717709717     0.033954037561406     0.184202697567027
    -0.023437212624884     0.079642917269864     0.062629813946233
   10    48
    -0.136687431016873     0.147659286532785     0.141461278307664
     0.129339346757783    -0.122174090112954    -0.024226660517601
     0.150005912457348    -0.166717865631997    -0.057893314415172
   11     1
    -0.020035579699943     0.026378449061164    -0.007948189579754
    -0.009043534812290    -0.001645986224146     0.026741909312390
    -0.047155802188811    -0.031735688909216     0.007912093988282
   11     2
     0.000268225489482    -0.009366270132336    -0.025835022768431
    -0.009366270132336     0.007383605326302     0.007802621336872
     0.025835022768431    -0.007802621336872     0.000034968640038
   11     3
    -0.018505238580151    -0.014582339057802    -0.015288370447425
    -0.038885540201619    -0.012685735039595     0.049302777250276
     0.007316640104415     0.016194343645125     0.018483399292587
   11     4
    -0.056382812796580     0.048690849988115    -0.167296308441790
    -0.053545196966526     0.424058989331144     0.307496181908773
    -0.083241170074149    -0.183293774408225    -0.102257087064229
   11     5
     0.036432141153096     0.097592174729068     0.039110142358689
    -0.097592174729068     0.036441451392382    -0.016015917034006
     0.039110142358689     0.016015917034006    -0.120742405120530
   11     6
    -0.047421840066689    -0.022069995883525     0.061624444368755
     0.062176871541557    -0.043930839156580     0.037233878708984
    -0.051676217989807     0.013334450268616     0.000009704304002
   11     7
    -0.043930839156580     0.013334450268616    -0.022069995883525
     0.037233878708984     0.000009704304002     0.061624444368755
     0.062176871541557    -0.051676217989807    -0.047421840066689
   11     8
    -0.045613458667978     0.002381837632557     0.010928519445629
    -0.002381837632557     0.031529534136870     0.013442151470226
    -0.010928519445629     0.013442151470226    -0.040926666533927
   11     9
    -0.026327960900418    -0.022224145161824    -0.005367131977292
     0.017156266666886    -0.099279268900566     0.001895215584580
    -0.055883856891257     0.020228549877099    -0.079728606090061
   11    10
     0.264296476432549     0.226414891594846     0.571130176627155
     0.357194113998602    -0.345814478840816    -0.220675386874607
     0.635599517816102     0.115491426480590     0.371914578263844
   11    11
    18.770928616735723    -1.916338329907072    -3.856016199632038
    -1.916338329907072    12.153464265998331    -2.519867947740112
    -3.856016199632038    -2.519867947740112    15.644672093229428
   11    12
     0.371914578263844    -0.571130176627155    -0.220675386874607
    -0.635599517816101     0.264296476432549    -0.357194113998603
     0.115491426480590    -0.226414891594846    -0.345814478840816
   11    13
    -0.099279268900566    -0.020228549877099    -0.022224145161824
    -0.001895215584580    -0.079728606090061     0.005367131977292
     0.017156266666886     0.055883856891257    -0.026327960900418
   11    14
     0.014203178826326     0.021102430738906    -0.008729579401443
     0.021102430738906     0.026780604994421     0.045591821937044
     0.008729579401443    -0.045591821937044     0.033330859199160
   11    15
    -0.102257087064229     0.167296308441790    -0.307496181908773
     0.083241170074149    -0.056382812796580    -0.053545196966526
     0.183293774408225     0.048690849988115     0.424058989331144
   11    16
    -0.012685735039595     0.016194343645125     0.014582339057802
     0.049302777250276     0.018483399292587     0.015288370447425
     0.038885540201619    -0.007316640104415    -0.018505238580151
   11    17
    -1.769622876247565     0.030036607068068    -0.134459293355181
    -0.030036607068068     0.444210486666180     0.301056597280986
    -0.134459293355181    -0.301056597280986    -0.566052092960912
   11    18
     0.237391579007096     0.025662540273691     0.089811488433804
    -0.627351765394777     0.149813060131323    -0.121940277153490
     0.070348668909470    -0.142838037307721    -0.167581497128326
   11    19
     0.149813060131323    -0.142838037307721     0.025662540273691
    -0.121940277153490    -0.167581497128326     0.089811488433804
    -0.627351765394777     0.070348668909470     0.237391579007096
   11    20
     0.045919039282886    -0.020054837311187     0.008125901718396
     0.020054837311187    -0.016881824530286     0.005028464657582
    -0.008125901718396     0.005028464657582     0.044714924822873
   11    21
     0.007912093988283    -0.007948189579754    -0.026741909312390
    -0.047155802188811    -0.020035579699943     0.009043534812290
     0.031735688909216    -0.026378449061164    -0.001645986224146
   11    22
    -0.157178586357683    -0.231006651523785    -0.477262576382552
     0.034594499528466    -0.450019214194019     0.663893806409630
    -0.024066762313857     0.718697705006538    -1.179225262538552
   11    23
    -0.042522694927412     0.038050719623776    -0.008629995196426
     0.038050719623776     0.001632705874912     0.059318709103523
    -0.008629995196426     0.059318709103523    -0.052911419368257
   11    24
    -1.179225262538552     0.477262576382552     0.663893806409630
     0.024066762313857    -0.157178586357683    -0.034594499528466
     0.718697705006538     0.231006651523785    -0.450019214194019
   11    25
    -0.001566996504131     0.014574866559578     0.001517812071513
    -0.005937892366536    -0.016348080444468    -0.003008267949428
     0.017086090001701     0.034759925686786     0.000846767736167
   11    26
    -0.020910038768858    -0.028317078055831    -0.051019860851561
     0.007491649032759     0.011278552033708     0.030462627855189
     0.027011659500869     0.033116432750613     0.145449916663576
   11    27
     0.021614626482137     0.038742273738624     0.046058291441758
     0.042207763561893    -0.003043376537683    -0.146553334698531
    -0.006922656410468    -0.010025028487359    -0.024247008251799
   11    28
    -0.028251085105768    -0.026120491351401    -0.047631942851897
    -0.106830318585792     0.072053702232692    -0.101753917981002
     0.038896445114010     0.063383667114782    -0.024900934710484
   11    29
     0.089538449462222    -0.038126372683667     0.030855679788638
    -0.026649528757706    -0.051666325860566     0.066425069646035
    -0.011777213311205    -0.017348835413629    -0.043130158578016
   11    30
     0.005191541158994    -0.011692419423027     0.002815883345076
    -0.036021345258857     0.026092781604413    -0.014216834826037
     0.001398752967230    -0.028104820804649     0.025139450666613
   11    31
    -0.023050491506836    -0.012388300884063     0.011403754128152
     0.007130015474051    -0.039653436068900    -0.003950310958664
     0.009641898145934     0.005529899119487    -0.007156620366693
   11    32
    -0.029432443249109     0.006589469168312    -0.011869612280127
     0.148930741865162     0.187133887194458     0.001736238092791
     0.044012502624111     0.038878822687197    -0.085987547032342
   11    33
    -0.111995497920100     0.091291319295762    -0.030479417958395
    -0.053419354056562     0.029460731203204    -0.141665282296884
     0.069903832452843    -0.184890237377753    -0.075261757310588
   11    34
    -3.545227503896338     1.040512736625926    -2.403799536857463
     0.469539092079608    -1.693640720758013    -0.377143724981914
    -3.448281735250709     0.090928658222514    -2.939562913402879
   11    35
    -5.409378904258046     3.287381218693294    -0.613067000440724
     4.223128104955210    -4.531366329139579    -0.370537576195830
    -0.414620844740777    -0.613590996028366    -2.172357900494966
   11    36
    -0.315036613943738     0.239190605972347    -0.117246016204061
     0.086932621025333     0.147451573915811     0.202200973730698
    -0.241233581094260     0.210793149762874     0.102572946507398
   11    37
     0.047692713523753     0.081314256218394     0.059295683938960
    -0.038923186272021     0.026348264440443     0.015657760083639
    -0.101423769088297    -0.057165193304332    -0.007081843824583
   11    38
     0.088784850410173     0.106809436838660     0.024971667485689
     0.004464171349109     0.103216398946887     0.034595843767920
     0.043603213014630    -0.012075999071886    -0.035612022503746
   11    39
    -0.114759401551063    -0.027260487430890     0.049352525158611
    -0.070744059451283    -0.045658934472844     0.112846843436105
     0.050420698339940     0.104631452198563    -0.008218665289253
   11    40
     0.001679507504992    -0.008619244963643     0.011509937996460
    -0.000802131620604     0.000823830959952    -0.022037174343765
    -0.003259670190074     0.001191150835691    -0.022418106025043
   11    41
    -0.099100845972295     0.001289173513233    -0.062043832346955
     0.049844575724273    -0.149976619085798     0.013084823160618
     0.085196471320890    -0.039422411025234     0.005109726694701
   11    42
    -0.071563839278634     0.020927300276584     0.120324125679523
     0.082097307004449     0.054216716389241    -0.040981710377424
     0.042326093462307    -0.014834371065426     0.028329032579850
   11    43
    -4.412337877199690    -0.608421511444958     4.120824463011706
     0.555587314029763    -2.888172823225802    -0.145093420677575
     4.355351000021043     0.888694071229506    -4.275529983913517
   11    44
    -0.102281412274072     0.010692633042843    -0.002716645327754
    -0.000947257921747    -0.049097937254601    -0.043226737579214
    -0.001389409582314     0.110633367191578     0.010988082143401
   11    45
     0.025121699340127    -0.016834676712511    -0.078046314352118
     0.019856707464238    -0.061104267894301     0.120914047925967
    -0.029597582145299    -0.018491748308592     0.040629508591981
   11    46
     0.062629813946233     0.023437212624884     0.079642917269864
    -0.005336674825832    -0.175963647715098    -0.014520982813143
     0.184202697567027    -0.052066717709717     0.033954037561406
   11    47
    -0.057893314415172    -0.150005912457348    -0.166717865631997
    -0.141461278307664    -0.136687431016874    -0.147659286532785
    -0.024226660517601    -0.129339346757782    -0.122174090112954
   11    48
    -2.277556684351453    -2.247576664240119     2.847236231417004
    -2.363179294310595    -2.922636364368684     2.598318568808613
     2.266840407425615     1.755106051369611    -4.132743351795649
   12     1
    -0.167581497128326    -0.070348668909470    -0.142838037307721
    -0.089811488433804     0.237391579007096    -0.025662540273691
    -0.121940277153490     0.627351765394777     0.149813060131323
   12     2
    -0.018505238580152    -0.038885540201619    -0.007316640104415
    -0.014582339057802    -0.012685735039595    -0.016194343645125
     0.015288370447426    -0.049302777250276     0.018483399292587
   12     3
    -0.566052092960912     0.134459293355181    -0.301056597280986
     0.134459293355181    -1.769622876247565    -0.030036607068068
     0.301056597280986     0.030036607068068     0.444210486666180
   12     4
    -0.079728606090061     0.055883856891257     0.020228549877099
     0.005367131977292    -0.026327960900418     0.022224145161824
     0.001895215584580    -0.017156266666886    -0.099279268900566
   12     5
    -0.047421840066689    -0.062176871541557    -0.051676217989807
     0.022069995883525    -0.043930839156580    -0.013334450268616
     0.061624444368755    -0.037233878708984     0.000009704304002
   12     6
    -0.040926666533927     0.010928519445629     0.013442151470226
    -0.010928519445629    -0.045613458667979    -0.002381837632557
     0.013442151470226     0.002381837632557     0.031529534136870
   12     7
     0.424058989331144    -0.183293774408225     0.048690849988115
     0.307496181908773    -0.102257087064229    -0.167296308441790
    -0.053545196966526    -0.083241170074149    -0.056382812796580
   12     8
    -0.026327960900418    -0.017156266666886     0.055883856891257
     0.022224145161824    -0.099279268900566     0.020228549877099
     0.005367131977292     0.001895215584580    -0.079728606090061
   12     9
     0.033330859199160    -0.008729579401443    -0.045591821937044
     0.008729579401443     0.014203178826325    -0.021102430738906
     0.045591821937044    -0.021102430738906     0.026780604994421
   12    10
    -0.345814478840816    -0.115491426480590    -0.226414891594846
     0.220675386874607     0.371914578263844     0.571130176627155
    -0.357194113998602     0.635599517816101     0.264296476432549
   12    11
     0.371914578263844    -0.635599517816101     0.115491426480590
    -0.571130176627155     0.264296476432549    -0.226414891594846
    -0.220675386874607    -0.357194113998603    -0.345814478840816
   12    12
    15.644672093229429     3.856016199632037    -2.519867947740112
     3.856016199632037    18.770928616735727     1.916338329907072
    -2.519867947740112     1.916338329907072    12.153464265998323
   12    13
     0.000009704304002     0.051676217989807     0.013334450268616
    -0.061624444368755    -0.047421840066689     0.022069995883525
     0.037233878708984    -0.062176871541557    -0.043930839156580
   12    14
    -0.102257087064229     0.083241170074149    -0.183293774408225
     0.167296308441790    -0.056382812796580    -0.048690849988115
     0.307496181908773     0.053545196966526     0.424058989331144
   12    15
    -0.120742405120530    -0.039110142358689     0.016015917034006
    -0.039110142358689     0.036432141153096    -0.097592174729068
    -0.016015917034006     0.097592174729068     0.036441451392382
   12    16
    -0.001645986224146    -0.031735688909216    -0.026378449061164
     0.026741909312390     0.007912093988283     0.007948189579754
     0.009043534812290     0.047155802188811    -0.020035579699943
   12    17
     0.237391579007096     0.627351765394777     0.070348668909470
    -0.025662540273691     0.149813060131323     0.142838037307721
     0.089811488433804     0.121940277153490    -0.167581497128326
   12    18
     0.044714924822872     0.008125901718396     0.005028464657582
    -0.008125901718396     0.045919039282886     0.020054837311187
     0.005028464657582    -0.020054837311187    -0.016881824530286
   12    19
     0.018483399292587    -0.007316640104415     0.016194343645125
     0.015288370447425    -0.018505238580151     0.014582339057802
     0.049302777250276     0.038885540201619    -0.012685735039595
   12    20
     0.007912093988283     0.047155802188811    -0.031735688909216
     0.007948189579754    -0.020035579699943    -0.026378449061164
     0.026741909312390     0.009043534812290    -0.001645986224146
   12    21
     0.000034968640038    -0.025835022768431    -0.007802621336872
     0.025835022768431     0.000268225489482     0.009366270132336
     0.007802621336872     0.009366270132336     0.007383605326302
   12    22
    -0.450019214194019    -0.718697705006538     0.231006651523785
    -0.663893806409630    -1.179225262538552    -0.477262576382552
    -0.034594499528466    -0.024066762313857    -0.157178586357683
   12    23
    -1.179225262538553     0.024066762313857     0.718697705006538
     0.477262576382552    -0.157178586357683     0.231006651523785
     0.663893806409630    -0.034594499528466    -0.450019214194019
   12    24
    -0.052911419368257     0.008629995196426     0.059318709103523
     0.008629995196426    -0.042522694927412    -0.038050719623776
     0.059318709103523    -0.038050719623776     0.001632705874912
   12    25
     0.010988082143401     0.001389409582314     0.110633367191578
     0.002716645327754    -0.102281412274072    -0.010692633042843
    -0.043226737579213     0.000947257921747    -0.049097937254601
   12    26
     0.040629508591981     0.029597582145299    -0.018491748308592
     0.078046314352118     0.025121699340127     0.016834676712511
     0.120914047925967    -0.019856707464238    -0.061104267894301
   12    27
    -4.275529983913517    -4.355351000021043     0.888694071229506
    -4.120824463011706    -4.412337877199690     0.608421511444958
    -0.145093420677575    -0.555587314029763    -2.888172823225802
   12    28
    -0.035612022503746    -0.043603213014630    -0.012075999071886
    -0.024971667485689     0.088784850410173    -0.106809436838660
     0.034595843767920    -0.004464171349109     0.103216398946887
   12    29
    -0.008218665289253    -0.050420698339940     0.104631452198563
    -0.049352525158611    -0.114759401551063     0.027260487430890
     0.112846843436105     0.070744059451283    -0.045658934472843
   12    30
    -0.007081843824583     0.101423769088297    -0.057165193304332
    -0.059295683938961     0.047692713523753    -0.081314256218394
     0.015657760083639     0.038923186272021     0.026348264440443
   12    31
    -0.043130158578016     0.011777213311205    -0.017348835413629
    -0.030855679788638     0.089538449462222     0.038126372683667
     0.066425069646035     0.026649528757706    -0.051666325860566
   12    32
     0.025139450666613    -0.001398752967230    -0.028104820804649
    -0.002815883345076     0.005191541158993     0.011692419423027
    -0.014216834826037     0.036021345258857     0.026092781604413
   12    33
    -0.024900934710484    -0.038896445114010     0.063383667114782
     0.047631942851897    -0.028251085105768     0.026120491351401
    -0.101753917981002     0.106830318585792     0.072053702232693
   12    34
    -2.172357900494966     0.414620844740777    -0.613590996028366
     0.613067000440723    -5.409378904258046    -3.287381218693294
    -0.370537576195830    -4.223128104955210    -4.531366329139579
   12    35
     0.102572946507398     0.241233581094260     0.210793149762874
     0.117246016204061    -0.315036613943738    -0.239190605972347
     0.202200973730698    -0.086932621025333     0.147451573915811
   12    36
    -2.939562913402879     3.448281735250709     0.090928658222514
     2.403799536857463    -3.545227503896339    -1.040512736625926
    -0.377143724981914    -0.469539092079608    -1.693640720758013
   12    37
    -0.085987547032342    -0.044012502624111     0.038878822687197
     0.011869612280127    -0.029432443249109    -0.006589469168312
     0.001736238092791    -0.148930741865162     0.187133887194458
   12    38
    -0.075261757310588    -0.069903832452843    -0.184890237377753
     0.030479417958395    -0.111995497920100    -0.091291319295762
    -0.141665282296884     0.053419354056562     0.029460731203205
   12    39
    -0.007156620366693    -0.009641898145934     0.005529899119487
    -0.011403754128152    -0.023050491506836     0.012388300884063
    -0.003950310958664    -0.007130015474051    -0.039653436068900
   12    40
     0.145449916663576    -0.027011659500869     0.033116432750613
     0.051019860851561    -0.020910038768858     0.028317078055831
     0.030462627855189    -0.007491649032759     0.011278552033708
   12    41
    -0.024247008251799     0.006922656410468    -0.010025028487359
    -0.046058291441758     0.021614626482137    -0.038742273738624
    -0.146553334698531    -0.042207763561893    -0.003043376537683
   12    42
     0.000846767736167    -0.017086090001701     0.034759925686786
    -0.001517812071513    -0.001566996504131    -0.014574866559578
    -0.003008267949428     0.005937892366536    -0.016348080444468
   12    43
     0.005109726694701    -0.085196471320890    -0.039422411025234
     0.062043832346955    -0.099100845972295    -0.001289173513233
     0.013084823160618    -0.049844575724273    -0.149976619085798
   12    44
     0.028329032579850    -0.042326093462307    -0.014834371065426
    -0.120324125679523    -0.071563839278634    -0.020927300276584
    -0.040981710377424    -0.082097307004449     0.054216716389241
   12    45
    -0.022418106025043     0.003259670190074     0.001191150835691
    -0.011509937996460     0.001679507504992     0.008619244963643
    -0.022037174343765     0.000802131620604     0.000823830959952
   12    46
    -0.122174090112954     0.024226660517601    -0.129339346757782
     0.166717865631997    -0.057893314415172     0.150005912457348
    -0.147659286532785     0.141461278307664    -0.136687431016873
   12    47
    -4.132743351795649    -2.266840407425615     1.755106051369611
    -2.847236231417004    -2.277556684351453     2.247576664240119
     2.598318568808613     2.363179294310595    -2.922636364368684
   12    48
     0.033954037561407    -0.184202697567027    -0.052066717709717
    -0.079642917269864     0.062629813946233    -0.023437212624884
    -0.014520982813143     0.005336674825832    -0.175963647715098
   13     1
     0.001632705874912    -0.059318709103523     0.038050719623776
    -0.059318709103523    -0.052911419368257     0.008629995196426
     0.038050719623776     0.008629995196426    -0.042522694927412
   13     2
    -0.157178586357683     0.034594499528466     0.024066762313857
    -0.231006651523785    -0.450019214194019    -0.718697705006538
     0.477262576382552    -0.663893806409630    -1.179225262538552
   13     3
    -0.450019214194019    -0.663893806409630     0.034594499528466
    -0.718697705006538    -1.179225262538553     0.024066762313857
    -0.231006651523785     0.477262576382552    -0.157178586357683
   13     4
     0.444210486666180    -0.301056597280986    -0.030036607068068
     0.301056597280986    -0.566052092960912     0.134459293355181
     0.030036607068068     0.134459293355181    -1.769622876247565
   13     5
     0.149813060131323     0.121940277153490    -0.627351765394777
     0.142838037307721    -0.167581497128326    -0.070348668909470
     0.025662540273691    -0.089811488433804     0.237391579007096
   13     6
     0.018483399292587    -0.015288370447425     0.049302777250276
     0.007316640104415    -0.018505238580152    -0.038885540201619
     0.016194343645125    -0.014582339057802    -0.012685735039595
   13     7
     0.007383605326302    -0.007802621336872    -0.009366270132336
     0.007802621336872     0.000034968640038    -0.025835022768431
    -0.009366270132336     0.025835022768431     0.000268225489482
   13     8
    -0.012685735039595    -0.049302777250276    -0.038885540201619
    -0.016194343645125     0.018483399292587    -0.007316640104415
    -0.014582339057802     0.015288370447426    -0.018505238580151
   13     9
    -0.001645986224146    -0.026741909312390    -0.009043534812290
     0.031735688909216     0.007912093988283     0.047155802188811
     0.026378449061164     0.007948189579754    -0.020035579699943
   13    10
     0.031529534136870    -0.013442151470226    -0.002381837632557
    -0.013442151470226    -0.040926666533926     0.010928519445629
     0.002381837632557    -0.010928519445629    -0.045613458667979
   13    11
    -0.099279268900566    -0.001895215584580     0.017156266666886
    -0.020228549877099    -0.079728606090061     0.055883856891257
    -0.022224145161824     0.005367131977292    -0.026327960900418
   13    12
     0.000009704304002    -0.061624444368755     0.037233878708984
     0.051676217989807    -0.047421840066689    -0.062176871541557
     0.013334450268616     0.022069995883525    -0.043930839156580
   13    13
    12.153464265998327     2.519867947740112    -1.916338329907072
     2.519867947740112    15.644672093229426     3.856016199632038
    -1.916338329907072     3.856016199632038    18.770928616735734
   13    14
     0.264296476432549     0.357194113998603    -0.635599517816101
     0.226414891594846    -0.345814478840815    -0.115491426480590
    -0.571130176627155     0.220675386874607     0.371914578263844
   13    15
    -0.345814478840816     0.220675386874607     0.357194113998602
    -0.115491426480590     0.371914578263844    -0.635599517816101
     0.226414891594846    -0.571130176627155     0.264296476432549
   13    16
     0.036441451392382     0.016015917034006    -0.097592174729068
    -0.016015917034006    -0.120742405120530    -0.039110142358689
     0.097592174729068    -0.039110142358689     0.036432141153096
   13    17
    -0.043930839156580    -0.037233878708984     0.062176871541557
    -0.013334450268616     0.000009704304002     0.051676217989807
    -0.022069995883525    -0.061624444368755    -0.047421840066689
   13    18
     0.424058989331144    -0.307496181908773    -0.053545196966526
     0.183293774408225    -0.102257087064229     0.083241170074149
     0.048690849988115     0.167296308441790    -0.056382812796580
   13    19
     0.026780604994421    -0.045591821937044     0.021102430738906
     0.045591821937044     0.033330859199160    -0.008729579401443
     0.021102430738906     0.008729579401443     0.014203178826326
   13    20
    -0.056382812796580     0.053545196966526     0.083241170074149
    -0.048690849988115     0.424058989331144    -0.183293774408225
     0.167296308441790     0.307496181908773    -0.102257087064229
   13    21
    -0.079728606090061    -0.005367131977292    -0.001895215584580
    -0.055883856891257    -0.026327960900418    -0.017156266666886
    -0.020228549877099     0.022224145161824    -0.099279268900566
   13    22
    -0.016881824530286    -0.005028464657582     0.020054837311187
    -0.005028464657582     0.044714924822873     0.008125901718396
    -0.020054837311187    -0.008125901718396     0.045919039282886
   13    23
    -0.020035579699943    -0.009043534812290    -0.047155802188811
     0.026378449061164    -0.001645986224146    -0.031735688909216
    -0.007948189579754     0.026741909312390     0.007912093988283
   13    24
    -0.167581497128326    -0.089811488433804    -0.121940277153490
    -0.070348668909470     0.237391579007096     0.627351765394777
    -0.142838037307721    -0.025662540273691     0.149813060131323
   13    25
    -2.922636364368684    -2.598318568808613    -2.363179294310595
    -1.755106051369611    -4.132743351795649    -2.266840407425615
    -2.247576664240119    -2.847236231417004    -2.277556684351453
   13    26
    -0.175963647715098     0.014520982813143    -0.005336674825832
     0.052066717709717     0.033954037561407    -0.184202697567027
     0.023437212624884    -0.079642917269864     0.062629813946233
   13    27
    -0.136687431016873     0.147659286532785    -0.141461278307664
     0.129339346757782    -0.122174090112954     0.024226660517601
    -0.150005912457348     0.166717865631997    -0.057893314415172
   13    28
    -0.003043376537683     0.146553334698531     0.042207763561893
     0.010025028487359    -0.024247008251799     0.006922656410468
     0.038742273738624    -0.046058291441758     0.021614626482137
   13    29
    -0.016348080444468     0.003008267949428    -0.005937892366536
    -0.034759925686786     0.000846767736167    -0.017086090001701
     0.014574866559578    -0.001517812071513    -0.001566996504131
   13    30
     0.011278552033708    -0.030462627855189     0.007491649032759
    -0.033116432750613     0.145449916663576    -0.027011659500869
    -0.028317078055831     0.051019860851561    -0.020910038768858
   13    31
    -0.061104267894301    -0.120914047925967     0.019856707464238
     0.018491748308592     0.040629508591981     0.029597582145299
    -0.016834676712511     0.078046314352118     0.025121699340127
   13    32
    -2.888172823225802     0.145093420677575     0.555587314029763
    -0.888694071229506    -4.275529983913517    -4.355351000021043
    -0.608421511444958    -4.120824463011706    -4.412337877199690
   13    33
    -0.049097937254601     0.043226737579213    -0.000947257921747
    -0.110633367191578     0.010988082143400     0.001389409582314
     0.010692633042843     0.002716645327754    -0.102281412274072
   13    34
     0.026092781604413     0.014216834826037    -0.036021345258857
     0.028104820804649     0.025139450666613    -0.001398752967230
    -0.011692419423027    -0.002815883345076     0.005191541158994
   13    35
     0.072053702232693     0.101753917981002    -0.106830318585792
    -0.063383667114782    -0.024900934710484    -0.038896445114010
    -0.026120491351401     0.047631942851897    -0.028251085105768
   13    36
    -0.051666325860566    -0.066425069646035    -0.026649528757706
     0.017348835413629    -0.043130158578017     0.011777213311205
    -0.038126372683667    -0.030855679788638     0.089538449462222
   13    37
     0.147451573915811    -0.202200973730698     0.086932621025333
    -0.210793149762874     0.102572946507398     0.241233581094260
     0.239190605972347     0.117246016204061    -0.315036613943738
   13    38
    -1.693640720758013     0.377143724981914     0.469539092079608
    -0.090928658222514    -2.939562913402878     3.448281735250709
     1.040512736625926     2.403799536857463    -3.545227503896339
   13    39
    -4.531366329139580     0.370537576195830     4.223128104955210
     0.613590996028366    -2.172357900494966     0.414620844740777
     3.287381218693294     0.613067000440723    -5.409378904258046
   13    40
    -0.045658934472843    -0.112846843436105    -0.070744059451283
    -0.104631452198563    -0.008218665289253    -0.050420698339940
    -0.027260487430890    -0.049352525158611    -0.114759401551063
   13    41
     0.026348264440443    -0.015657760083639    -0.038923186272021
     0.057165193304332    -0.007081843824583     0.101423769088297
     0.081314256218394    -0.059295683938961     0.047692713523753
   13    42
     0.103216398946887    -0.034595843767920     0.004464171349109
     0.012075999071886    -0.035612022503746    -0.043603213014630
     0.106809436838660    -0.024971667485689     0.088784850410173
   13    43
     0.029460731203204     0.141665282296884    -0.053419354056562
     0.184890237377753    -0.075261757310588    -0.069903832452843
     0.091291319295762     0.030479417958395    -0.111995497920100
   13    44
    -0.039653436068900     0.003950310958664     0.007130015474051
    -0.005529899119487    -0.007156620366693    -0.009641898145934
    -0.012388300884063    -0.011403754128152    -0.023050491506836
   13    45
     0.187133887194458    -0.001736238092791     0.148930741865162
    -0.038878822687197    -0.085987547032342    -0.044012502624111
     0.006589469168312     0.011869612280127    -0.029432443249109
   13    46
     0.054216716389241     0.040981710377424     0.082097307004449
     0.014834371065426     0.028329032579850    -0.042326093462307
     0.020927300276584    -0.120324125679523    -0.071563839278634
   13    47
     0.000823830959952     0.022037174343765    -0.000802131620604
    -0.001191150835691    -0.022418106025043     0.003259670190074
    -0.008619244963643    -0.011509937996460     0.001679507504992
   13    48
    -0.149976619085798    -0.013084823160618     0.049844575724273
     0.039422411025234     0.005109726694701    -0.085196471320890
     0.001289173513233     0.062043832346955    -0.099100845972295
   14     1
    -0.157178586357683    -0.231006651523785     0.477262576382552
     0.034594499528466    -0.450019214194019    -0.663893806409630
     0.024066762313857    -0.718697705006538    -1.179225262538553
   14     2
    -0.042522694927412     0.038050719623776     0.008629995196426
     0.038050719623776     0.001632705874912    -0.059318709103523
     0.008629995196426    -0.059318709103523    -0.052911419368257
   14     3
    -1.179225262538553     0.477262576382552    -0.663893806409630
     0.024066762313857    -0.157178586357683     0.034594499528466
    -0.718697705006538    -0.231006651523785    -0.450019214194019
   14     4
     0.149813060131323    -0.142838037307721    -0.025662540273691
    -0.121940277153490    -0.167581497128326    -0.089811488433804
     0.627351765394777    -0.070348668909470     0.237391579007096
   14     5
     0.045919039282886    -0.020054837311187    -0.008125901718396
     0.020054837311187    -0.016881824530286    -0.005028464657582
     0.008125901718396    -0.005028464657582     0.044714924822873
   14     6
     0.007912093988283    -0.007948189579754     0.026741909312390
    -0.047155802188811    -0.020035579699943    -0.009043534812290
    -0.031735688909216     0.026378449061164    -0.001645986224146
   14     7
    -0.012685735039595     0.016194343645125    -0.014582339057802
     0.049302777250276     0.018483399292587    -0.015288370447425
    -0.038885540201619     0.007316640104415    -0.018505238580152
   14     8
    -1.769622876247565     0.030036607068068     0.134459293355181
    -0.030036607068068     0.444210486666180    -0.301056597280986
     0.134459293355181     0.301056597280986    -0.566052092960912
   14     9
     0.237391579007096     0.025662540273691    -0.089811488433804
    -0.627351765394777     0.149813060131323     0.121940277153490
    -0.070348668909470     0.142838037307721    -0.167581497128326
   14    10
    -0.099279268900566    -0.020228549877099     0.022224145161824
    -0.001895215584580    -0.079728606090061    -0.005367131977292
    -0.017156266666886    -0.055883856891257    -0.026327960900418
   14    11
     0.014203178826326     0.021102430738906     0.008729579401443
     0.021102430738906     0.026780604994421    -0.045591821937044
    -0.008729579401443     0.045591821937044     0.033330859199160
   14    12
    -0.102257087064229     0.167296308441790     0.307496181908773
     0.083241170074149    -0.056382812796580     0.053545196966526
    -0.183293774408225    -0.048690849988115     0.424058989331144
   14    13
     0.264296476432549     0.226414891594846    -0.571130176627155
     0.357194113998603    -0.345814478840815     0.220675386874607
    -0.635599517816101    -0.115491426480590     0.371914578263844
   14    14
    18.770928616735734    -1.916338329907072     3.856016199632038
    -1.916338329907072    12.153464265998325     2.519867947740112
     3.856016199632038     2.519867947740112    15.644672093229424
   14    15
     0.371914578263844    -0.571130176627155     0.220675386874607
    -0.635599517816101     0.264296476432549     0.357194113998603
    -0.115491426480590     0.226414891594846    -0.345814478840816
   14    16
    -0.043930839156580     0.013334450268616     0.022069995883525
     0.037233878708984     0.000009704304002    -0.061624444368755
    -0.062176871541557     0.051676217989807    -0.047421840066689
   14    17
    -0.045613458667979     0.002381837632557    -0.010928519445629
    -0.002381837632557     0.031529534136870    -0.013442151470226
     0.010928519445629    -0.013442151470226    -0.040926666533927
   14    18
    -0.026327960900418    -0.022224145161824     0.005367131977292
     0.017156266666886    -0.099279268900566    -0.001895215584580
     0.055883856891257    -0.020228549877099    -0.079728606090061
   14    19
    -0.056382812796580     0.048690849988115     0.167296308441790
    -0.053545196966526     0.424058989331144    -0.307496181908773
     0.083241170074149     0.183293774408225    -0.102257087064229
   14    20
     0.036432141153096     0.097592174729068    -0.039110142358689
    -0.097592174729068     0.036441451392382     0.016015917034006
    -0.039110142358689    -0.016015917034006    -0.120742405120530
   14    21
    -0.047421840066689    -0.022069995883525    -0.061624444368755
     0.062176871541557    -0.043930839156580    -0.037233878708984
     0.051676217989807    -0.013334450268616     0.000009704304002
   14    22
    -0.020035579699943     0.026378449061164     0.007948189579753
    -0.009043534812290    -0.001645986224146    -0.026741909312390
     0.047155802188811     0.031735688909216     0.007912093988283
   14    23
     0.000268225489482    -0.009366270132336     0.025835022768431
    -0.009366270132336     0.007383605326302    -0.007802621336872
    -0.025835022768431     0.007802621336872     0.000034968640038
   14    24
    -0.018505238580151    -0.014582339057802     0.015288370447425
    -0.038885540201619    -0.012685735039595    -0.049302777250276
    -0.007316640104415    -0.016194343645125     0.018483399292587
   14    25
     0.062629813946233     0.023437212624884    -0.079642917269864
    -0.005336674825832    -0.175963647715098     0.014520982813143
    -0.184202697567027     0.052066717709717     0.033954037561407
   14    26
    -0.057893314415172    -0.150005912457348     0.166717865631997
    -0.141461278307664    -0.136687431016873     0.147659286532785
     0.024226660517601     0.129339346757782    -0.122174090112954
   14    27
    -2.277556684351453    -2.247576664240119    -2.847236231417004
    -2.363179294310595    -2.922636364368684    -2.598318568808613
    -2.266840407425615    -1.755106051369611    -4.132743351795649
   14    28
    -4.412337877199690    -0.608421511444958    -4.120824463011706
     0.555587314029763    -2.888172823225802     0.145093420677575
    -4.355351000021043    -0.888694071229506    -4.275529983913517
   14    29
    -0.102281412274072     0.010692633042843     0.002716645327754
    -0.000947257921747    -0.049097937254601     0.043226737579213
     0.001389409582314    -0.110633367191578     0.010988082143401
   14    30
     0.025121699340127    -0.016834676712511     0.078046314352118
     0.019856707464238    -0.061104267894301    -0.120914047925967
     0.029597582145299     0.018491748308592     0.040629508591981
   14    31
     0.001679507504992    -0.008619244963643    -0.011509937996460
    -0.000802131620604     0.000823830959952     0.022037174343765
     0.003259670190074    -0.001191150835691    -0.022418106025043
   14    32
    -0.099100845972295     0.001289173513233     0.062043832346955
     0.049844575724273    -0.149976619085798    -0.013084823160618
    -0.085196471320890     0.039422411025234     0.005109726694701
   14    33
    -0.071563839278634     0.020927300276584    -0.120324125679523
     0.082097307004449     0.054216716389241     0.040981710377424
    -0.042326093462307     0.014834371065426     0.028329032579850
   14    34
     0.047692713523753     0.081314256218394    -0.059295683938961
    -0.038923186272021     0.026348264440443    -0.015657760083639
     0.101423769088297     0.057165193304332    -0.007081843824583
   14    35
     0.088784850410173     0.106809436838660    -0.024971667485689
     0.004464171349109     0.103216398946887    -0.034595843767920
    -0.043603213014630     0.012075999071886    -0.035612022503746
   14    36
    -0.114759401551063    -0.027260487430890    -0.049352525158611
    -0.070744059451283    -0.045658934472844    -0.112846843436105
    -0.050420698339940    -0.104631452198563    -0.008218665289253
   14    37
    -3.545227503896339     1.040512736625926     2.403799536857463
     0.469539092079608    -1.693640720758013     0.377143724981914
     3.448281735250709    -0.090928658222514    -2.939562913402878
   14    38
    -5.409378904258046     3.287381218693294     0.613067000440724
     4.223128104955210    -4.531366329139580     0.370537576195830
     0.414620844740777     0.613590996028366    -2.172357900494966
   14    39
    -0.315036613943738     0.239190605972347     0.117246016204061
     0.086932621025333     0.147451573915811    -0.202200973730698
     0.241233581094260    -0.210793149762874     0.102572946507398
   14    40
    -0.023050491506836    -0.012388300884063    -0.011403754128152
     0.007130015474051    -0.039653436068900     0.003950310958664
    -0.009641898145934    -0.005529899119487    -0.007156620366693
   14    41
    -0.029432443249109     0.006589469168312     0.011869612280127
     0.148930741865162     0.187133887194458    -0.001736238092791
    -0.044012502624111    -0.038878822687197    -0.085987547032342
   14    42
    -0.111995497920100     0.091291319295762     0.030479417958395
    -0.053419354056562     0.029460731203204     0.141665282296884
    -0.069903832452843     0.184890237377753    -0.075261757310588
   14    43
    -0.028251085105768    -0.026120491351401     0.047631942851897
    -0.106830318585792     0.072053702232693     0.101753917981002
    -0.038896445114010    -0.063383667114782    -0.024900934710484
   14    44
     0.089538449462222    -0.038126372683667    -0.030855679788638
    -0.026649528757706    -0.051666325860566    -0.066425069646035
     0.011777213311205     0.017348835413629    -0.043130158578016
   14    45
     0.005191541158993    -0.011692419423028    -0.002815883345076
    -0.036021345258857     0.026092781604413     0.014216834826037
    -0.001398752967230     0.028104820804649     0.025139450666613
   14    46
    -0.001566996504131     0.014574866559578    -0.001517812071513
    -0.005937892366536    -0.016348080444468     0.003008267949428
    -0.017086090001701    -0.034759925686786     0.000846767736166
   14    47
    -0.020910038768858    -0.028317078055831     0.051019860851561
     0.007491649032759     0.011278552033708    -0.030462627855189
    -0.027011659500869    -0.033116432750613     0.145449916663576
   14    48
     0.021614626482137     0.038742273738624    -0.046058291441758
     0.042207763561893    -0.003043376537683     0.146553334698531
     0.006922656410468     0.010025028487359    -0.024247008251799
   15     1
    -0.450019214194019    -0.718697705006538    -0.231006651523785
    -0.663893806409630    -1.179225262538553     0.477262576382552
     0.034594499528466     0.024066762313857    -0.157178586357683
   15     2
    -1.179225262538553     0.024066762313857    -0.718697705006538
     0.477262576382552    -0.157178586357683    -0.231006651523785
    -0.663893806409630     0.034594499528466    -0.450019214194019
   15     3
    -0.052911419368257     0.008629995196426    -0.059318709103523
     0.008629995196426    -0.042522694927412     0.038050719623776
    -0.059318709103523     0.038050719623776     0.001632705874912
   15     4
     0.018483399292587    -0.007316640104415    -0.016194343645125
     0.015288370447425    -0.018505238580151    -0.014582339057802
    -0.049302777250276    -0.038885540201619    -0.012685735039595
   15     5
     0.007912093988283     0.047155802188811     0.031735688909216
     0.007948189579754    -0.020035579699943     0.026378449061164
    -0.026741909312390    -0.009043534812290    -0.001645986224146
   15     6
     0.000034968640038    -0.025835022768431     0.007802621336872
     0.025835022768431     0.000268225489482    -0.009366270132336
    -0.007802621336872    -0.009366270132336     0.007383605326302
   15     7
    -0.001645986224146    -0.031735688909216     0.026378449061164
     0.026741909312390     0.007912093988283    -0.007948189579754
    -0.009043534812290    -0.047155802188811    -0.020035579699943
   15     8
     0.237391579007096     0.627351765394777    -0.070348668909470
    -0.025662540273691     0.149813060131323    -0.142838037307721
    -0.089811488433804    -0.121940277153490    -0.167581497128326
   15     9
     0.044714924822873     0.008125901718396    -0.005028464657582
    -0.008125901718396     0.045919039282886    -0.020054837311187
    -0.005028464657582     0.020054837311187    -0.016881824530286
   15    10
     0.000009704304002     0.051676217989807    -0.013334450268616
    -0.061624444368755    -0.047421840066689    -0.022069995883525
    -0.037233878708984     0.062176871541557    -0.043930839156580
   15    11
    -0.102257087064229     0.083241170074149     0.183293774408225
     0.167296308441790    -0.056382812796580     0.048690849988115
    -0.307496181908773    -0.053545196966526     0.424058989331144
   15    12
    -0.120742405120530    -0.039110142358689    -0.016015917034006
    -0.039110142358689     0.036432141153096     0.097592174729068
     0.016015917034006    -0.097592174729068     0.036441451392382
   15    13
    -0.345814478840816    -0.115491426480590     0.226414891594846
     0.220675386874607     0.371914578263844    -0.571130176627155
     0.357194113998602    -0.635599517816101     0.264296476432549
   15    14
     0.371914578263844    -0.635599517816101    -0.115491426480590
    -0.571130176627155     0.264296476432549     0.226414891594846
     0.220675386874607     0.357194113998603    -0.345814478840816
   15    15
    15.644672093229422     3.856016199632038     2.519867947740112
     3.856016199632038    18.770928616735731    -1.916338329907073
     2.519867947740112    -1.916338329907073    12.153464265998331
   15    16
     0.424058989331144    -0.183293774408225    -0.048690849988115
     0.307496181908773    -0.102257087064229     0.167296308441790
     0.053545196966526     0.083241170074149    -0.056382812796580
   15    17
    -0.026327960900418    -0.017156266666886    -0.055883856891257
     0.022224145161824    -0.099279268900566    -0.020228549877099
    -0.005367131977292    -0.001895215584580    -0.079728606090061
   15    18
     0.033330859199160    -0.008729579401443     0.045591821937044
     0.008729579401443     0.014203178826326     0.021102430738906
    -0.045591821937044     0.021102430738906     0.026780604994421
   15    19
    -0.079728606090061     0.055883856891257    -0.020228549877099
     0.005367131977292    -0.026327960900418    -0.022224145161824
    -0.001895215584580     0.017156266666886    -0.099279268900566
   15    20
    -0.047421840066689    -0.062176871541557     0.051676217989807
     0.022069995883525    -0.043930839156580     0.013334450268616
    -0.061624444368755     0.037233878708984     0.000009704304002
   15    21
    -0.040926666533926     0.010928519445629    -0.013442151470226
    -0.010928519445629    -0.045613458667979     0.002381837632557
    -0.013442151470226    -0.002381837632557     0.031529534136870
   15    22
    -0.167581497128326    -0.070348668909470     0.142838037307721
    -0.089811488433804     0.237391579007096     0.025662540273691
     0.121940277153490    -0.627351765394777     0.149813060131323
   15    23
    -0.018505238580151    -0.038885540201619     0.007316640104415
    -0.014582339057802    -0.012685735039595     0.016194343645125
    -0.015288370447425     0.049302777250276     0.018483399292587
   15    24
    -0.566052092960912     0.134459293355181     0.301056597280986
     0.134459293355181    -1.769622876247565     0.030036607068068
    -0.301056597280986    -0.030036607068068     0.444210486666180
   15    25
    -0.122174090112954     0.024226660517601     0.129339346757783
     0.166717865631997    -0.057893314415172    -0.150005912457348
     0.147659286532785    -0.141461278307664    -0.136687431016873
   15    26
    -4.132743351795649    -2.266840407425615    -1.755106051369611
    -2.847236231417004    -2.277556684351453    -2.247576664240119
    -2.598318568808613    -2.363179294310595    -2.922636364368684
   15    27
     0.033954037561407    -0.184202697567027     0.052066717709717
    -0.079642917269864     0.062629813946233     0.023437212624884
     0.014520982813143    -0.005336674825832    -0.175963647715098
   15    28
     0.005109726694702    -0.085196471320890     0.039422411025234
     0.062043832346955    -0.099100845972295     0.001289173513233
    -0.013084823160618     0.049844575724273    -0.149976619085798
   15    29
     0.028329032579850    -0.042326093462307     0.014834371065426
    -0.120324125679523    -0.071563839278634     0.020927300276584
     0.040981710377424     0.082097307004449     0.054216716389241
   15    30
    -0.022418106025043     0.003259670190074    -0.001191150835691
    -0.011509937996460     0.001679507504992    -0.008619244963643
     0.022037174343765    -0.000802131620604     0.000823830959952
   15    31
     0.145449916663576    -0.027011659500869    -0.033116432750613
     0.051019860851561    -0.020910038768858    -0.028317078055831
    -0.030462627855189     0.007491649032759     0.011278552033708
   15    32
    -0.024247008251799     0.006922656410468     0.010025028487359
    -0.046058291441758     0.021614626482137     0.038742273738624
     0.146553334698531     0.042207763561893    -0.003043376537683
   15    33
     0.000846767736167    -0.017086090001701    -0.034759925686786
    -0.001517812071513    -0.001566996504131     0.014574866559578
     0.003008267949428    -0.005937892366536    -0.016348080444468
   15    34
    -0.085987547032342    -0.044012502624111    -0.038878822687197
     0.011869612280127    -0.029432443249109     0.006589469168312
    -0.001736238092791     0.148930741865162     0.187133887194458
   15    35
    -0.075261757310588    -0.069903832452843     0.184890237377753
     0.030479417958395    -0.111995497920100     0.091291319295762
     0.141665282296884    -0.053419354056562     0.029460731203204
   15    36
    -0.007156620366693    -0.009641898145934    -0.005529899119487
    -0.011403754128152    -0.023050491506836    -0.012388300884063
     0.003950310958664     0.007130015474051    -0.039653436068900
   15    37
    -2.172357900494966     0.414620844740777     0.613590996028366
     0.613067000440723    -5.409378904258046     3.287381218693294
     0.370537576195830     4.223128104955210    -4.531366329139580
   15    38
     0.102572946507398     0.241233581094260    -0.210793149762874
     0.117246016204061    -0.315036613943738     0.239190605972347
    -0.202200973730698     0.086932621025333     0.147451573915811
   15    39
    -2.939562913402879     3.448281735250709    -0.090928658222514
     2.403799536857463    -3.545227503896339     1.040512736625926
     0.377143724981914     0.469539092079608    -1.693640720758013
   15    40
    -0.043130158578016     0.011777213311205     0.017348835413629
    -0.030855679788638     0.089538449462222    -0.038126372683667
    -0.066425069646035    -0.026649528757706    -0.051666325860566
   15    41
     0.025139450666613    -0.001398752967230     0.028104820804649
    -0.002815883345076     0.005191541158994    -0.011692419423028
     0.014216834826037    -0.036021345258857     0.026092781604413
   15    42
    -0.024900934710484    -0.038896445114010    -0.063383667114782
     0.047631942851897    -0.028251085105768    -0.026120491351401
     0.101753917981002    -0.106830318585792     0.072053702232693
   15    43
    -0.035612022503746    -0.043603213014630     0.012075999071886
    -0.024971667485689     0.088784850410173     0.106809436838660
    -0.034595843767920     0.004464171349109     0.103216398946887
   15    44
    -0.008218665289253    -0.050420698339940    -0.104631452198563
    -0.049352525158611    -0.114759401551063    -0.027260487430890
    -0.112846843436105    -0.070744059451283    -0.045658934472843
   15    45
    -0.007081843824583     0.101423769088297     0.057165193304332
    -0.059295683938961     0.047692713523753     0.081314256218394
    -0.015657760083639    -0.038923186272021     0.026348264440443
   15    46
     0.010988082143401     0.001389409582314    -0.110633367191578
     0.002716645327754    -0.102281412274072     0.010692633042843
     0.043226737579214    -0.000947257921747    -0.049097937254601
   15    47
     0.040629508591981     0.029597582145299     0.018491748308592
     0.078046314352118     0.025121699340127    -0.016834676712511
    -0.120914047925967     0.019856707464238    -0.061104267894301
   15    48
    -4.275529983913517    -4.355351000021043    -0.888694071229506
    -4.120824463011706    -4.412337877199690    -0.608421511444958
     0.145093420677575     0.555587314029763    -2.888172823225802
   16     1
     0.444210486666180     0.301056597280986     0.030036607068068
    -0.301056597280986    -0.566052092960912     0.134459293355180
    -0.030036607068068     0.134459293355180    -1.769622876247565
   16     2
     0.149813060131323    -0.121940277153490     0.627351765394777
    -0.142838037307721    -0.167581497128326    -0.070348668909470
    -0.025662540273691    -0.089811488433804     0.237391579007096
   16     3
     0.018483399292587     0.015288370447425    -0.049302777250276
    -0.007316640104415    -0.018505238580152    -0.038885540201619
    -0.016194343645125    -0.014582339057802    -0.012685735039595
   16     4
     0.001632705874912     0.059318709103523    -0.038050719623776
     0.059318709103523    -0.052911419368257     0.008629995196426
    -0.038050719623776     0.008629995196426    -0.042522694927412
   16     5
    -0.157178586357683    -0.034594499528466    -0.024066762313857
     0.231006651523785    -0.450019214194019    -0.718697705006538
    -0.477262576382552    -0.663893806409630    -1.179225262538552
   16     6
    -0.450019214194019     0.663893806409630    -0.034594499528466
     0.718697705006538    -1.179225262538553     0.024066762313857
     0.231006651523785     0.477262576382552    -0.157178586357683
   16     7
     0.031529534136870     0.013442151470226     0.002381837632557
     0.013442151470226    -0.040926666533926     0.010928519445629
    -0.002381837632557    -0.010928519445629    -0.045613458667979
   16     8
    -0.099279268900566     0.001895215584580    -0.017156266666886
     0.020228549877099    -0.079728606090061     0.055883856891257
     0.022224145161824     0.005367131977292    -0.026327960900418
   16     9
     0.000009704304002     0.061624444368755    -0.037233878708984
    -0.051676217989807    -0.047421840066689    -0.062176871541557
    -0.013334450268616     0.022069995883525    -0.043930839156580
   16    10
     0.007383605326302     0.007802621336872     0.009366270132336
    -0.007802621336872     0.000034968640038    -0.025835022768431
     0.009366270132336     0.025835022768431     0.000268225489482
   16    11
    -0.012685735039595     0.049302777250276     0.038885540201619
     0.016194343645125     0.018483399292587    -0.007316640104415
     0.014582339057802     0.015288370447425    -0.018505238580151
   16    12
    -0.001645986224146     0.026741909312390     0.009043534812290
    -0.031735688909216     0.007912093988283     0.047155802188811
    -0.026378449061164     0.007948189579754    -0.020035579699943
   16    13
     0.036441451392382    -0.016015917034006     0.097592174729068
     0.016015917034006    -0.120742405120530    -0.039110142358689
    -0.097592174729068    -0.039110142358689     0.036432141153096
   16    14
    -0.043930839156580     0.037233878708984    -0.062176871541557
     0.013334450268616     0.000009704304002     0.051676217989807
     0.022069995883525    -0.061624444368755    -0.047421840066689
   16    15
     0.424058989331144     0.307496181908773     0.053545196966526
    -0.183293774408225    -0.102257087064229     0.083241170074149
    -0.048690849988115     0.167296308441790    -0.056382812796580
   16    16
    12.153464265998331    -2.519867947740112     1.916338329907073
    -2.519867947740112    15.644672093229426     3.856016199632037
     1.916338329907073     3.856016199632037    18.770928616735731
   16    17
     0.264296476432549    -0.357194113998603     0.635599517816101
    -0.226414891594846    -0.345814478840815    -0.115491426480590
     0.571130176627155     0.220675386874607     0.371914578263844
   16    18
    -0.345814478840816    -0.220675386874607    -0.357194113998603
     0.115491426480590     0.371914578263844    -0.635599517816101
    -0.226414891594846    -0.571130176627155     0.264296476432549
   16    19
    -0.016881824530286     0.005028464657582    -0.020054837311187
     0.005028464657582     0.044714924822873     0.008125901718396
     0.020054837311187    -0.008125901718396     0.045919039282886
   16    20
    -0.020035579699943     0.009043534812290     0.047155802188811
    -0.026378449061164    -0.001645986224146    -0.031735688909216
     0.007948189579754     0.026741909312390     0.007912093988283
   16    21
    -0.167581497128326     0.089811488433804     0.121940277153490
     0.070348668909470     0.237391579007096     0.627351765394777
     0.142838037307721    -0.025662540273691     0.149813060131323
   16    22
     0.026780604994421     0.045591821937044    -0.021102430738906
    -0.045591821937044     0.033330859199160    -0.008729579401443
    -0.021102430738906     0.008729579401443     0.014203178826326
   16    23
    -0.056382812796580    -0.053545196966526    -0.083241170074149
     0.048690849988115     0.424058989331144    -0.183293774408225
    -0.167296308441790     0.307496181908773    -0.102257087064229
   16    24
    -0.079728606090061     0.005367131977292     0.001895215584580
     0.055883856891257    -0.026327960900418    -0.017156266666886
     0.020228549877099     0.022224145161824    -0.099279268900566
   16    25
    -0.061104267894301     0.120914047925967    -0.019856707464238
    -0.018491748308592     0.040629508591981     0.029597582145299
     0.016834676712511     0.078046314352118     0.025121699340127
   16    26
    -2.888172823225802    -0.145093420677575    -0.555587314029763
     0.888694071229506    -4.275529983913517    -4.355351000021043
     0.608421511444958    -4.120824463011706    -4.412337877199690
   16    27
    -0.049097937254601    -0.043226737579213     0.000947257921747
     0.110633367191578     0.010988082143400     0.001389409582314
    -0.010692633042843     0.002716645327754    -0.102281412274072
   16    28
     0.026092781604413    -0.014216834826037     0.036021345258857
    -0.028104820804649     0.025139450666613    -0.001398752967230
     0.011692419423028    -0.002815883345076     0.005191541158994
   16    29
     0.072053702232693    -0.101753917981002     0.106830318585792
     0.063383667114782    -0.024900934710484    -0.038896445114010
     0.026120491351401     0.047631942851897    -0.028251085105768
   16    30
    -0.051666325860566     0.066425069646035     0.026649528757706
    -0.017348835413629    -0.043130158578016     0.011777213311205
     0.038126372683667    -0.030855679788638     0.089538449462222
   16    31
    -2.922636364368684     2.598318568808613     2.363179294310595
     1.755106051369611    -4.132743351795649    -2.266840407425615
     2.247576664240119    -2.847236231417004    -2.277556684351453
   16    32
    -0.175963647715098    -0.014520982813143     0.005336674825832
    -0.052066717709717     0.033954037561407    -0.184202697567027
    -0.023437212624884    -0.079642917269864     0.062629813946233
   16    33
    -0.136687431016873    -0.147659286532785     0.141461278307664
    -0.129339346757783    -0.122174090112954     0.024226660517601
     0.150005912457348     0.166717865631997    -0.057893314415172
   16    34
    -0.003043376537683    -0.146553334698531    -0.042207763561893
    -0.010025028487359    -0.024247008251799     0.006922656410468
    -0.038742273738624    -0.046058291441758     0.021614626482137
   16    35
    -0.016348080444468    -0.003008267949428     0.005937892366536
     0.034759925686786     0.000846767736167    -0.017086090001701
    -0.014574866559578    -0.001517812071513    -0.001566996504131
   16    36
     0.011278552033708     0.030462627855189    -0.007491649032759
     0.033116432750613     0.145449916663576    -0.027011659500869
     0.028317078055831     0.051019860851562    -0.020910038768858
   16    37
     0.029460731203204    -0.141665282296884     0.053419354056562
    -0.184890237377753    -0.075261757310588    -0.069903832452843
    -0.091291319295762     0.030479417958395    -0.111995497920100
   16    38
    -0.039653436068900    -0.003950310958664    -0.007130015474051
     0.005529899119487    -0.007156620366693    -0.009641898145934
     0.012388300884063    -0.011403754128152    -0.023050491506836
   16    39
     0.187133887194458     0.001736238092791    -0.148930741865162
     0.038878822687197    -0.085987547032342    -0.044012502624111
    -0.006589469168312     0.011869612280127    -0.029432443249109
   16    40
     0.054216716389241    -0.040981710377424    -0.082097307004449
    -0.014834371065426     0.028329032579850    -0.042326093462307
    -0.020927300276584    -0.120324125679523    -0.071563839278634
   16    41
     0.000823830959952    -0.022037174343765     0.000802131620604
     0.001191150835691    -0.022418106025042     0.003259670190074
     0.008619244963643    -0.011509937996460     0.001679507504992
   16    42
    -0.149976619085798     0.013084823160618    -0.049844575724273
    -0.039422411025234     0.005109726694701    -0.085196471320890
    -0.001289173513233     0.062043832346955    -0.099100845972295
   16    43
     0.147451573915811     0.202200973730698    -0.086932621025333
     0.210793149762874     0.102572946507398     0.241233581094260
    -0.239190605972347     0.117246016204061    -0.315036613943738
   16    44
    -1.693640720758013    -0.377143724981914    -0.469539092079608
     0.090928658222514    -2.939562913402879     3.448281735250709
    -1.040512736625926     2.403799536857463    -3.545227503896339
   16    45
    -4.531366329139579    -0.370537576195830    -4.223128104955210
    -0.613590996028366    -2.172357900494966     0.414620844740777
    -3.287381218693294     0.613067000440724    -5.409378904258046
   16    46
    -0.045658934472843     0.112846843436105     0.070744059451283
     0.104631452198563    -0.008218665289253    -0.050420698339940
     0.027260487430890    -0.049352525158611    -0.114759401551063
   16    47
     0.026348264440443     0.015657760083639     0.038923186272021
    -0.057165193304332    -0.007081843824583     0.101423769088297
    -0.081314256218394    -0.059295683938960     0.047692713523753
   16    48
     0.103216398946887     0.034595843767920    -0.004464171349109
    -0.012075999071886    -0.035612022503746    -0.043603213014630
    -0.106809436838660    -0.024971667485689     0.088784850410173
   17     1
     0.149813060131323     0.142838037307721     0.025662540273691
     0.121940277153490    -0.167581497128326    -0.089811488433804
    -0.627351765394777    -0.070348668909470     0.237391579007095
   17     2
     0.045919039282885     0.020054837311187     0.008125901718396
    -0.020054837311187    -0.016881824530286    -0.005028464657582
    -0.008125901718396    -0.005028464657582     0.044714924822872
   17     3
     0.007912093988283     0.007948189579754    -0.026741909312390
     0.047155802188811    -0.020035579699943    -0.009043534812290
     0.031735688909216     0.026378449061164    -0.001645986224146
   17     4
    -0.157178586357683     0.231006651523785    -0.477262576382552
    -0.034594499528466    -0.450019214194019    -0.663893806409630
    -0.024066762313857    -0.718697705006538    -1.179225262538552
   17     5
    -0.042522694927412    -0.038050719623776    -0.008629995196426
    -0.038050719623776     0.001632705874912    -0.059318709103523
    -0.008629995196426    -0.059318709103523    -0.052911419368257
   17     6
    -1.179225262538553    -0.477262576382552     0.663893806409630
    -0.024066762313857    -0.157178586357683     0.034594499528466
     0.718697705006538    -0.231006651523785    -0.450019214194019
   17     7
    -0.099279268900566     0.020228549877099    -0.022224145161824
     0.001895215584580    -0.079728606090061    -0.005367131977292
     0.017156266666886    -0.055883856891257    -0.026327960900418
   17     8
     0.014203178826325    -0.021102430738906    -0.008729579401443
    -0.021102430738906     0.026780604994421    -0.045591821937044
     0.008729579401443     0.045591821937044     0.033330859199160
   17     9
    -0.102257087064229    -0.167296308441790    -0.307496181908773
    -0.083241170074149    -0.056382812796580     0.053545196966526
     0.183293774408225    -0.048690849988115     0.424058989331144
   17    10
    -0.012685735039595    -0.016194343645125     0.014582339057802
    -0.049302777250276     0.018483399292587    -0.015288370447425
     0.038885540201619     0.007316640104415    -0.018505238580152
   17    11
    -1.769622876247565    -0.030036607068068    -0.134459293355181
     0.030036607068068     0.444210486666180    -0.301056597280986
    -0.134459293355181     0.301056597280986    -0.566052092960912
   17    12
     0.237391579007096    -0.025662540273691     0.089811488433804
     0.627351765394777     0.149813060131323     0.121940277153490
     0.070348668909470     0.142838037307721    -0.167581497128326
   17    13
    -0.043930839156580    -0.013334450268616    -0.022069995883525
    -0.037233878708984     0.000009704304002    -0.061624444368755
     0.062176871541557     0.051676217989807    -0.047421840066689
   17    14
    -0.045613458667979    -0.002381837632557     0.010928519445629
     0.002381837632557     0.031529534136870    -0.013442151470226
    -0.010928519445629    -0.013442151470226    -0.040926666533927
   17    15
    -0.026327960900418     0.022224145161824    -0.005367131977292
    -0.017156266666886    -0.099279268900566    -0.001895215584580
    -0.055883856891257    -0.020228549877099    -0.079728606090061
   17    16
     0.264296476432549    -0.226414891594846     0.571130176627155
    -0.357194113998603    -0.345814478840815     0.220675386874607
     0.635599517816101    -0.115491426480590     0.371914578263844
   17    17
    18.770928616735734     1.916338329907072    -3.856016199632039
     1.916338329907072    12.153464265998323     2.519867947740113
    -3.856016199632039     2.519867947740113    15.644672093229429
   17    18
     0.371914578263844     0.571130176627155    -0.220675386874607
     0.635599517816101     0.264296476432549     0.357194113998602
     0.115491426480590     0.226414891594846    -0.345814478840816
   17    19
    -0.020035579699943    -0.026378449061164    -0.007948189579754
     0.009043534812290    -0.001645986224146    -0.026741909312390
    -0.047155802188811     0.031735688909216     0.007912093988283
   17    20
     0.000268225489482     0.009366270132336    -0.025835022768431
     0.009366270132336     0.007383605326302    -0.007802621336872
     0.025835022768431     0.007802621336872     0.000034968640038
   17    21
    -0.018505238580151     0.014582339057802    -0.015288370447425
     0.038885540201619    -0.012685735039595    -0.049302777250276
     0.007316640104415    -0.016194343645125     0.018483399292587
   17    22
    -0.056382812796580    -0.048690849988115    -0.167296308441790
     0.053545196966526     0.424058989331144    -0.307496181908773
    -0.083241170074149     0.183293774408225    -0.102257087064229
   17    23
     0.036432141153096    -0.097592174729068     0.039110142358689
     0.097592174729068     0.036441451392382     0.016015917034006
     0.039110142358689    -0.016015917034006    -0.120742405120530
   17    24
    -0.047421840066689     0.022069995883525     0.061624444368755
    -0.062176871541557    -0.043930839156580    -0.037233878708984
    -0.051676217989807    -0.013334450268616     0.000009704304002
   17    25
     0.001679507504992     0.008619244963643     0.011509937996460
     0.000802131620604     0.000823830959952     0.022037174343765
    -0.003259670190074    -0.001191150835691    -0.022418106025043
   17    26
    -0.099100845972295    -0.001289173513233    -0.062043832346955
    -0.049844575724273    -0.149976619085798    -0.013084823160618
     0.085196471320890     0.039422411025234     0.005109726694701
   17    27
    -0.071563839278634    -0.020927300276584     0.120324125679523
    -0.082097307004449     0.054216716389241     0.040981710377424
     0.042326093462307     0.014834371065426     0.028329032579850
   17    28
     0.047692713523753    -0.081314256218394     0.059295683938961
     0.038923186272021     0.026348264440443    -0.015657760083639
    -0.101423769088297     0.057165193304332    -0.007081843824583
   17    29
     0.088784850410173    -0.106809436838660     0.024971667485689
    -0.004464171349109     0.103216398946887    -0.034595843767920
     0.043603213014630     0.012075999071886    -0.035612022503746
   17    30
    -0.114759401551063     0.027260487430890     0.049352525158611
     0.070744059451283    -0.045658934472843    -0.112846843436105
     0.050420698339940    -0.104631452198563    -0.008218665289253
   17    31
     0.062629813946233    -0.023437212624884     0.079642917269864
     0.005336674825832    -0.175963647715098     0.014520982813143
     0.184202697567027     0.052066717709717     0.033954037561406
   17    32
    -0.057893314415172     0.150005912457348    -0.166717865631997
     0.141461278307664    -0.136687431016873     0.147659286532785
    -0.024226660517601     0.129339346757783    -0.122174090112954
   17    33
    -2.277556684351453     2.247576664240119     2.847236231417004
     2.363179294310595    -2.922636364368683    -2.598318568808613
     2.266840407425615    -1.755106051369611    -4.132743351795649
   17    34
    -4.412337877199690     0.608421511444958     4.120824463011706
    -0.555587314029763    -2.888172823225801     0.145093420677575
     4.355351000021043    -0.888694071229506    -4.275529983913517
   17    35
    -0.102281412274072    -0.010692633042843    -0.002716645327754
     0.000947257921747    -0.049097937254601     0.043226737579213
    -0.001389409582314    -0.110633367191578     0.010988082143400
   17    36
     0.025121699340127     0.016834676712511    -0.078046314352118
    -0.019856707464238    -0.061104267894301    -0.120914047925967
    -0.029597582145299     0.018491748308592     0.040629508591980
   17    37
    -0.028251085105768     0.026120491351401    -0.047631942851897
     0.106830318585792     0.072053702232693     0.101753917981002
     0.038896445114010    -0.063383667114782    -0.024900934710484
   17    38
     0.089538449462222     0.038126372683667     0.030855679788638
     0.026649528757706    -0.051666325860566    -0.066425069646035
    -0.011777213311205     0.017348835413629    -0.043130158578016
   17    39
     0.005191541158993     0.011692419423028     0.002815883345076
     0.036021345258857     0.026092781604413     0.014216834826037
     0.001398752967230     0.028104820804649     0.025139450666613
   17    40
    -0.001566996504131    -0.014574866559578     0.001517812071513
     0.005937892366536    -0.016348080444468     0.003008267949428
     0.017086090001701    -0.034759925686786     0.000846767736167
   17    41
    -0.020910038768858     0.028317078055831    -0.051019860851561
    -0.007491649032759     0.011278552033708    -0.030462627855189
     0.027011659500869    -0.033116432750613     0.145449916663576
   17    42
     0.021614626482137    -0.038742273738624     0.046058291441758
    -0.042207763561893    -0.003043376537683     0.146553334698531
    -0.006922656410468     0.010025028487359    -0.024247008251799
   17    43
    -3.545227503896339    -1.040512736625926    -2.403799536857463
    -0.469539092079608    -1.693640720758013     0.377143724981914
    -3.448281735250709    -0.090928658222514    -2.939562913402879
   17    44
    -5.409378904258046    -3.287381218693294    -0.613067000440723
    -4.223128104955210    -4.531366329139580     0.370537576195830
    -0.414620844740777     0.613590996028366    -2.172357900494966
   17    45
    -0.315036613943738    -0.239190605972347    -0.117246016204061
    -0.086932621025333     0.147451573915811    -0.202200973730698
    -0.241233581094260    -0.210793149762874     0.102572946507398
   17    46
    -0.023050491506836     0.012388300884063     0.011403754128152
    -0.007130015474051    -0.039653436068900     0.003950310958664
     0.009641898145934    -0.005529899119487    -0.007156620366693
   17    47
    -0.029432443249109    -0.006589469168312    -0.011869612280127
    -0.148930741865162     0.187133887194458    -0.001736238092791
     0.044012502624111    -0.038878822687197    -0.085987547032342
   17    48
    -0.111995497920100    -0.091291319295762    -0.030479417958395
     0.053419354056562     0.029460731203204     0.141665282296884
     0.069903832452843     0.184890237377753    -0.075261757310588
   18     1
     0.018483399292587     0.007316640104415     0.016194343645125
    -0.015288370447425    -0.018505238580151    -0.014582339057802
     0.049302777250276    -0.038885540201619    -0.012685735039595
   18     2
     0.007912093988282    -0.047155802188811    -0.031735688909216
    -0.007948189579754    -0.020035579699943     0.026378449061164
     0.026741909312390    -0.009043534812290    -0.001645986224146
   18     3
     0.000034968640038     0.025835022768431    -0.007802621336872
    -0.025835022768431     0.000268225489482    -0.009366270132336
     0.007802621336872    -0.009366270132336     0.007383605326302
   18     4
    -0.450019214194019     0.718697705006538     0.231006651523785
     0.663893806409630    -1.179225262538553     0.477262576382552
    -0.034594499528466     0.024066762313857    -0.157178586357683
   18     5
    -1.179225262538553    -0.024066762313857     0.718697705006538
    -0.477262576382552    -0.157178586357683    -0.231006651523785
     0.663893806409630     0.034594499528466    -0.450019214194019
   18     6
    -0.052911419368257    -0.008629995196426     0.059318709103523
    -0.008629995196426    -0.042522694927412     0.038050719623776
     0.059318709103523     0.038050719623776     0.001632705874912
   18     7
     0.000009704304002    -0.051676217989807     0.013334450268616
     0.061624444368755    -0.047421840066689    -0.022069995883525
     0.037233878708984     0.062176871541557    -0.043930839156580
   18     8
    -0.102257087064229    -0.083241170074149    -0.183293774408225
    -0.167296308441790    -0.056382812796580     0.048690849988115
     0.307496181908773    -0.053545196966526     0.424058989331144
   18     9
    -0.120742405120530     0.039110142358689     0.016015917034006
     0.039110142358689     0.036432141153096     0.097592174729068
    -0.016015917034006    -0.097592174729068     0.036441451392382
   18    10
    -0.001645986224146     0.031735688909216    -0.026378449061164
    -0.026741909312390     0.007912093988283    -0.007948189579754
     0.009043534812290    -0.047155802188811    -0.020035579699943
   18    11
     0.237391579007096    -0.627351765394777     0.070348668909470
     0.025662540273691     0.149813060131323    -0.142838037307721
     0.089811488433804    -0.121940277153490    -0.167581497128326
   18    12
     0.044714924822872    -0.008125901718396     0.005028464657582
     0.008125901718396     0.045919039282886    -0.020054837311187
     0.005028464657582     0.020054837311187    -0.016881824530286
   18    13
     0.424058989331144     0.183293774408225     0.048690849988115
    -0.307496181908773    -0.102257087064229     0.167296308441790
    -0.053545196966526     0.083241170074149    -0.056382812796580
   18    14
    -0.026327960900418     0.017156266666886     0.055883856891257
    -0.022224145161824    -0.099279268900566    -0.020228549877099
     0.005367131977292    -0.001895215584580    -0.079728606090061
   18    15
     0.033330859199160     0.008729579401443    -0.045591821937044
    -0.008729579401443     0.014203178826326     0.021102430738906
     0.045591821937044     0.021102430738906     0.026780604994421
   18    16
    -0.345814478840816     0.115491426480590    -0.226414891594846
    -0.220675386874607     0.371914578263844    -0.571130176627155
    -0.357194113998603    -0.635599517816101     0.264296476432549
   18    17
     0.371914578263844     0.635599517816101     0.115491426480590
     0.571130176627155     0.264296476432549     0.226414891594846
    -0.220675386874607     0.357194113998602    -0.345814478840816
   18    18
    15.644672093229426    -3.856016199632038    -2.519867947740113
    -3.856016199632038    18.770928616735734    -1.916338329907072
    -2.519867947740113    -1.916338329907072    12.153464265998331
   18    19
    -0.167581497128326     0.070348668909470    -0.142838037307721
     0.089811488433804     0.237391579007096     0.025662540273691
    -0.121940277153490    -0.627351765394777     0.149813060131323
   18    20
    -0.018505238580152     0.038885540201619    -0.007316640104415
     0.014582339057802    -0.012685735039595     0.016194343645125
     0.015288370447425     0.049302777250276     0.018483399292587
   18    21
    -0.566052092960912    -0.134459293355181    -0.301056597280986
    -0.134459293355181    -1.769622876247565     0.030036607068068
     0.301056597280986    -0.030036607068068     0.444210486666180
   18    22
    -0.079728606090061    -0.055883856891257     0.020228549877099
    -0.005367131977292    -0.026327960900418    -0.022224145161824
     0.001895215584580     0.017156266666886    -0.099279268900566
   18    23
    -0.047421840066689     0.062176871541557    -0.051676217989807
    -0.022069995883525    -0.043930839156580     0.013334450268616
     0.061624444368755     0.037233878708984     0.000009704304002
   18    24
    -0.040926666533926    -0.010928519445629     0.013442151470226
     0.010928519445629    -0.045613458667978     0.002381837632557
     0.013442151470226    -0.002381837632557     0.031529534136870
   18    25
     0.145449916663576     0.027011659500869     0.033116432750613
    -0.051019860851561    -0.020910038768858    -0.028317078055831
     0.030462627855189     0.007491649032759     0.011278552033708
   18    26
    -0.024247008251799    -0.006922656410468    -0.010025028487359
     0.046058291441758     0.021614626482137     0.038742273738624
    -0.146553334698531     0.042207763561893    -0.003043376537683
   18    27
     0.000846767736167     0.017086090001701     0.034759925686786
     0.001517812071513    -0.001566996504131     0.014574866559578
    -0.003008267949428    -0.005937892366536    -0.016348080444468
   18    28
    -0.085987547032342     0.044012502624111     0.038878822687197
    -0.011869612280127    -0.029432443249109     0.006589469168312
     0.001736238092791     0.148930741865163     0.187133887194458
   18    29
    -0.075261757310588     0.069903832452843    -0.184890237377753
    -0.030479417958395    -0.111995497920100     0.091291319295762
    -0.141665282296884    -0.053419354056562     0.029460731203204
   18    30
    -0.007156620366693     0.009641898145934     0.005529899119487
     0.011403754128152    -0.023050491506836    -0.012388300884063
    -0.003950310958664     0.007130015474051    -0.039653436068900
   18    31
    -0.122174090112954    -0.024226660517601    -0.129339346757783
    -0.166717865631997    -0.057893314415172    -0.150005912457348
    -0.147659286532785    -0.141461278307664    -0.136687431016873
   18    32
    -4.132743351795649     2.266840407425615     1.755106051369611
     2.847236231417004    -2.277556684351453    -2.247576664240119
     2.598318568808613    -2.363179294310595    -2.922636364368684
   18    33
     0.033954037561407     0.184202697567027    -0.052066717709717
     0.079642917269864     0.062629813946233     0.023437212624884
    -0.014520982813143    -0.005336674825832    -0.175963647715098
   18    34
     0.005109726694701     0.085196471320890    -0.039422411025234
    -0.062043832346955    -0.099100845972295     0.001289173513233
     0.013084823160618     0.049844575724273    -0.149976619085798
   18    35
     0.028329032579850     0.042326093462307    -0.014834371065426
     0.120324125679523    -0.071563839278634     0.020927300276584
    -0.040981710377424     0.082097307004449     0.054216716389241
   18    36
    -0.022418106025043    -0.003259670190074     0.001191150835691
     0.011509937996460     0.001679507504992    -0.008619244963643
    -0.022037174343765    -0.000802131620604     0.000823830959952
   18    37
    -0.035612022503746     0.043603213014630    -0.012075999071886
     0.024971667485689     0.088784850410173     0.106809436838660
     0.034595843767920     0.004464171349109     0.103216398946887
   18    38
    -0.008218665289253     0.050420698339940     0.104631452198563
     0.049352525158611    -0.114759401551063    -0.027260487430890
     0.112846843436105    -0.070744059451283    -0.045658934472843
   18    39
    -0.007081843824583    -0.101423769088297    -0.057165193304332
     0.059295683938961     0.047692713523753     0.081314256218394
     0.015657760083639    -0.038923186272021     0.026348264440443
   18    40
     0.010988082143401    -0.001389409582314     0.110633367191578
    -0.002716645327754    -0.102281412274072     0.010692633042843
    -0.043226737579213    -0.000947257921747    -0.049097937254601
   18    41
     0.040629508591981    -0.029597582145299    -0.018491748308592
    -0.078046314352118     0.025121699340127    -0.016834676712511
     0.120914047925967     0.019856707464238    -0.061104267894301
   18    42
    -4.275529983913517     4.355351000021043     0.888694071229506
     4.120824463011706    -4.412337877199690    -0.608421511444958
    -0.145093420677575     0.555587314029763    -2.888172823225802
   18    43
    -2.172357900494966    -0.414620844740777    -0.613590996028366
    -0.613067000440724    -5.409378904258046     3.287381218693294
    -0.370537576195830     4.223128104955210    -4.531366329139580
   18    44
     0.102572946507398    -0.241233581094260     0.210793149762874
    -0.117246016204061    -0.315036613943738     0.239190605972347
     0.202200973730698     0.086932621025333     0.147451573915812
   18    45
    -2.939562913402879    -3.448281735250709     0.090928658222514
    -2.403799536857463    -3.545227503896339     1.040512736625926
    -0.377143724981914     0.469539092079608    -1.693640720758013
   18    46
    -0.043130158578016    -0.011777213311205    -0.017348835413629
     0.030855679788638     0.089538449462222    -0.038126372683667
     0.066425069646035    -0.026649528757706    -0.051666325860566
   18    47
     0.025139450666613     0.001398752967230    -0.028104820804649
     0.002815883345076     0.005191541158993    -0.011692419423028
    -0.014216834826037    -0.036021345258857     0.026092781604413
   18    48
    -0.024900934710484     0.038896445114010     0.063383667114782
    -0.047631942851897    -0.028251085105768    -0.026120491351401
    -0.101753917981002    -0.106830318585792     0.072053702232693
   19     1
     0.007383605326302     0.007802621336872    -0.009366270132336
    -0.007802621336872     0.000034968640038     0.025835022768431
    -0.009366270132336    -0.025835022768431     0.000268225489482
   19     2
    -0.012685735039595     0.049302777250276    -0.038885540201618
     0.016194343645125     0.018483399292587     0.007316640104415
    -0.014582339057802    -0.015288370447425    -0.018505238580151
   19     3
    -0.001645986224146     0.026741909312390    -0.009043534812290
    -0.031735688909216     0.007912093988283    -0.047155802188811
     0.026378449061164    -0.007948189579754    -0.020035579699943
   19     4
     0.031529534136870     0.013442151470226    -0.002381837632557
     0.013442151470226    -0.040926666533926    -0.010928519445629
     0.002381837632557     0.010928519445629    -0.045613458667979
   19     5
    -0.099279268900566     0.001895215584580     0.017156266666886
     0.020228549877099    -0.079728606090061    -0.055883856891257
    -0.022224145161824    -0.005367131977292    -0.026327960900418
   19     6
     0.000009704304002     0.061624444368755     0.037233878708984
    -0.051676217989807    -0.047421840066689     0.062176871541557
     0.013334450268616    -0.022069995883525    -0.043930839156580
   19     7
     0.001632705874912     0.059318709103523     0.038050719623776
     0.059318709103523    -0.052911419368257    -0.008629995196426
     0.038050719623776    -0.008629995196426    -0.042522694927412
   19     8
    -0.157178586357683    -0.034594499528466     0.024066762313857
     0.231006651523785    -0.450019214194019     0.718697705006538
     0.477262576382552     0.663893806409630    -1.179225262538552
   19     9
    -0.450019214194019     0.663893806409630     0.034594499528466
     0.718697705006538    -1.179225262538552    -0.024066762313857
    -0.231006651523785    -0.477262576382552    -0.157178586357683
   19    10
     0.444210486666180     0.301056597280986    -0.030036607068068
    -0.301056597280986    -0.566052092960912    -0.134459293355181
     0.030036607068068    -0.134459293355181    -1.769622876247565
   19    11
     0.149813060131323    -0.121940277153490    -0.627351765394777
    -0.142838037307721    -0.167581497128326     0.070348668909470
     0.025662540273691     0.089811488433804     0.237391579007096
   19    12
     0.018483399292587     0.015288370447425     0.049302777250276
    -0.007316640104415    -0.018505238580151     0.038885540201619
     0.016194343645125     0.014582339057802    -0.012685735039595
   19    13
     0.026780604994421     0.045591821937044     0.021102430738906
    -0.045591821937044     0.033330859199160     0.008729579401443
     0.021102430738906    -0.008729579401443     0.014203178826326
   19    14
    -0.056382812796580    -0.053545196966526     0.083241170074149
     0.048690849988115     0.424058989331144     0.183293774408225
     0.167296308441790    -0.307496181908773    -0.102257087064229
   19    15
    -0.079728606090061     0.005367131977292    -0.001895215584580
     0.055883856891257    -0.026327960900418     0.017156266666886
    -0.020228549877099    -0.022224145161824    -0.099279268900566
   19    16
    -0.016881824530286     0.005028464657582     0.020054837311187
     0.005028464657582     0.044714924822873    -0.008125901718396
    -0.020054837311187     0.008125901718396     0.045919039282886
   19    17
    -0.020035579699943     0.009043534812290    -0.047155802188811
    -0.026378449061164    -0.001645986224146     0.031735688909216
    -0.007948189579754    -0.026741909312390     0.007912093988283
   19    18
    -0.167581497128326     0.089811488433804    -0.121940277153490
     0.070348668909470     0.237391579007096    -0.627351765394777
    -0.142838037307721     0.025662540273691     0.149813060131323
   19    19
    12.153464265998329    -2.519867947740112    -1.916338329907073
    -2.519867947740112    15.644672093229422    -3.856016199632038
    -1.916338329907073    -3.856016199632038    18.770928616735734
   19    20
     0.264296476432549    -0.357194113998603    -0.635599517816101
    -0.226414891594846    -0.345814478840815     0.115491426480590
    -0.571130176627155    -0.220675386874607     0.371914578263844
   19    21
    -0.345814478840816    -0.220675386874607     0.357194113998603
     0.115491426480590     0.371914578263844     0.635599517816101
     0.226414891594846     0.571130176627155     0.264296476432549
   19    22
     0.036441451392382    -0.016015917034006    -0.097592174729068
     0.016015917034006    -0.120742405120529     0.039110142358689
     0.097592174729068     0.039110142358689     0.036432141153096
   19    23
    -0.043930839156580     0.037233878708984     0.062176871541557
     0.013334450268616     0.000009704304002    -0.051676217989807
    -0.022069995883525     0.061624444368755    -0.047421840066689
   19    24
     0.424058989331144     0.307496181908773    -0.053545196966526
    -0.183293774408225    -0.102257087064229    -0.083241170074149
     0.048690849988115    -0.167296308441790    -0.056382812796580
   19    25
    -0.003043376537683    -0.146553334698531     0.042207763561893
    -0.010025028487359    -0.024247008251799    -0.006922656410468
     0.038742273738624     0.046058291441758     0.021614626482137
   19    26
    -0.016348080444468    -0.003008267949428    -0.005937892366536
     0.034759925686786     0.000846767736167     0.017086090001701
     0.014574866559578     0.001517812071513    -0.001566996504131
   19    27
     0.011278552033708     0.030462627855189     0.007491649032759
     0.033116432750613     0.145449916663576     0.027011659500869
    -0.028317078055831    -0.051019860851561    -0.020910038768858
   19    28
    -2.922636364368684     2.598318568808613    -2.363179294310595
     1.755106051369611    -4.132743351795649     2.266840407425615
    -2.247576664240119     2.847236231417004    -2.277556684351453
   19    29
    -0.175963647715098    -0.014520982813143    -0.005336674825832
    -0.052066717709717     0.033954037561407     0.184202697567027
     0.023437212624884     0.079642917269864     0.062629813946233
   19    30
    -0.136687431016873    -0.147659286532785    -0.141461278307664
    -0.129339346757783    -0.122174090112954    -0.024226660517601
    -0.150005912457348    -0.166717865631997    -0.057893314415172
   19    31
     0.026092781604413    -0.014216834826037    -0.036021345258857
    -0.028104820804649     0.025139450666613     0.001398752967230
    -0.011692419423027     0.002815883345076     0.005191541158994
   19    32
     0.072053702232693    -0.101753917981002    -0.106830318585792
     0.063383667114782    -0.024900934710484     0.038896445114010
    -0.026120491351401    -0.047631942851897    -0.028251085105768
   19    33
    -0.051666325860566     0.066425069646035    -0.026649528757706
    -0.017348835413629    -0.043130158578016    -0.011777213311205
    -0.038126372683667     0.030855679788638     0.089538449462222
   19    34
    -0.061104267894301     0.120914047925967     0.019856707464238
    -0.018491748308592     0.040629508591981    -0.029597582145299
    -0.016834676712511    -0.078046314352118     0.025121699340127
   19    35
    -2.888172823225802    -0.145093420677575     0.555587314029763
     0.888694071229506    -4.275529983913517     4.355351000021043
    -0.608421511444958     4.120824463011706    -4.412337877199690
   19    36
    -0.049097937254601    -0.043226737579213    -0.000947257921747
     0.110633367191578     0.010988082143401    -0.001389409582314
     0.010692633042843    -0.002716645327754    -0.102281412274072
   19    37
    -0.045658934472843     0.112846843436105    -0.070744059451283
     0.104631452198563    -0.008218665289253     0.050420698339940
    -0.027260487430890     0.049352525158611    -0.114759401551063
   19    38
     0.026348264440443     0.015657760083639    -0.038923186272021
    -0.057165193304332    -0.007081843824583    -0.101423769088297
     0.081314256218394     0.059295683938961     0.047692713523753
   19    39
     0.103216398946887     0.034595843767920     0.004464171349109
    -0.012075999071886    -0.035612022503746     0.043603213014630
     0.106809436838660     0.024971667485689     0.088784850410173
   19    40
     0.147451573915812     0.202200973730698     0.086932621025333
     0.210793149762874     0.102572946507398    -0.241233581094260
     0.239190605972347    -0.117246016204061    -0.315036613943738
   19    41
    -1.693640720758013    -0.377143724981914     0.469539092079608
     0.090928658222514    -2.939562913402878    -3.448281735250709
     1.040512736625926    -2.403799536857463    -3.545227503896339
   19    42
    -4.531366329139579    -0.370537576195830     4.223128104955210
    -0.613590996028366    -2.172357900494966    -0.414620844740777
     3.287381218693294    -0.613067000440723    -5.409378904258046
   19    43
     0.054216716389241    -0.040981710377424     0.082097307004449
    -0.014834371065426     0.028329032579850     0.042326093462307
     0.020927300276584     0.120324125679523    -0.071563839278634
   19    44
     0.000823830959952    -0.022037174343765    -0.000802131620604
     0.001191150835691    -0.022418106025043    -0.003259670190074
    -0.008619244963643     0.011509937996460     0.001679507504992
   19    45
    -0.149976619085798     0.013084823160618     0.049844575724273
    -0.039422411025234     0.005109726694702     0.085196471320890
     0.001289173513233    -0.062043832346955    -0.099100845972295
   19    46
     0.029460731203205    -0.141665282296884    -0.053419354056562
    -0.184890237377753    -0.075261757310588     0.069903832452843
     0.091291319295762    -0.030479417958395    -0.111995497920100
   19    47
    -0.039653436068900    -0.003950310958664     0.007130015474051
     0.005529899119487    -0.007156620366693     0.009641898145934
    -0.012388300884063     0.011403754128152    -0.023050491506836
   19    48
     0.187133887194458     0.001736238092791     0.148930741865163
     0.038878822687197    -0.085987547032342     0.044012502624111
     0.006589469168312    -0.011869612280127    -0.029432443249109
   20     1
    -0.012685735039595    -0.016194343645125    -0.014582339057802
    -0.049302777250276     0.018483399292587     0.015288370447425
    -0.038885540201619    -0.007316640104415    -0.018505238580152
   20     2
    -1.769622876247565    -0.030036607068068     0.134459293355181
     0.030036607068068     0.444210486666180     0.301056597280986
     0.134459293355181    -0.301056597280986    -0.566052092960912
   20     3
     0.237391579007096    -0.025662540273691    -0.089811488433804
     0.627351765394777     0.149813060131323    -0.121940277153490
    -0.070348668909470    -0.142838037307721    -0.167581497128326
   20     4
    -0.099279268900566     0.020228549877099     0.022224145161824
     0.001895215584580    -0.079728606090061     0.005367131977292
    -0.017156266666886     0.055883856891257    -0.026327960900418
   20     5
     0.014203178826325    -0.021102430738906     0.008729579401443
    -0.021102430738906     0.026780604994421     0.045591821937044
    -0.008729579401443    -0.045591821937044     0.033330859199160
   20     6
    -0.102257087064229    -0.167296308441790     0.307496181908773
    -0.083241170074149    -0.056382812796580    -0.053545196966526
    -0.183293774408225     0.048690849988115     0.424058989331144
   20     7
    -0.157178586357683     0.231006651523785     0.477262576382552
    -0.034594499528466    -0.450019214194019     0.663893806409630
     0.024066762313857     0.718697705006538    -1.179225262538553
   20     8
    -0.042522694927412    -0.038050719623776     0.008629995196426
    -0.038050719623776     0.001632705874912     0.059318709103523
     0.008629995196426     0.059318709103523    -0.052911419368257
   20     9
    -1.179225262538553    -0.477262576382552    -0.663893806409630
    -0.024066762313857    -0.157178586357683    -0.034594499528466
    -0.718697705006538     0.231006651523785    -0.450019214194019
   20    10
     0.149813060131323     0.142838037307721    -0.025662540273691
     0.121940277153490    -0.167581497128326     0.089811488433804
     0.627351765394777     0.070348668909470     0.237391579007096
   20    11
     0.045919039282886     0.020054837311187    -0.008125901718396
    -0.020054837311187    -0.016881824530286     0.005028464657582
     0.008125901718396     0.005028464657582     0.044714924822873
   20    12
     0.007912093988283     0.007948189579754     0.026741909312390
     0.047155802188811    -0.020035579699943     0.009043534812290
    -0.031735688909216    -0.026378449061164    -0.001645986224146
   20    13
    -0.056382812796580    -0.048690849988115     0.167296308441790
     0.053545196966526     0.424058989331144     0.307496181908773
     0.083241170074149    -0.183293774408225    -0.102257087064229
   20    14
     0.036432141153096    -0.097592174729068    -0.039110142358689
     0.097592174729068     0.036441451392382    -0.016015917034006
    -0.039110142358689     0.016015917034006    -0.120742405120530
   20    15
    -0.047421840066689     0.022069995883525    -0.061624444368755
    -0.062176871541557    -0.043930839156580     0.037233878708984
     0.051676217989807     0.013334450268616     0.000009704304002
   20    16
    -0.020035579699943    -0.026378449061164     0.007948189579754
     0.009043534812290    -0.001645986224146     0.026741909312390
     0.047155802188811    -0.031735688909216     0.007912093988283
   20    17
     0.000268225489482     0.009366270132336     0.025835022768431
     0.009366270132336     0.007383605326302     0.007802621336872
    -0.025835022768431    -0.007802621336872     0.000034968640038
   20    18
    -0.018505238580152     0.014582339057802     0.015288370447425
     0.038885540201619    -0.012685735039595     0.049302777250276
    -0.007316640104415     0.016194343645125     0.018483399292587
   20    19
     0.264296476432549    -0.226414891594846    -0.571130176627155
    -0.357194113998603    -0.345814478840815    -0.220675386874607
    -0.635599517816101     0.115491426480590     0.371914578263844
   20    20
    18.770928616735734     1.916338329907073     3.856016199632037
     1.916338329907073    12.153464265998327    -2.519867947740113
     3.856016199632037    -2.519867947740113    15.644672093229424
   20    21
     0.371914578263844     0.571130176627155     0.220675386874607
     0.635599517816101     0.264296476432549    -0.357194113998603
    -0.115491426480590    -0.226414891594846    -0.345814478840816
   20    22
    -0.043930839156580    -0.013334450268616     0.022069995883525
    -0.037233878708984     0.000009704304002     0.061624444368755
    -0.062176871541557    -0.051676217989807    -0.047421840066689
   20    23
    -0.045613458667979    -0.002381837632557    -0.010928519445629
     0.002381837632557     0.031529534136870     0.013442151470226
     0.010928519445629     0.013442151470226    -0.040926666533926
   20    24
    -0.026327960900418     0.022224145161824     0.005367131977292
    -0.017156266666886    -0.099279268900566     0.001895215584580
     0.055883856891257     0.020228549877099    -0.079728606090061
   20    25
    -4.412337877199690     0.608421511444958    -4.120824463011706
    -0.555587314029763    -2.888172823225802    -0.145093420677575
    -4.355351000021043     0.888694071229506    -4.275529983913517
   20    26
    -0.102281412274072    -0.010692633042843     0.002716645327754
     0.000947257921747    -0.049097937254601    -0.043226737579213
     0.001389409582314     0.110633367191578     0.010988082143401
   20    27
     0.025121699340127     0.016834676712511     0.078046314352118
    -0.019856707464238    -0.061104267894301     0.120914047925967
     0.029597582145299    -0.018491748308592     0.040629508591981
   20    28
     0.062629813946233    -0.023437212624884    -0.079642917269864
     0.005336674825832    -0.175963647715098    -0.014520982813143
    -0.184202697567027    -0.052066717709717     0.033954037561407
   20    29
    -0.057893314415172     0.150005912457348     0.166717865631997
     0.141461278307664    -0.136687431016873    -0.147659286532785
     0.024226660517601    -0.129339346757783    -0.122174090112954
   20    30
    -2.277556684351453     2.247576664240119    -2.847236231417004
     2.363179294310595    -2.922636364368684     2.598318568808613
    -2.266840407425615     1.755106051369611    -4.132743351795649
   20    31
     0.047692713523753    -0.081314256218394    -0.059295683938961
     0.038923186272021     0.026348264440443     0.015657760083639
     0.101423769088297    -0.057165193304332    -0.007081843824583
   20    32
     0.088784850410173    -0.106809436838660    -0.024971667485689
    -0.004464171349109     0.103216398946887     0.034595843767920
    -0.043603213014630    -0.012075999071886    -0.035612022503746
   20    33
    -0.114759401551063     0.027260487430890    -0.049352525158611
     0.070744059451283    -0.045658934472844     0.112846843436105
    -0.050420698339940     0.104631452198563    -0.008218665289253
   20    34
     0.001679507504992     0.008619244963643    -0.011509937996460
     0.000802131620604     0.000823830959952    -0.022037174343765
     0.003259670190074     0.001191150835691    -0.022418106025042
   20    35
    -0.099100845972295    -0.001289173513233     0.062043832346955
    -0.049844575724273    -0.149976619085798     0.013084823160618
    -0.085196471320890    -0.039422411025234     0.005109726694701
   20    36
    -0.071563839278634    -0.020927300276584    -0.120324125679523
    -0.082097307004449     0.054216716389241    -0.040981710377424
    -0.042326093462307    -0.014834371065426     0.028329032579850
   20    37
    -0.023050491506836     0.012388300884063    -0.011403754128152
    -0.007130015474051    -0.039653436068900    -0.003950310958664
    -0.009641898145934     0.005529899119487    -0.007156620366693
   20    38
    -0.029432443249109    -0.006589469168312     0.011869612280127
    -0.148930741865162     0.187133887194458     0.001736238092791
    -0.044012502624111     0.038878822687197    -0.085987547032342
   20    39
    -0.111995497920100    -0.091291319295762     0.030479417958395
     0.053419354056562     0.029460731203204    -0.141665282296884
    -0.069903832452843    -0.184890237377753    -0.075261757310588
   20    40
    -3.545227503896339    -1.040512736625926     2.403799536857463
    -0.469539092079608    -1.693640720758013    -0.377143724981914
     3.448281735250709     0.090928658222514    -2.939562913402879
   20    41
    -5.409378904258046    -3.287381218693294     0.613067000440724
    -4.223128104955210    -4.531366329139579    -0.370537576195830
     0.414620844740777    -0.613590996028366    -2.172357900494966
   20    42
    -0.315036613943738    -0.239190605972347     0.117246016204061
    -0.086932621025333     0.147451573915811     0.202200973730698
     0.241233581094260     0.210793149762874     0.102572946507398
   20    43
    -0.001566996504131    -0.014574866559578    -0.001517812071513
     0.005937892366536    -0.016348080444468    -0.003008267949428
    -0.017086090001701     0.034759925686786     0.000846767736167
   20    44
    -0.020910038768858     0.028317078055831     0.051019860851561
    -0.007491649032759     0.011278552033708     0.030462627855189
    -0.027011659500869     0.033116432750613     0.145449916663576
   20    45
     0.021614626482137    -0.038742273738624    -0.046058291441758
    -0.042207763561893    -0.003043376537683    -0.146553334698531
     0.006922656410468    -0.010025028487359    -0.024247008251799
   20    46
    -0.028251085105768     0.026120491351401     0.047631942851897
     0.106830318585792     0.072053702232693    -0.101753917981002
    -0.038896445114010     0.063383667114782    -0.024900934710484
   20    47
     0.089538449462222     0.038126372683667    -0.030855679788638
     0.026649528757706    -0.051666325860566     0.066425069646035
     0.011777213311205    -0.017348835413629    -0.043130158578016
   20    48
     0.005191541158993     0.011692419423027    -0.002815883345076
     0.036021345258857     0.026092781604413    -0.014216834826037
    -0.001398752967230    -0.028104820804649     0.025139450666613
   21     1
    -0.001645986224146     0.031735688909216     0.026378449061164
    -0.026741909312390     0.007912093988283     0.007948189579753
    -0.009043534812290     0.047155802188811    -0.020035579699943
   21     2
     0.237391579007096    -0.627351765394777    -0.070348668909470
     0.025662540273691     0.149813060131323     0.142838037307721
    -0.089811488433804     0.121940277153490    -0.167581497128326
   21     3
     0.044714924822873    -0.008125901718396    -0.005028464657582
     0.008125901718396     0.045919039282885     0.020054837311187
    -0.005028464657582    -0.020054837311187    -0.016881824530286
   21     4
     0.000009704304002    -0.051676217989807    -0.013334450268616
     0.061624444368755    -0.047421840066689     0.022069995883525
    -0.037233878708984    -0.062176871541557    -0.043930839156580
   21     5
    -0.102257087064229    -0.083241170074149     0.183293774408225
    -0.167296308441790    -0.056382812796580    -0.048690849988115
    -0.307496181908773     0.053545196966526     0.424058989331144
   21     6
    -0.120742405120530     0.039110142358689    -0.016015917034006
     0.039110142358689     0.036432141153096    -0.097592174729068
     0.016015917034006     0.097592174729068     0.036441451392382
   21     7
    -0.450019214194019     0.718697705006538    -0.231006651523785
     0.663893806409630    -1.179225262538552    -0.477262576382552
     0.034594499528466    -0.024066762313857    -0.157178586357683
   21     8
    -1.179225262538553    -0.024066762313857    -0.718697705006538
    -0.477262576382552    -0.157178586357683     0.231006651523785
    -0.663893806409630    -0.034594499528466    -0.450019214194019
   21     9
    -0.052911419368257    -0.008629995196426    -0.059318709103523
    -0.008629995196426    -0.042522694927412    -0.038050719623776
    -0.059318709103523    -0.038050719623776     0.001632705874912
   21    10
     0.018483399292587     0.007316640104415    -0.016194343645125
    -0.015288370447425    -0.018505238580151     0.014582339057802
    -0.049302777250276     0.038885540201619    -0.012685735039595
   21    11
     0.007912093988283    -0.047155802188811     0.031735688909216
    -0.007948189579754    -0.020035579699943    -0.026378449061164
    -0.026741909312390     0.009043534812290    -0.001645986224146
   21    12
     0.000034968640038     0.025835022768431     0.007802621336872
    -0.025835022768431     0.000268225489482     0.009366270132336
    -0.007802621336872     0.009366270132336     0.007383605326302
   21    13
    -0.079728606090061    -0.055883856891257    -0.020228549877099
    -0.005367131977292    -0.026327960900418     0.022224145161824
    -0.001895215584580    -0.017156266666886    -0.099279268900566
   21    14
    -0.047421840066689     0.062176871541557     0.051676217989807
    -0.022069995883525    -0.043930839156580    -0.013334450268616
    -0.061624444368755    -0.037233878708984     0.000009704304002
   21    15
    -0.040926666533926    -0.010928519445629    -0.013442151470226
     0.010928519445629    -0.045613458667979    -0.002381837632557
    -0.013442151470226     0.002381837632557     0.031529534136870
   21    16
    -0.167581497128326     0.070348668909470     0.142838037307721
     0.089811488433804     0.237391579007096    -0.025662540273691
     0.121940277153490     0.627351765394777     0.149813060131323
   21    17
    -0.018505238580151     0.038885540201619     0.007316640104415
     0.014582339057802    -0.012685735039595    -0.016194343645125
    -0.015288370447425    -0.049302777250276     0.018483399292587
   21    18
    -0.566052092960912    -0.134459293355181     0.301056597280986
    -0.134459293355181    -1.769622876247565    -0.030036607068068
    -0.301056597280986     0.030036607068068     0.444210486666180
   21    19
    -0.345814478840816     0.115491426480590     0.226414891594846
    -0.220675386874607     0.371914578263844     0.571130176627155
     0.357194113998603     0.635599517816101     0.264296476432549
   21    20
     0.371914578263844     0.635599517816101    -0.115491426480590
     0.571130176627155     0.264296476432549    -0.226414891594846
     0.220675386874607    -0.357194113998603    -0.345814478840816
   21    21
    15.644672093229424    -3.856016199632038     2.519867947740112
    -3.856016199632038    18.770928616735734     1.916338329907073
     2.519867947740112     1.916338329907073    12.153464265998331
   21    22
     0.424058989331144     0.183293774408225    -0.048690849988115
    -0.307496181908773    -0.102257087064229    -0.167296308441790
     0.053545196966526    -0.083241170074149    -0.056382812796580
   21    23
    -0.026327960900418     0.017156266666886    -0.055883856891257
    -0.022224145161824    -0.099279268900566     0.020228549877099
    -0.005367131977292     0.001895215584580    -0.079728606090061
   21    24
     0.033330859199160     0.008729579401443     0.045591821937044
    -0.008729579401443     0.014203178826326    -0.021102430738906
    -0.045591821937044    -0.021102430738906     0.026780604994421
   21    25
     0.005109726694702     0.085196471320890     0.039422411025234
    -0.062043832346955    -0.099100845972295    -0.001289173513233
    -0.013084823160618    -0.049844575724273    -0.149976619085798
   21    26
     0.028329032579850     0.042326093462307     0.014834371065426
     0.120324125679523    -0.071563839278634    -0.020927300276584
     0.040981710377424    -0.082097307004449     0.054216716389241
   21    27
    -0.022418106025043    -0.003259670190074    -0.001191150835691
     0.011509937996460     0.001679507504992     0.008619244963643
     0.022037174343765     0.000802131620604     0.000823830959952
   21    28
    -0.122174090112954    -0.024226660517601     0.129339346757783
    -0.166717865631997    -0.057893314415172     0.150005912457348
     0.147659286532785     0.141461278307664    -0.136687431016873
   21    29
    -4.132743351795649     2.266840407425615    -1.755106051369611
     2.847236231417004    -2.277556684351453     2.247576664240119
    -2.598318568808613     2.363179294310595    -2.922636364368684
   21    30
     0.033954037561407     0.184202697567027     0.052066717709717
     0.079642917269864     0.062629813946233    -0.023437212624884
     0.014520982813143     0.005336674825832    -0.175963647715098
   21    31
    -0.085987547032342     0.044012502624111    -0.038878822687197
    -0.011869612280127    -0.029432443249109    -0.006589469168312
    -0.001736238092791    -0.148930741865162     0.187133887194458
   21    32
    -0.075261757310588     0.069903832452843     0.184890237377753
    -0.030479417958395    -0.111995497920100    -0.091291319295762
     0.141665282296884     0.053419354056562     0.029460731203204
   21    33
    -0.007156620366693     0.009641898145934    -0.005529899119487
     0.011403754128152    -0.023050491506836     0.012388300884063
     0.003950310958664    -0.007130015474051    -0.039653436068900
   21    34
     0.145449916663576     0.027011659500869    -0.033116432750613
    -0.051019860851561    -0.020910038768858     0.028317078055831
    -0.030462627855189    -0.007491649032759     0.011278552033708
   21    35
    -0.024247008251799    -0.006922656410468     0.010025028487359
     0.046058291441758     0.021614626482137    -0.038742273738624
     0.146553334698531    -0.042207763561893    -0.003043376537683
   21    36
     0.000846767736167     0.017086090001701    -0.034759925686786
     0.001517812071513    -0.001566996504131    -0.014574866559578
     0.003008267949428     0.005937892366536    -0.016348080444468
   21    37
    -0.043130158578016    -0.011777213311205     0.017348835413629
     0.030855679788638     0.089538449462222     0.038126372683667
    -0.066425069646035     0.026649528757706    -0.051666325860566
   21    38
     0.025139450666613     0.001398752967230     0.028104820804649
     0.002815883345076     0.005191541158993     0.011692419423027
     0.014216834826037     0.036021345258857     0.026092781604413
   21    39
    -0.024900934710484     0.038896445114010    -0.063383667114782
    -0.047631942851897    -0.028251085105768     0.026120491351401
     0.101753917981002     0.106830318585792     0.072053702232692
   21    40
    -2.172357900494966    -0.414620844740777     0.613590996028366
    -0.613067000440723    -5.409378904258046    -3.287381218693294
     0.370537576195830    -4.223128104955210    -4.531366329139580
   21    41
     0.102572946507398    -0.241233581094260    -0.210793149762874
    -0.117246016204061    -0.315036613943738    -0.239190605972347
    -0.202200973730698    -0.086932621025333     0.147451573915811
   21    42
    -2.939562913402879    -3.448281735250709    -0.090928658222514
    -2.403799536857463    -3.545227503896339    -1.040512736625926
     0.377143724981914    -0.469539092079608    -1.693640720758013
   21    43
     0.010988082143400    -0.001389409582314    -0.110633367191578
    -0.002716645327754    -0.102281412274072    -0.010692633042843
     0.043226737579213     0.000947257921747    -0.049097937254601
   21    44
     0.040629508591981    -0.029597582145299     0.018491748308592
    -0.078046314352118     0.025121699340127     0.016834676712511
    -0.120914047925967    -0.019856707464238    -0.061104267894301
   21    45
    -4.275529983913517     4.355351000021043    -0.888694071229506
     4.120824463011706    -4.412337877199690     0.608421511444958
     0.145093420677575    -0.555587314029763    -2.888172823225802
   21    46
    -0.035612022503746     0.043603213014630     0.012075999071886
     0.024971667485689     0.088784850410173    -0.106809436838660
    -0.034595843767920    -0.004464171349109     0.103216398946887
   21    47
    -0.008218665289253     0.050420698339940    -0.104631452198563
     0.049352525158611    -0.114759401551063     0.027260487430890
    -0.112846843436105     0.070744059451283    -0.045658934472843
   21    48
    -0.007081843824583    -0.101423769088297     0.057165193304332
     0.059295683938961     0.047692713523753    -0.081314256218394
    -0.015657760083639     0.038923186272021     0.026348264440442
   22     1
     0.031529534136870    -0.013442151470226     0.002381837632557
    -0.013442151470226    -0.040926666533926    -0.010928519445629
    -0.002381837632557     0.010928519445629    -0.045613458667979
   22     2
    -0.099279268900566    -0.001895215584580    -0.017156266666886
    -0.020228549877099    -0.079728606090061    -0.055883856891257
     0.022224145161824    -0.005367131977292    -0.026327960900418
   22     3
     0.000009704304002    -0.061624444368755    -0.037233878708984
     0.051676217989807    -0.047421840066689     0.062176871541557
    -0.013334450268616    -0.022069995883525    -0.043930839156580
   22     4
     0.007383605326302    -0.007802621336872     0.009366270132336
     0.007802621336872     0.000034968640038     0.025835022768431
     0.009366270132336    -0.025835022768431     0.000268225489482
   22     5
    -0.012685735039595    -0.049302777250276     0.038885540201619
    -0.016194343645125     0.018483399292587     0.007316640104415
     0.014582339057802    -0.015288370447425    -0.018505238580151
   22     6
    -0.001645986224146    -0.026741909312390     0.009043534812290
     0.031735688909216     0.007912093988283    -0.047155802188811
    -0.026378449061164    -0.007948189579754    -0.020035579699943
   22     7
     0.444210486666180    -0.301056597280986     0.030036607068068
     0.301056597280986    -0.566052092960912    -0.134459293355181
    -0.030036607068068    -0.134459293355181    -1.769622876247565
   22     8
     0.149813060131323     0.121940277153490     0.627351765394777
     0.142838037307721    -0.167581497128326     0.070348668909470
    -0.025662540273691     0.089811488433804     0.237391579007096
   22     9
     0.018483399292587    -0.015288370447425    -0.049302777250276
     0.007316640104415    -0.018505238580151     0.038885540201619
    -0.016194343645125     0.014582339057802    -0.012685735039595
   22    10
     0.001632705874912    -0.059318709103523    -0.038050719623776
    -0.059318709103523    -0.052911419368257    -0.008629995196426
    -0.038050719623776    -0.008629995196426    -0.042522694927412
   22    11
    -0.157178586357683     0.034594499528466    -0.024066762313857
    -0.231006651523785    -0.450019214194019     0.718697705006538
    -0.477262576382552     0.663893806409630    -1.179225262538552
   22    12
    -0.450019214194019    -0.663893806409630    -0.034594499528466
    -0.718697705006538    -1.179225262538552    -0.024066762313857
     0.231006651523785    -0.477262576382552    -0.157178586357683
   22    13
    -0.016881824530286    -0.005028464657582    -0.020054837311187
    -0.005028464657582     0.044714924822873    -0.008125901718396
     0.020054837311187     0.008125901718396     0.045919039282886
   22    14
    -0.020035579699943    -0.009043534812290     0.047155802188811
     0.026378449061164    -0.001645986224146     0.031735688909216
     0.007948189579753    -0.026741909312390     0.007912093988283
   22    15
    -0.167581497128326    -0.089811488433804     0.121940277153490
    -0.070348668909470     0.237391579007096    -0.627351765394777
     0.142838037307721     0.025662540273691     0.149813060131323
   22    16
     0.026780604994421    -0.045591821937044    -0.021102430738906
     0.045591821937044     0.033330859199160     0.008729579401443
    -0.021102430738906    -0.008729579401443     0.014203178826326
   22    17
    -0.056382812796580     0.053545196966526    -0.083241170074149
    -0.048690849988115     0.424058989331144     0.183293774408225
    -0.167296308441790    -0.307496181908773    -0.102257087064229
   22    18
    -0.079728606090061    -0.005367131977292     0.001895215584580
    -0.055883856891257    -0.026327960900418     0.017156266666886
     0.020228549877099    -0.022224145161824    -0.099279268900566
   22    19
     0.036441451392382     0.016015917034006     0.097592174729068
    -0.016015917034006    -0.120742405120529     0.039110142358689
    -0.097592174729068     0.039110142358689     0.036432141153096
   22    20
    -0.043930839156580    -0.037233878708984    -0.062176871541557
    -0.013334450268616     0.000009704304002    -0.051676217989807
     0.022069995883525     0.061624444368755    -0.047421840066689
   22    21
     0.424058989331144    -0.307496181908773     0.053545196966526
     0.183293774408225    -0.102257087064229    -0.083241170074149
    -0.048690849988115    -0.167296308441790    -0.056382812796580
   22    22
    12.153464265998331     2.519867947740112     1.916338329907073
     2.519867947740112    15.644672093229424    -3.856016199632036
     1.916338329907073    -3.856016199632036    18.770928616735731
   22    23
     0.264296476432549     0.357194113998603     0.635599517816102
     0.226414891594846    -0.345814478840816     0.115491426480590
     0.571130176627155    -0.220675386874607     0.371914578263844
   22    24
    -0.345814478840816     0.220675386874607    -0.357194113998603
    -0.115491426480590     0.371914578263844     0.635599517816101
    -0.226414891594846     0.571130176627155     0.264296476432549
   22    25
     0.026092781604413     0.014216834826037     0.036021345258857
     0.028104820804649     0.025139450666613     0.001398752967230
     0.011692419423027     0.002815883345076     0.005191541158994
   22    26
     0.072053702232693     0.101753917981002     0.106830318585792
    -0.063383667114782    -0.024900934710484     0.038896445114010
     0.026120491351401    -0.047631942851897    -0.028251085105768
   22    27
    -0.051666325860566    -0.066425069646035     0.026649528757706
     0.017348835413629    -0.043130158578016    -0.011777213311205
     0.038126372683667     0.030855679788638     0.089538449462223
   22    28
    -0.061104267894301    -0.120914047925967    -0.019856707464238
     0.018491748308592     0.040629508591981    -0.029597582145299
     0.016834676712511    -0.078046314352118     0.025121699340127
   22    29
    -2.888172823225802     0.145093420677575    -0.555587314029763
    -0.888694071229506    -4.275529983913517     4.355351000021043
     0.608421511444958     4.120824463011706    -4.412337877199690
   22    30
    -0.049097937254601     0.043226737579213     0.000947257921747
    -0.110633367191578     0.010988082143401    -0.001389409582314
    -0.010692633042843    -0.002716645327754    -0.102281412274072
   22    31
    -0.003043376537683     0.146553334698531    -0.042207763561893
     0.010025028487359    -0.024247008251799    -0.006922656410468
    -0.038742273738624     0.046058291441758     0.021614626482137
   22    32
    -0.016348080444468     0.003008267949428     0.005937892366536
    -0.034759925686786     0.000846767736167     0.017086090001701
    -0.014574866559578     0.001517812071513    -0.001566996504131
   22    33
     0.011278552033708    -0.030462627855189    -0.007491649032759
    -0.033116432750613     0.145449916663576     0.027011659500869
     0.028317078055831    -0.051019860851561    -0.020910038768858
   22    34
    -2.922636364368684    -2.598318568808613     2.363179294310595
    -1.755106051369611    -4.132743351795649     2.266840407425615
     2.247576664240119     2.847236231417004    -2.277556684351453
   22    35
    -0.175963647715098     0.014520982813143     0.005336674825832
     0.052066717709717     0.033954037561407     0.184202697567027
    -0.023437212624884     0.079642917269864     0.062629813946233
   22    36
    -0.136687431016873     0.147659286532785     0.141461278307664
     0.129339346757783    -0.122174090112954    -0.024226660517601
     0.150005912457348    -0.166717865631997    -0.057893314415172
   22    37
     0.054216716389241     0.040981710377424    -0.082097307004449
     0.014834371065426     0.028329032579850     0.042326093462307
    -0.020927300276584     0.120324125679523    -0.071563839278634
   22    38
     0.000823830959952     0.022037174343765     0.000802131620604
    -0.001191150835691    -0.022418106025043    -0.003259670190074
     0.008619244963643     0.011509937996460     0.001679507504992
   22    39
    -0.149976619085798    -0.013084823160618    -0.049844575724273
     0.039422411025234     0.005109726694702     0.085196471320890
    -0.001289173513233    -0.062043832346955    -0.099100845972295
   22    40
     0.029460731203205     0.141665282296884     0.053419354056562
     0.184890237377753    -0.075261757310588     0.069903832452843
    -0.091291319295762    -0.030479417958395    -0.111995497920100
   22    41
    -0.039653436068900     0.003950310958664    -0.007130015474051
    -0.005529899119487    -0.007156620366693     0.009641898145934
     0.012388300884063     0.011403754128152    -0.023050491506836
   22    42
     0.187133887194458    -0.001736238092791    -0.148930741865162
    -0.038878822687197    -0.085987547032342     0.044012502624111
    -0.006589469168312    -0.011869612280127    -0.029432443249109
   22    43
    -0.045658934472844    -0.112846843436105     0.070744059451283
    -0.104631452198563    -0.008218665289253     0.050420698339940
     0.027260487430890     0.049352525158611    -0.114759401551063
   22    44
     0.026348264440442    -0.015657760083639     0.038923186272021
     0.057165193304332    -0.007081843824583    -0.101423769088297
    -0.081314256218394     0.059295683938961     0.047692713523753
   22    45
     0.103216398946887    -0.034595843767920    -0.004464171349109
     0.012075999071886    -0.035612022503746     0.043603213014630
    -0.106809436838660     0.024971667485689     0.088784850410173
   22    46
     0.147451573915811    -0.202200973730698    -0.086932621025333
    -0.210793149762874     0.102572946507398    -0.241233581094260
    -0.239190605972347    -0.117246016204061    -0.315036613943738
   22    47
    -1.693640720758013     0.377143724981914    -0.469539092079608
    -0.090928658222514    -2.939562913402878    -3.448281735250709
    -1.040512736625926    -2.403799536857463    -3.545227503896339
   22    48
    -4.531366329139580     0.370537576195830    -4.223128104955210
     0.613590996028366    -2.172357900494966    -0.414620844740777
    -3.287381218693294    -0.613067000440724    -5.409378904258046
   23     1
    -0.099279268900566    -0.020228549877099    -0.022224145161824
    -0.001895215584580    -0.079728606090061     0.005367131977292
     0.017156266666886     0.055883856891257    -0.026327960900418
   23     2
     0.014203178826325     0.021102430738906    -0.008729579401443
     0.021102430738906     0.026780604994421     0.045591821937044
     0.008729579401443    -0.045591821937044     0.033330859199160
   23     3
    -0.102257087064229     0.167296308441790    -0.307496181908773
     0.083241170074149    -0.056382812796580    -0.053545196966526
     0.183293774408225     0.048690849988115     0.424058989331144
   23     4
    -0.012685735039595     0.016194343645125     0.014582339057802
     0.049302777250276     0.018483399292587     0.015288370447425
     0.038885540201619    -0.007316640104415    -0.018505238580151
   23     5
    -1.769622876247565     0.030036607068068    -0.134459293355181
    -0.030036607068068     0.444210486666180     0.301056597280986
    -0.134459293355180    -0.301056597280986    -0.566052092960912
   23     6
     0.237391579007096     0.025662540273691     0.089811488433804
    -0.627351765394777     0.149813060131323    -0.121940277153490
     0.070348668909470    -0.142838037307721    -0.167581497128326
   23     7
     0.149813060131323    -0.142838037307721     0.025662540273691
    -0.121940277153490    -0.167581497128326     0.089811488433804
    -0.627351765394777     0.070348668909470     0.237391579007096
   23     8
     0.045919039282886    -0.020054837311187     0.008125901718396
     0.020054837311187    -0.016881824530286     0.005028464657582
    -0.008125901718396     0.005028464657582     0.044714924822873
   23     9
     0.007912093988283    -0.007948189579754    -0.026741909312390
    -0.047155802188811    -0.020035579699943     0.009043534812290
     0.031735688909216    -0.026378449061164    -0.001645986224146
   23    10
    -0.157178586357683    -0.231006651523785    -0.477262576382552
     0.034594499528466    -0.450019214194019     0.663893806409630
    -0.024066762313857     0.718697705006538    -1.179225262538552
   23    11
    -0.042522694927412     0.038050719623776    -0.008629995196426
     0.038050719623776     0.001632705874912     0.059318709103523
    -0.008629995196426     0.059318709103523    -0.052911419368257
   23    12
    -1.179225262538553     0.477262576382552     0.663893806409630
     0.024066762313857    -0.157178586357683    -0.034594499528466
     0.718697705006538     0.231006651523785    -0.450019214194019
   23    13
    -0.020035579699943     0.026378449061164    -0.007948189579754
    -0.009043534812290    -0.001645986224146     0.026741909312390
    -0.047155802188811    -0.031735688909216     0.007912093988283
   23    14
     0.000268225489482    -0.009366270132336    -0.025835022768431
    -0.009366270132336     0.007383605326302     0.007802621336872
     0.025835022768431    -0.007802621336872     0.000034968640038
   23    15
    -0.018505238580151    -0.014582339057802    -0.015288370447425
    -0.038885540201619    -0.012685735039595     0.049302777250276
     0.007316640104415     0.016194343645125     0.018483399292587
   23    16
    -0.056382812796580     0.048690849988115    -0.167296308441790
    -0.053545196966526     0.424058989331144     0.307496181908773
    -0.083241170074149    -0.183293774408225    -0.102257087064229
   23    17
     0.036432141153096     0.097592174729068     0.039110142358689
    -0.097592174729068     0.036441451392382    -0.016015917034006
     0.039110142358689     0.016015917034006    -0.120742405120530
   23    18
    -0.047421840066689    -0.022069995883525     0.061624444368755
     0.062176871541557    -0.043930839156580     0.037233878708984
    -0.051676217989807     0.013334450268616     0.000009704304002
   23    19
    -0.043930839156580     0.013334450268616    -0.022069995883525
     0.037233878708984     0.000009704304002     0.061624444368755
     0.062176871541557    -0.051676217989807    -0.047421840066689
   23    20
    -0.045613458667979     0.002381837632557     0.010928519445629
    -0.002381837632557     0.031529534136870     0.013442151470226
    -0.010928519445629     0.013442151470226    -0.040926666533926
   23    21
    -0.026327960900418    -0.022224145161824    -0.005367131977292
     0.017156266666886    -0.099279268900566     0.001895215584580
    -0.055883856891257     0.020228549877099    -0.079728606090061
   23    22
     0.264296476432549     0.226414891594846     0.571130176627155
     0.357194113998603    -0.345814478840816    -0.220675386874607
     0.635599517816102     0.115491426480590     0.371914578263844
   23    23
    18.770928616735731    -1.916338329907072    -3.856016199632037
    -1.916338329907072    12.153464265998331    -2.519867947740112
    -3.856016199632037    -2.519867947740112    15.644672093229424
   23    24
     0.371914578263844    -0.571130176627155    -0.220675386874607
    -0.635599517816101     0.264296476432549    -0.357194113998602
     0.115491426480590    -0.226414891594846    -0.345814478840816
   23    25
     0.047692713523753     0.081314256218394     0.059295683938961
    -0.038923186272021     0.026348264440443     0.015657760083639
    -0.101423769088297    -0.057165193304332    -0.007081843824583
   23    26
     0.088784850410173     0.106809436838660     0.024971667485689
     0.004464171349109     0.103216398946887     0.034595843767920
     0.043603213014630    -0.012075999071886    -0.035612022503746
   23    27
    -0.114759401551063    -0.027260487430890     0.049352525158611
    -0.070744059451283    -0.045658934472844     0.112846843436105
     0.050420698339940     0.104631452198563    -0.008218665289253
   23    28
     0.001679507504992    -0.008619244963643     0.011509937996460
    -0.000802131620604     0.000823830959952    -0.022037174343765
    -0.003259670190074     0.001191150835691    -0.022418106025042
   23    29
    -0.099100845972295     0.001289173513233    -0.062043832346955
     0.049844575724273    -0.149976619085798     0.013084823160618
     0.085196471320890    -0.039422411025234     0.005109726694702
   23    30
    -0.071563839278634     0.020927300276584     0.120324125679523
     0.082097307004449     0.054216716389241    -0.040981710377424
     0.042326093462307    -0.014834371065426     0.028329032579850
   23    31
    -4.412337877199690    -0.608421511444958     4.120824463011706
     0.555587314029763    -2.888172823225802    -0.145093420677575
     4.355351000021043     0.888694071229506    -4.275529983913517
   23    32
    -0.102281412274072     0.010692633042843    -0.002716645327754
    -0.000947257921747    -0.049097937254601    -0.043226737579213
    -0.001389409582314     0.110633367191578     0.010988082143401
   23    33
     0.025121699340127    -0.016834676712511    -0.078046314352118
     0.019856707464238    -0.061104267894301     0.120914047925967
    -0.029597582145299    -0.018491748308592     0.040629508591981
   23    34
     0.062629813946233     0.023437212624884     0.079642917269864
    -0.005336674825832    -0.175963647715098    -0.014520982813143
     0.184202697567027    -0.052066717709717     0.033954037561407
   23    35
    -0.057893314415172    -0.150005912457348    -0.166717865631997
    -0.141461278307664    -0.136687431016873    -0.147659286532785
    -0.024226660517601    -0.129339346757783    -0.122174090112954
   23    36
    -2.277556684351453    -2.247576664240119     2.847236231417004
    -2.363179294310595    -2.922636364368684     2.598318568808613
     2.266840407425615     1.755106051369611    -4.132743351795649
   23    37
    -0.001566996504131     0.014574866559578     0.001517812071513
    -0.005937892366536    -0.016348080444468    -0.003008267949428
     0.017086090001701     0.034759925686786     0.000846767736167
   23    38
    -0.020910038768858    -0.028317078055831    -0.051019860851561
     0.007491649032759     0.011278552033708     0.030462627855189
     0.027011659500869     0.033116432750613     0.145449916663576
   23    39
     0.021614626482137     0.038742273738624     0.046058291441758
     0.042207763561893    -0.003043376537683    -0.146553334698531
    -0.006922656410468    -0.010025028487359    -0.024247008251799
   23    40
    -0.028251085105768    -0.026120491351401    -0.047631942851897
    -0.106830318585792     0.072053702232693    -0.101753917981002
     0.038896445114010     0.063383667114782    -0.024900934710484
   23    41
     0.089538449462222    -0.038126372683667     0.030855679788638
    -0.026649528757706    -0.051666325860565     0.066425069646035
    -0.011777213311205    -0.017348835413629    -0.043130158578016
   23    42
     0.005191541158993    -0.011692419423027     0.002815883345076
    -0.036021345258857     0.026092781604413    -0.014216834826037
     0.001398752967230    -0.028104820804649     0.025139450666613
   23    43
    -0.023050491506836    -0.012388300884063     0.011403754128152
     0.007130015474051    -0.039653436068900    -0.003950310958664
     0.009641898145934     0.005529899119487    -0.007156620366693
   23    44
    -0.029432443249109     0.006589469168312    -0.011869612280127
     0.148930741865163     0.187133887194458     0.001736238092791
     0.044012502624111     0.038878822687197    -0.085987547032342
   23    45
    -0.111995497920100     0.091291319295762    -0.030479417958395
    -0.053419354056562     0.029460731203204    -0.141665282296884
     0.069903832452843    -0.184890237377753    -0.075261757310588
   23    46
    -3.545227503896339     1.040512736625926    -2.403799536857463
     0.469539092079608    -1.693640720758013    -0.377143724981914
    -3.448281735250709     0.090928658222514    -2.939562913402879
   23    47
    -5.409378904258046     3.287381218693294    -0.613067000440724
     4.223128104955210    -4.531366329139580    -0.370537576195830
    -0.414620844740777    -0.613590996028366    -2.172357900494966
   23    48
    -0.315036613943738     0.239190605972347    -0.117246016204061
     0.086932621025333     0.147451573915811     0.202200973730698
    -0.241233581094260     0.210793149762874     0.102572946507398
   24     1
     0.000009704304002     0.051676217989807     0.013334450268616
    -0.061624444368755    -0.047421840066689     0.022069995883525
     0.037233878708984    -0.062176871541557    -0.043930839156580
   24     2
    -0.102257087064229     0.083241170074149    -0.183293774408225
     0.167296308441790    -0.056382812796580    -0.048690849988115
     0.307496181908773     0.053545196966526     0.424058989331144
   24     3
    -0.120742405120530    -0.039110142358689     0.016015917034006
    -0.039110142358689     0.036432141153096    -0.097592174729068
    -0.016015917034006     0.097592174729068     0.036441451392382
   24     4
    -0.001645986224146    -0.031735688909216    -0.026378449061164
     0.026741909312390     0.007912093988283     0.007948189579754
     0.009043534812290     0.047155802188811    -0.020035579699943
   24     5
     0.237391579007096     0.627351765394777     0.070348668909470
    -0.025662540273691     0.149813060131323     0.142838037307721
     0.089811488433804     0.121940277153490    -0.167581497128326
   24     6
     0.044714924822873     0.008125901718396     0.005028464657582
    -0.008125901718396     0.045919039282886     0.020054837311187
     0.005028464657582    -0.020054837311187    -0.016881824530286
   24     7
     0.018483399292587    -0.007316640104415     0.016194343645125
     0.015288370447425    -0.018505238580151     0.014582339057802
     0.049302777250276     0.038885540201619    -0.012685735039595
   24     8
     0.007912093988283     0.047155802188811    -0.031735688909216
     0.007948189579754    -0.020035579699943    -0.026378449061164
     0.026741909312390     0.009043534812290    -0.001645986224146
   24     9
     0.000034968640038    -0.025835022768431    -0.007802621336872
     0.025835022768431     0.000268225489482     0.009366270132336
     0.007802621336872     0.009366270132336     0.007383605326302
   24    10
    -0.450019214194019    -0.718697705006538     0.231006651523785
    -0.663893806409630    -1.179225262538552    -0.477262576382552
    -0.034594499528466    -0.024066762313857    -0.157178586357683
   24    11
    -1.179225262538552     0.024066762313857     0.718697705006538
     0.477262576382552    -0.157178586357683     0.231006651523785
     0.663893806409630    -0.034594499528466    -0.450019214194019
   24    12
    -0.052911419368257     0.008629995196426     0.059318709103523
     0.008629995196426    -0.042522694927412    -0.038050719623776
     0.059318709103523    -0.038050719623776     0.001632705874912
   24    13
    -0.167581497128326    -0.070348668909470    -0.142838037307721
    -0.089811488433804     0.237391579007096    -0.025662540273691
    -0.121940277153490     0.627351765394777     0.149813060131323
   24    14
    -0.018505238580151    -0.038885540201619    -0.007316640104415
    -0.014582339057802    -0.012685735039595    -0.016194343645125
     0.015288370447425    -0.049302777250276     0.018483399292587
   24    15
    -0.566052092960912     0.134459293355181    -0.301056597280986
     0.134459293355181    -1.769622876247565    -0.030036607068068
     0.301056597280986     0.030036607068068     0.444210486666180
   24    16
    -0.079728606090061     0.055883856891257     0.020228549877099
     0.005367131977292    -0.026327960900418     0.022224145161824
     0.001895215584580    -0.017156266666886    -0.099279268900566
   24    17
    -0.047421840066689    -0.062176871541557    -0.051676217989807
     0.022069995883525    -0.043930839156580    -0.013334450268616
     0.061624444368755    -0.037233878708984     0.000009704304002
   24    18
    -0.040926666533926     0.010928519445629     0.013442151470226
    -0.010928519445629    -0.045613458667978    -0.002381837632557
     0.013442151470226     0.002381837632557     0.031529534136870
   24    19
     0.424058989331144    -0.183293774408225     0.048690849988115
     0.307496181908773    -0.102257087064229    -0.167296308441790
    -0.053545196966526    -0.083241170074149    -0.056382812796580
   24    20
    -0.026327960900418    -0.017156266666886     0.055883856891257
     0.022224145161824    -0.099279268900566     0.020228549877099
     0.005367131977292     0.001895215584580    -0.079728606090061
   24    21
     0.033330859199160    -0.008729579401443    -0.045591821937044
     0.008729579401443     0.014203178826326    -0.021102430738906
     0.045591821937044    -0.021102430738906     0.026780604994421
   24    22
    -0.345814478840816    -0.115491426480590    -0.226414891594846
     0.220675386874607     0.371914578263844     0.571130176627155
    -0.357194113998603     0.635599517816101     0.264296476432549
   24    23
     0.371914578263844    -0.635599517816101     0.115491426480590
    -0.571130176627155     0.264296476432549    -0.226414891594846
    -0.220675386874607    -0.357194113998602    -0.345814478840816
   24    24
    15.644672093229421     3.856016199632037    -2.519867947740112
     3.856016199632037    18.770928616735727     1.916338329907072
    -2.519867947740112     1.916338329907072    12.153464265998331
   24    25
    -0.085987547032342    -0.044012502624111     0.038878822687197
     0.011869612280127    -0.029432443249109    -0.006589469168312
     0.001736238092791    -0.148930741865163     0.187133887194458
   24    26
    -0.075261757310588    -0.069903832452843    -0.184890237377753
     0.030479417958395    -0.111995497920100    -0.091291319295762
    -0.141665282296884     0.053419354056562     0.029460731203204
   24    27
    -0.007156620366693    -0.009641898145934     0.005529899119487
    -0.011403754128152    -0.023050491506836     0.012388300884063
    -0.003950310958664    -0.007130015474051    -0.039653436068900
   24    28
     0.145449916663576    -0.027011659500869     0.033116432750613
     0.051019860851561    -0.020910038768858     0.028317078055831
     0.030462627855189    -0.007491649032759     0.011278552033708
   24    29
    -0.024247008251799     0.006922656410468    -0.010025028487359
    -0.046058291441758     0.021614626482137    -0.038742273738624
    -0.146553334698531    -0.042207763561893    -0.003043376537683
   24    30
     0.000846767736167    -0.017086090001701     0.034759925686786
    -0.001517812071513    -0.001566996504131    -0.014574866559578
    -0.003008267949428     0.005937892366536    -0.016348080444468
   24    31
     0.005109726694702    -0.085196471320890    -0.039422411025234
     0.062043832346955    -0.099100845972295    -0.001289173513233
     0.013084823160618    -0.049844575724273    -0.149976619085798
   24    32
     0.028329032579850    -0.042326093462307    -0.014834371065426
    -0.120324125679523    -0.071563839278634    -0.020927300276584
    -0.040981710377424    -0.082097307004449     0.054216716389241
   24    33
    -0.022418106025042     0.003259670190074     0.001191150835691
    -0.011509937996460     0.001679507504992     0.008619244963643
    -0.022037174343765     0.000802131620604     0.000823830959952
   24    34
    -0.122174090112954     0.024226660517601    -0.129339346757783
     0.166717865631997    -0.057893314415172     0.150005912457348
    -0.147659286532785     0.141461278307664    -0.136687431016873
   24    35
    -4.132743351795649    -2.266840407425615     1.755106051369611
    -2.847236231417004    -2.277556684351453     2.247576664240119
     2.598318568808613     2.363179294310595    -2.922636364368684
   24    36
     0.033954037561407    -0.184202697567027    -0.052066717709717
    -0.079642917269864     0.062629813946233    -0.023437212624884
    -0.014520982813143     0.005336674825832    -0.175963647715098
   24    37
     0.010988082143401     0.001389409582314     0.110633367191578
     0.002716645327754    -0.102281412274072    -0.010692633042843
    -0.043226737579213     0.000947257921747    -0.049097937254601
   24    38
     0.040629508591981     0.029597582145299    -0.018491748308592
     0.078046314352118     0.025121699340127     0.016834676712511
     0.120914047925967    -0.019856707464238    -0.061104267894301
   24    39
    -4.275529983913517    -4.355351000021043     0.888694071229506
    -4.120824463011706    -4.412337877199690     0.608421511444958
    -0.145093420677575    -0.555587314029763    -2.888172823225802
   24    40
    -0.035612022503746    -0.043603213014630    -0.012075999071886
    -0.024971667485689     0.088784850410173    -0.106809436838660
     0.034595843767920    -0.004464171349109     0.103216398946887
   24    41
    -0.008218665289253    -0.050420698339940     0.104631452198563
    -0.049352525158611    -0.114759401551062     0.027260487430890
     0.112846843436105     0.070744059451283    -0.045658934472844
   24    42
    -0.007081843824583     0.101423769088297    -0.057165193304332
    -0.059295683938961     0.047692713523753    -0.081314256218394
     0.015657760083639     0.038923186272021     0.026348264440442
   24    43
    -0.043130158578016     0.011777213311205    -0.017348835413629
    -0.030855679788638     0.089538449462222     0.038126372683667
     0.066425069646035     0.026649528757706    -0.051666325860566
   24    44
     0.025139450666613    -0.001398752967230    -0.028104820804649
    -0.002815883345076     0.005191541158993     0.011692419423027
    -0.014216834826037     0.036021345258857     0.026092781604413
   24    45
    -0.024900934710484    -0.038896445114010     0.063383667114782
     0.047631942851897    -0.028251085105768     0.026120491351401
    -0.101753917981002     0.106830318585792     0.072053702232693
   24    46
    -2.172357900494966     0.414620844740777    -0.613590996028366
     0.613067000440723    -5.409378904258046    -3.287381218693294
    -0.370537576195830    -4.223128104955210    -4.531366329139580
   24    47
     0.102572946507398     0.241233581094260     0.210793149762874
     0.117246016204061    -0.315036613943738    -0.239190605972347
     0.202200973730698    -0.086932621025333     0.147451573915811
   24    48
    -2.939562913402878     3.448281735250709     0.090928658222514
     2.403799536857463    -3.545227503896339    -1.040512736625926
    -0.377143724981914    -0.469539092079608    -1.693640720758013
   25     1
     0.147451573915811    -0.210793149762874     0.239190605972347
    -0.202200973730698     0.102572946507398     0.117246016204061
     0.086932621025333     0.241233581094260    -0.315036613943738
   25     2
    -3.545227503896339     0.469539092079608     3.448281735250709
     1.040512736625926    -1.693640720758013    -0.090928658222514
     2.403799536857463     0.377143724981914    -2.939562913402879
   25     3
    -2.172357900494966     0.613067000440724     0.370537576195830
     0.414620844740777    -5.409378904258046     4.223128104955210
     0.613590996028366     3.287381218693294    -4.531366329139579
   25     4
     0.029460731203204    -0.184890237377753    -0.091291319295762
    -0.141665282296884    -0.075261757310588     0.030479417958395
     0.053419354056562    -0.069903832452843    -0.111995497920100
   25     5
    -0.028251085105768     0.106830318585792     0.038896445114010
     0.026120491351401     0.072053702232693    -0.063383667114782
    -0.047631942851897     0.101753917981002    -0.024900934710484
   25     6
    -0.035612022503746     0.024971667485689     0.034595843767920
     0.043603213014630     0.088784850410173     0.004464171349109
    -0.012075999071886     0.106809436838660     0.103216398946887
   25     7
    -0.045658934472843     0.104631452198563    -0.027260487430890
     0.112846843436105    -0.008218665289253     0.049352525158611
    -0.070744059451283     0.050420698339940    -0.114759401551063
   25     8
    -0.023050491506836    -0.007130015474051    -0.009641898145934
     0.012388300884063    -0.039653436068900     0.005529899119487
    -0.011403754128151    -0.003950310958664    -0.007156620366693
   25     9
    -0.043130158578016     0.030855679788638    -0.066425069646035
    -0.011777213311205     0.089538449462222     0.026649528757706
     0.017348835413629     0.038126372683667    -0.051666325860566
   25    10
     0.054216716389241     0.014834371065426    -0.020927300276584
     0.040981710377424     0.028329032579850     0.120324125679523
    -0.082097307004449     0.042326093462307    -0.071563839278634
   25    11
    -0.001566996504131    -0.005937892366536     0.017086090001701
     0.014574866559578    -0.016348080444468     0.034759925686786
     0.001517812071513    -0.003008267949428     0.000846767736167
   25    12
     0.010988082143401     0.002716645327754    -0.043226737579213
     0.001389409582314    -0.102281412274072     0.000947257921747
     0.110633367191578    -0.010692633042843    -0.049097937254601
   25    13
    -2.922636364368684    -1.755106051369611    -2.247576664240119
    -2.598318568808613    -4.132743351795649    -2.847236231417004
    -2.363179294310595    -2.266840407425615    -2.277556684351453
   25    14
     0.062629813946233    -0.005336674825832    -0.184202697567027
     0.023437212624884    -0.175963647715098     0.052066717709717
    -0.079642917269864     0.014520982813143     0.033954037561407
   25    15
    -0.122174090112954     0.166717865631997     0.147659286532785
     0.024226660517601    -0.057893314415172    -0.141461278307664
     0.129339346757783    -0.150005912457348    -0.136687431016873
   25    16
    -0.061104267894301    -0.018491748308592     0.016834676712511
     0.120914047925967     0.040629508591981     0.078046314352118
    -0.019856707464238     0.029597582145299     0.025121699340127
   25    17
     0.001679507504992     0.000802131620604    -0.003259670190074
     0.008619244963643     0.000823830959952    -0.001191150835691
     0.011509937996460     0.022037174343765    -0.022418106025043
   25    18
     0.145449916663576    -0.051019860851561     0.030462627855189
     0.027011659500869    -0.020910038768858     0.007491649032759
     0.033116432750613    -0.028317078055831     0.011278552033708
   25    19
    -0.003043376537683    -0.010025028487359     0.038742273738624
    -0.146553334698531    -0.024247008251799     0.046058291441758
     0.042207763561893    -0.006922656410468     0.021614626482137
   25    20
    -4.412337877199690    -0.555587314029763    -4.355351000021043
     0.608421511444958    -2.888172823225802     0.888694071229506
    -4.120824463011706    -0.145093420677575    -4.275529983913517
   25    21
     0.005109726694702    -0.062043832346955    -0.013084823160618
     0.085196471320890    -0.099100845972295    -0.049844575724273
     0.039422411025234    -0.001289173513233    -0.149976619085798
   25    22
     0.026092781604413     0.028104820804649     0.011692419423027
     0.014216834826037     0.025139450666613     0.002815883345076
     0.036021345258857     0.001398752967230     0.005191541158994
   25    23
     0.047692713523753    -0.038923186272021    -0.101423769088297
     0.081314256218394     0.026348264440443    -0.057165193304332
     0.059295683938961     0.015657760083639    -0.007081843824583
   25    24
    -0.085987547032342     0.011869612280127     0.001736238092791
    -0.044012502624111    -0.029432443249109    -0.148930741865163
     0.038878822687197    -0.006589469168312     0.187133887194458
   25    25
    17.202040189486077     2.099885060717727     4.186398684326193
     2.099885060717727    15.986337037458828    -2.162723706866663
     4.186398684326193    -2.162723706866663    19.188753940509173
   25    26
    -0.663840618721433     0.210211930085825     0.154581184276603
     0.656974799701350     0.159506219836045    -0.777919956642841
     0.460010205801838    -0.416363704593947     0.218808219859015
   25    27
     0.218808219859015     0.154581184276603    -0.777919956642841
     0.460010205801838    -0.663840618721433     0.656974799701350
    -0.416363704593947     0.210211930085825     0.159506219836045
   25    28
    -0.131912865570759     0.039446132248035    -0.035357604010736
    -0.039446132248034    -0.069044981292983    -0.075019529043858
    -0.035357604010736     0.075019529043858    -0.018786011532152
   25    29
    -0.027477572895562    -0.039127842125305     0.086165067662898
    -0.001965753168851    -0.092137880792451     0.097954349666405
    -0.017244621868904     0.010921890319555     0.030897067632424
   25    30
    -0.134725548521080     0.033581300216526    -0.239497033642252
     0.006464727429846     0.174313555115634     0.517696382124296
    -0.008487189089409    -0.317007725656166    -0.185005573122890
   25    31
    -0.003755064781556     0.074478146731664     0.012830014285740
    -0.074478146731664     0.009361139925325    -0.002223990775049
    -0.012830014285740    -0.002223990775049     0.003219505051764
   25    32
     0.174313555115634     0.317007725656166    -0.033581300216526
    -0.517696382124296    -0.185005573122890    -0.239497033642252
    -0.006464727429846    -0.008487189089409    -0.134725548521080
   25    33
    -0.028277516904562    -0.037233322598963    -0.020049036825872
     0.005179737631735    -0.119370518528137     0.053111795752376
     0.013923897427692     0.011664654433322    -0.065370353590634
   25    34
     0.026771442069048    -0.002490124406970     0.033825252056035
    -0.002490124406970    -0.016632105351093     0.015268107418727
    -0.033825252056035    -0.015268107418727     0.030524079853892
   25    35
     0.015122782243802     0.017472652757293    -0.038258811574075
    -0.006759465740775    -0.021759012530868    -0.057944487585613
     0.005661800314113     0.010783297390443     0.028033638722010
   25    36
    -0.056446706523386    -0.556883496002395     0.876453997604450
    -0.315254951576669    -0.454535774053348     0.135474938078073
     0.051263024561638     0.312998430206838    -0.088878472084571
   25    37
    -0.045364056213697    -0.098002926429133    -0.004030829060523
    -0.098002926429133    -0.037387810699261     0.066043456637911
    -0.004030829060523     0.066043456637911    -0.016234063158849
   25    38
    -0.698008902271843    -0.029912163640275    -1.002950141652038
     0.267474575226287    -0.183303036770488     0.156857707192937
    -1.314298899104063     0.523847190971773    -1.747006437818943
   25    39
    -1.747006437818943    -1.002950141652038     0.156857707192937
    -1.314298899104063    -0.698008902271843     0.267474575226287
     0.523847190971773    -0.029912163640275    -0.183303036770488
   25    40
    -0.559450131572798     0.408014581786413     0.030973961812030
    -0.408014581786413     0.589930455511757    -0.056616014403307
     0.030973961812030     0.056616014403307    -2.223444546108871
   25    41
    -0.454535774053348    -0.312998430206838    -0.556883496002395
    -0.135474938078073    -0.088878472084571    -0.876453997604450
    -0.315254951576669    -0.051263024561638    -0.056446706523386
   25    42
    -0.016976536327639     0.004573481955215    -0.049835968908921
    -0.027791414138127    -0.005164288085135     0.056167432490448
     0.017178665747319     0.011261294208829    -0.024006197881479
   25    43
     0.024623605221194     0.005042558916184     0.016820217851975
    -0.005042558916184     0.064916398402808    -0.004862029398961
    -0.016820217851975    -0.004862029398961     0.027026729714143
   25    44
    -0.005164288085135    -0.011261294208829    -0.004573481955215
    -0.056167432490448    -0.024006197881479    -0.049835968908921
     0.027791414138127     0.017178665747319    -0.016976536327639
   25    45
     0.028033638722010     0.038258811574075     0.057944487585613
    -0.005661800314113     0.015122782243802    -0.006759465740775
    -0.010783297390443     0.017472652757293    -0.021759012530868
   25    46
    -0.056930908940347    -0.079179213583862    -0.021236269111485
    -0.079179213583862     0.051461924123781    -0.023094556780986
     0.021236269111485     0.023094556780986    -0.086411936317880
   25    47
    -0.119370518528136     0.011664654433322     0.037233322598963
     0.053111795752376    -0.065370353590634     0.020049036825872
    -0.005179737631735    -0.013923897427692    -0.028277516904562
   25    48
     0.030897067632425     0.086165067662898    -0.097954349666405
    -0.017244621868904    -0.027477572895563     0.001965753168851
    -0.010921890319555     0.039127842125305    -0.092137880792451
   26     1
    -1.693640720758013    -0.090928658222514     1.040512736625926
     0.377143724981914    -2.939562913402879     2.403799536857463
     0.469539092079608     3.448281735250709    -3.545227503896338
   26     2
    -5.409378904258046     4.223128104955210     0.414620844740777
     3.287381218693294    -4.531366329139580     0.613590996028366
     0.613067000440724     0.370537576195830    -2.172357900494966
   26     3
     0.102572946507398     0.117246016204061    -0.202200973730698
     0.241233581094260    -0.315036613943739     0.086932621025333
    -0.210793149762874     0.239190605972347     0.147451573915811
   26     4
    -0.039653436068900     0.005529899119487     0.012388300884063
    -0.003950310958664    -0.007156620366693    -0.011403754128152
    -0.007130015474051    -0.009641898145934    -0.023050491506836
   26     5
     0.089538449462222     0.026649528757706    -0.011777213311205
     0.038126372683667    -0.051666325860566     0.017348835413629
     0.030855679788638    -0.066425069646035    -0.043130158578017
   26     6
    -0.008218665289253     0.049352525158611     0.112846843436105
     0.050420698339940    -0.114759401551063    -0.070744059451283
     0.104631452198563    -0.027260487430890    -0.045658934472843
   26     7
     0.026348264440443    -0.057165193304332     0.081314256218394
     0.015657760083639    -0.007081843824583     0.059295683938961
    -0.038923186272021    -0.101423769088297     0.047692713523753
   26     8
    -0.029432443249109    -0.148930741865162    -0.044012502624111
    -0.006589469168312     0.187133887194458     0.038878822687197
     0.011869612280127     0.001736238092791    -0.085987547032342
   26     9
     0.025139450666613     0.002815883345076     0.014216834826037
     0.001398752967230     0.005191541158993     0.036021345258857
     0.028104820804649     0.011692419423028     0.026092781604413
   26    10
     0.000823830959952    -0.001191150835691     0.008619244963643
     0.022037174343765    -0.022418106025043     0.011509937996460
     0.000802131620604    -0.003259670190074     0.001679507504992
   26    11
    -0.020910038768858     0.007491649032759     0.027011659500869
    -0.028317078055831     0.011278552033708     0.033116432750613
    -0.051019860851561     0.030462627855189     0.145449916663576
   26    12
     0.040629508591981     0.078046314352118     0.120914047925967
     0.029597582145299     0.025121699340127    -0.019856707464238
    -0.018491748308592     0.016834676712511    -0.061104267894301
   26    13
    -0.175963647715098     0.052066717709717     0.023437212624884
     0.014520982813143     0.033954037561407    -0.079642917269864
    -0.005336674825832    -0.184202697567027     0.062629813946233
   26    14
    -0.057893314415172    -0.141461278307664     0.024226660517601
    -0.150005912457348    -0.136687431016873     0.129339346757782
     0.166717865631997     0.147659286532785    -0.122174090112954
   26    15
    -4.132743351795649    -2.847236231417004    -2.598318568808613
    -2.266840407425615    -2.277556684351453    -2.363179294310595
    -1.755106051369611    -2.247576664240119    -2.922636364368684
   26    16
    -2.888172823225802     0.888694071229506     0.608421511444958
    -0.145093420677575    -4.275529983913517    -4.120824463011706
    -0.555587314029763    -4.355351000021043    -4.412337877199690
   26    17
    -0.099100845972295    -0.049844575724273     0.085196471320890
    -0.001289173513233    -0.149976619085798     0.039422411025234
    -0.062043832346955    -0.013084823160618     0.005109726694701
   26    18
    -0.024247008251799     0.046058291441758    -0.146553334698531
    -0.006922656410468     0.021614626482137     0.042207763561893
    -0.010025028487359     0.038742273738624    -0.003043376537683
   26    19
    -0.016348080444468     0.034759925686786     0.014574866559578
    -0.003008267949428     0.000846767736167     0.001517812071513
    -0.005937892366536     0.017086090001701    -0.001566996504131
   26    20
    -0.102281412274072     0.000947257921747     0.001389409582314
    -0.010692633042843    -0.049097937254601     0.110633367191578
     0.002716645327754    -0.043226737579213     0.010988082143401
   26    21
     0.028329032579850     0.120324125679523     0.040981710377424
     0.042326093462307    -0.071563839278634    -0.082097307004449
     0.014834371065426    -0.020927300276584     0.054216716389241
   26    22
     0.072053702232693    -0.063383667114782     0.026120491351401
     0.101753917981002    -0.024900934710484    -0.047631942851897
     0.106830318585792     0.038896445114010    -0.028251085105768
   26    23
     0.088784850410173     0.004464171349109     0.043603213014630
     0.106809436838660     0.103216398946887    -0.012075999071886
     0.024971667485689     0.034595843767920    -0.035612022503746
   26    24
    -0.075261757310588     0.030479417958395    -0.141665282296884
    -0.069903832452843    -0.111995497920100     0.053419354056562
    -0.184890237377753    -0.091291319295762     0.029460731203204
   26    25
    -0.663840618721433     0.656974799701350     0.460010205801838
     0.210211930085825     0.159506219836045    -0.416363704593947
     0.154581184276603    -0.777919956642841     0.218808219859015
   26    26
    15.986337037458828    -2.162723706866666     2.099885060717727
    -2.162723706866666    19.188753940509173     4.186398684326193
     2.099885060717727     4.186398684326193    17.202040189486073
   26    27
     0.159506219836045    -0.777919956642841     0.656974799701350
    -0.416363704593947     0.218808219859015     0.460010205801838
     0.210211930085825     0.154581184276603    -0.663840618721433
   26    28
    -0.027477572895562     0.001965753168851    -0.017244621868904
     0.039127842125305    -0.092137880792451    -0.010921890319555
     0.086165067662898    -0.097954349666405     0.030897067632424
   26    29
     0.051461924123781    -0.023094556780986    -0.079179213583862
     0.023094556780986    -0.086411936317880     0.021236269111485
    -0.079179213583862    -0.021236269111485    -0.056930908940347
   26    30
    -0.065370353590634     0.020049036825872     0.053111795752376
    -0.013923897427692    -0.028277516904562    -0.005179737631735
     0.011664654433322     0.037233322598963    -0.119370518528137
   26    31
     0.174313555115634     0.517696382124296     0.006464727429846
    -0.317007725656166    -0.185005573122891    -0.008487189089409
     0.033581300216526    -0.239497033642252    -0.134725548521080
   26    32
    -0.069044981292983    -0.075019529043858    -0.039446132248035
     0.075019529043858    -0.018786011532152    -0.035357604010736
     0.039446132248035    -0.035357604010736    -0.131912865570759
   26    33
    -0.092137880792451     0.097954349666405    -0.001965753168851
     0.010921890319555     0.030897067632424    -0.017244621868904
    -0.039127842125305     0.086165067662898    -0.027477572895563
   26    34
     0.015122782243802    -0.006759465740775    -0.005661800314113
     0.017472652757293    -0.021759012530868    -0.010783297390443
     0.038258811574075     0.057944487585613     0.028033638722010
   26    35
     0.064916398402808    -0.004862029398961    -0.005042558916184
    -0.004862029398961     0.027026729714143    -0.016820217851975
     0.005042558916184     0.016820217851975     0.024623605221194
   26    36
    -0.024006197881479    -0.049835968908921    -0.056167432490448
     0.017178665747319    -0.016976536327639     0.027791414138127
    -0.011261294208829    -0.004573481955215    -0.005164288085135
   26    37
    -0.698008902271843     0.267474575226287    -1.314298899104063
    -0.029912163640275    -0.183303036770488     0.523847190971773
    -1.002950141652038     0.156857707192937    -1.747006437818943
   26    38
    -0.037387810699261     0.066043456637911    -0.098002926429133
     0.066043456637911    -0.016234063158850    -0.004030829060524
    -0.098002926429133    -0.004030829060523    -0.045364056213697
   26    39
    -0.183303036770488     0.156857707192937     0.267474575226287
     0.523847190971773    -1.747006437818943    -1.314298899104063
    -0.029912163640275    -1.002950141652038    -0.698008902271843
   26    40
    -0.454535774053348     0.135474938078073    -0.315254951576669
     0.312998430206838    -0.088878472084571     0.051263024561638
    -0.556883496002395     0.876453997604450    -0.056446706523386
   26    41
    -0.016632105351093     0.015268107418727    -0.002490124406970
    -0.015268107418727     0.030524079853892    -0.033825252056035
    -0.002490124406970     0.033825252056035     0.026771442069048
   26    42
    -0.021759012530868    -0.057944487585613    -0.006759465740775
     0.010783297390443     0.028033638722009     0.005661800314113
     0.017472652757293    -0.038258811574075     0.015122782243802
   26    43
    -0.005164288085135     0.056167432490448    -0.027791414138127
     0.011261294208829    -0.024006197881479     0.017178665747319
     0.004573481955215    -0.049835968908921    -0.016976536327639
   26    44
     0.589930455511757    -0.056616014403307    -0.408014581786413
     0.056616014403307    -2.223444546108871     0.030973961812030
     0.408014581786413     0.030973961812030    -0.559450131572798
   26    45
    -0.088878472084571    -0.876453997604450    -0.135474938078073
    -0.051263024561638    -0.056446706523386    -0.315254951576669
    -0.312998430206838    -0.556883496002395    -0.454535774053348
   26    46
    -0.119370518528136     0.053111795752376     0.005179737631735
     0.011664654433322    -0.065370353590634     0.013923897427692
    -0.037233322598963    -0.020049036825872    -0.028277516904562
   26    47
     0.009361139925325    -0.002223990775049    -0.074478146731664
    -0.002223990775049     0.003219505051764    -0.012830014285740
     0.074478146731664     0.012830014285740    -0.003755064781556
   26    48
    -0.185005573122890    -0.239497033642252    -0.517696382124296
    -0.008487189089409    -0.134725548521080    -0.006464727429846
     0.317007725656166    -0.033581300216526     0.174313555115634
   27     1
    -4.531366329139579     0.613590996028366     3.287381218693294
     0.370537576195831    -2.172357900494966     0.613067000440723
     4.223128104955210     0.414620844740777    -5.409378904258046
   27     2
    -0.315036613943738     0.086932621025333     0.241233581094260
     0.239190605972347     0.147451573915811    -0.210793149762874
     0.117246016204061    -0.202200973730698     0.102572946507398
   27     3
    -2.939562913402879     2.403799536857463     0.377143724981914
     3.448281735250709    -3.545227503896339     0.469539092079608
    -0.090928658222514     1.040512736625926    -1.693640720758013
   27     4
     0.187133887194458     0.038878822687197    -0.006589469168312
     0.001736238092791    -0.085987547032342     0.011869612280127
    -0.148930741865162    -0.044012502624111    -0.029432443249109
   27     5
     0.005191541158993     0.036021345258857     0.001398752967230
     0.011692419423027     0.026092781604413     0.028104820804649
     0.002815883345076     0.014216834826037     0.025139450666613
   27     6
    -0.007081843824583     0.059295683938961     0.015657760083639
    -0.101423769088297     0.047692713523753    -0.038923186272021
    -0.057165193304332     0.081314256218394     0.026348264440443
   27     7
     0.103216398946887    -0.012075999071886     0.106809436838660
     0.034595843767920    -0.035612022503746     0.024971667485689
     0.004464171349109     0.043603213014630     0.088784850410173
   27     8
    -0.111995497920100     0.053419354056562    -0.069903832452843
    -0.091291319295762     0.029460731203204    -0.184890237377753
     0.030479417958395    -0.141665282296884    -0.075261757310588
   27     9
    -0.024900934710484    -0.047631942851897     0.101753917981002
     0.038896445114010    -0.028251085105768     0.106830318585792
    -0.063383667114782     0.026120491351401     0.072053702232693
   27    10
    -0.149976619085798     0.039422411025234    -0.001289173513233
    -0.013084823160618     0.005109726694701    -0.062043832346955
    -0.049844575724273     0.085196471320890    -0.099100845972295
   27    11
     0.021614626482137     0.042207763561893    -0.006922656410468
     0.038742273738624    -0.003043376537683    -0.010025028487359
     0.046058291441758    -0.146553334698531    -0.024247008251799
   27    12
    -4.275529983913517    -4.120824463011706    -0.145093420677575
    -4.355351000021043    -4.412337877199690    -0.555587314029763
     0.888694071229506     0.608421511444958    -2.888172823225802
   27    13
    -0.136687431016873     0.129339346757782    -0.150005912457348
     0.147659286532785    -0.122174090112954     0.166717865631997
    -0.141461278307664     0.024226660517601    -0.057893314415172
   27    14
    -2.277556684351453    -2.363179294310595    -2.266840407425615
    -2.247576664240119    -2.922636364368684    -1.755106051369611
    -2.847236231417004    -2.598318568808613    -4.132743351795649
   27    15
     0.033954037561407    -0.079642917269864     0.014520982813143
    -0.184202697567027     0.062629813946233    -0.005336674825832
     0.052066717709717     0.023437212624884    -0.175963647715098
   27    16
    -0.049097937254601     0.110633367191578    -0.010692633042843
    -0.043226737579213     0.010988082143400     0.002716645327754
     0.000947257921747     0.001389409582314    -0.102281412274072
   27    17
    -0.071563839278634    -0.082097307004449     0.042326093462307
    -0.020927300276584     0.054216716389241     0.014834371065426
     0.120324125679523     0.040981710377424     0.028329032579850
   27    18
     0.000846767736167     0.001517812071513    -0.003008267949428
     0.017086090001701    -0.001566996504131    -0.005937892366536
     0.034759925686786     0.014574866559578    -0.016348080444468
   27    19
     0.011278552033708     0.033116432750613    -0.028317078055831
     0.030462627855189     0.145449916663576    -0.051019860851561
     0.007491649032759     0.027011659500869    -0.020910038768858
   27    20
     0.025121699340127    -0.019856707464238     0.029597582145299
     0.016834676712511    -0.061104267894301    -0.018491748308592
     0.078046314352118     0.120914047925967     0.040629508591981
   27    21
    -0.022418106025043     0.011509937996460     0.022037174343765
    -0.003259670190074     0.001679507504992     0.000802131620604
    -0.001191150835691     0.008619244963643     0.000823830959952
   27    22
    -0.051666325860566     0.017348835413629     0.038126372683667
    -0.066425069646035    -0.043130158578016     0.030855679788638
     0.026649528757706    -0.011777213311205     0.089538449462223
   27    23
    -0.114759401551063    -0.070744059451283     0.050420698339940
    -0.027260487430890    -0.045658934472844     0.104631452198563
     0.049352525158611     0.112846843436105    -0.008218665289253
   27    24
    -0.007156620366693    -0.011403754128152    -0.003950310958664
    -0.009641898145934    -0.023050491506836    -0.007130015474051
     0.005529899119487     0.012388300884063    -0.039653436068900
   27    25
     0.218808219859015     0.460010205801838    -0.416363704593947
     0.154581184276603    -0.663840618721433     0.210211930085825
    -0.777919956642841     0.656974799701350     0.159506219836045
   27    26
     0.159506219836045    -0.416363704593947     0.210211930085825
    -0.777919956642841     0.218808219859015     0.154581184276603
     0.656974799701350     0.460010205801838    -0.663840618721433
   27    27
    19.188753940509173     4.186398684326191    -2.162723706866665
     4.186398684326191    17.202040189486070     2.099885060717727
    -2.162723706866665     2.099885060717727    15.986337037458823
   27    28
    -0.134725548521080    -0.006464727429846    -0.008487189089409
    -0.033581300216526     0.174313555115634     0.317007725656166
    -0.239497033642252    -0.517696382124296    -0.185005573122890
   27    29
    -0.065370353590634     0.013923897427692     0.011664654433322
    -0.020049036825872    -0.028277516904562    -0.037233322598963
     0.053111795752376     0.005179737631735    -0.119370518528136
   27    30
     0.003219505051764    -0.012830014285740    -0.002223990775049
     0.012830014285740    -0.003755064781556     0.074478146731664
    -0.002223990775049    -0.074478146731664     0.009361139925325
   27    31
    -0.028277516904562    -0.005179737631735    -0.013923897427692
     0.037233322598963    -0.119370518528137     0.011664654433322
     0.020049036825872     0.053111795752376    -0.065370353590634
   27    32
    -0.092137880792451    -0.010921890319555     0.039127842125305
    -0.097954349666405     0.030897067632424     0.086165067662898
     0.001965753168851    -0.017244621868904    -0.027477572895563
   27    33
    -0.086411936317880     0.021236269111485     0.023094556780986
    -0.021236269111485    -0.056930908940347    -0.079179213583862
    -0.023094556780986    -0.079179213583862     0.051461924123781
   27    34
    -0.056446706523386    -0.315254951576669    -0.051263024561638
    -0.556883496002395    -0.454535774053348    -0.312998430206838
    -0.876453997604450    -0.135474938078073    -0.088878472084571
   27    35
    -0.024006197881479     0.017178665747319     0.011261294208829
    -0.049835968908921    -0.016976536327639     0.004573481955215
     0.056167432490448    -0.027791414138127    -0.005164288085135
   27    36
    -2.223444546108871     0.030973961812030     0.056616014403307
     0.030973961812030    -0.559450131572799     0.408014581786413
    -0.056616014403307    -0.408014581786413     0.589930455511757
   27    37
    -1.747006437818943    -1.314298899104063     0.523847190971773
    -1.002950141652038    -0.698008902271843    -0.029912163640275
     0.156857707192937     0.267474575226287    -0.183303036770488
   27    38
    -0.183303036770488     0.523847190971773    -0.029912163640275
     0.156857707192937    -1.747006437818943    -1.002950141652038
     0.267474575226287    -1.314298899104063    -0.698008902271843
   27    39
    -0.016234063158850    -0.004030829060523     0.066043456637911
    -0.004030829060523    -0.045364056213697    -0.098002926429133
     0.066043456637911    -0.098002926429133    -0.037387810699261
   27    40
    -0.016976536327639     0.027791414138127     0.017178665747319
    -0.004573481955215    -0.005164288085135    -0.011261294208829
    -0.049835968908921    -0.056167432490448    -0.024006197881479
   27    41
    -0.021759012530868    -0.010783297390443     0.017472652757293
     0.057944487585613     0.028033638722010     0.038258811574075
    -0.006759465740775    -0.005661800314113     0.015122782243802
   27    42
     0.027026729714143    -0.016820217851975    -0.004862029398961
     0.016820217851975     0.024623605221194     0.005042558916184
    -0.004862029398961    -0.005042558916184     0.064916398402808
   27    43
     0.028033638722009     0.005661800314113     0.010783297390443
    -0.038258811574075     0.015122782243802     0.017472652757293
    -0.057944487585613    -0.006759465740775    -0.021759012530868
   27    44
    -0.088878472084571     0.051263024561638     0.312998430206838
     0.876453997604450    -0.056446706523386    -0.556883496002396
     0.135474938078073    -0.315254951576669    -0.454535774053348
   27    45
     0.030524079853892    -0.033825252056035    -0.015268107418727
     0.033825252056035     0.026771442069048    -0.002490124406970
     0.015268107418727    -0.002490124406970    -0.016632105351093
   27    46
     0.030897067632424    -0.017244621868904     0.010921890319555
     0.086165067662898    -0.027477572895563    -0.039127842125305
     0.097954349666405    -0.001965753168851    -0.092137880792451
   27    47
    -0.185005573122890    -0.008487189089409    -0.317007725656166
    -0.239497033642252    -0.134725548521080     0.033581300216526
     0.517696382124296     0.006464727429846     0.174313555115634
   27    48
    -0.018786011532152    -0.035357604010736     0.075019529043858
    -0.035357604010736    -0.131912865570759     0.039446132248035
    -0.075019529043858    -0.039446132248035    -0.069044981292983
   28     1
    -0.045658934472843    -0.104631452198563    -0.027260487430890
    -0.112846843436105    -0.008218665289253    -0.049352525158611
    -0.070744059451283    -0.050420698339940    -0.114759401551063
   28     2
    -0.023050491506836     0.007130015474051    -0.009641898145934
    -0.012388300884063    -0.039653436068900    -0.005529899119487
    -0.011403754128151     0.003950310958664    -0.007156620366693
   28     3
    -0.043130158578016    -0.030855679788638    -0.066425069646035
     0.011777213311205     0.089538449462222    -0.026649528757706
     0.017348835413629    -0.038126372683667    -0.051666325860565
   28     4
     0.054216716389241    -0.014834371065426    -0.020927300276584
    -0.040981710377424     0.028329032579850    -0.120324125679523
    -0.082097307004449    -0.042326093462307    -0.071563839278634
   28     5
    -0.001566996504131     0.005937892366536     0.017086090001701
    -0.014574866559578    -0.016348080444468    -0.034759925686786
     0.001517812071513     0.003008267949428     0.000846767736167
   28     6
     0.010988082143401    -0.002716645327754    -0.043226737579213
    -0.001389409582314    -0.102281412274072    -0.000947257921747
     0.110633367191578     0.010692633042843    -0.049097937254601
   28     7
     0.147451573915812     0.210793149762874     0.239190605972347
     0.202200973730698     0.102572946507398    -0.117246016204061
     0.086932621025333    -0.241233581094260    -0.315036613943738
   28     8
    -3.545227503896339    -0.469539092079608     3.448281735250709
    -1.040512736625926    -1.693640720758013     0.090928658222514
     2.403799536857463    -0.377143724981914    -2.939562913402879
   28     9
    -2.172357900494966    -0.613067000440723     0.370537576195830
    -0.414620844740777    -5.409378904258046    -4.223128104955210
     0.613590996028366    -3.287381218693294    -4.531366329139579
   28    10
     0.029460731203205     0.184890237377753    -0.091291319295762
     0.141665282296884    -0.075261757310588    -0.030479417958395
     0.053419354056562     0.069903832452843    -0.111995497920100
   28    11
    -0.028251085105768    -0.106830318585792     0.038896445114010
    -0.026120491351401     0.072053702232692     0.063383667114782
    -0.047631942851897    -0.101753917981002    -0.024900934710484
   28    12
    -0.035612022503746    -0.024971667485689     0.034595843767920
    -0.043603213014630     0.088784850410173    -0.004464171349109
    -0.012075999071886    -0.106809436838660     0.103216398946887
   28    13
    -0.003043376537683     0.010025028487359     0.038742273738624
     0.146553334698531    -0.024247008251799    -0.046058291441758
     0.042207763561893     0.006922656410468     0.021614626482137
   28    14
    -4.412337877199690     0.555587314029763    -4.355351000021043
    -0.608421511444958    -2.888172823225802    -0.888694071229506
    -4.120824463011706     0.145093420677575    -4.275529983913517
   28    15
     0.005109726694702     0.062043832346955    -0.013084823160618
    -0.085196471320890    -0.099100845972295     0.049844575724273
     0.039422411025234     0.001289173513233    -0.149976619085798
   28    16
     0.026092781604413    -0.028104820804649     0.011692419423028
    -0.014216834826037     0.025139450666613    -0.002815883345076
     0.036021345258857    -0.001398752967230     0.005191541158994
   28    17
     0.047692713523753     0.038923186272021    -0.101423769088297
    -0.081314256218394     0.026348264440443     0.057165193304332
     0.059295683938961    -0.015657760083639    -0.007081843824583
   28    18
    -0.085987547032342    -0.011869612280127     0.001736238092791
     0.044012502624111    -0.029432443249109     0.148930741865163
     0.038878822687197     0.006589469168312     0.187133887194458
   28    19
    -2.922636364368684     1.755106051369611    -2.247576664240119
     2.598318568808613    -4.132743351795649     2.847236231417004
    -2.363179294310595     2.266840407425615    -2.277556684351453
   28    20
     0.062629813946233     0.005336674825832    -0.184202697567027
    -0.023437212624884    -0.175963647715098    -0.052066717709717
    -0.079642917269864    -0.014520982813143     0.033954037561407
   28    21
    -0.122174090112954    -0.166717865631997     0.147659286532785
    -0.024226660517601    -0.057893314415172     0.141461278307664
     0.129339346757783     0.150005912457348    -0.136687431016873
   28    22
    -0.061104267894301     0.018491748308592     0.016834676712511
    -0.120914047925967     0.040629508591981    -0.078046314352118
    -0.019856707464238    -0.029597582145299     0.025121699340127
   28    23
     0.001679507504992    -0.000802131620604    -0.003259670190074
    -0.008619244963643     0.000823830959952     0.001191150835691
     0.011509937996460    -0.022037174343765    -0.022418106025042
   28    24
     0.145449916663576     0.051019860851561     0.030462627855189
    -0.027011659500869    -0.020910038768858    -0.007491649032759
     0.033116432750613     0.028317078055831     0.011278552033708
   28    25
    -0.131912865570759    -0.039446132248034    -0.035357604010736
     0.039446132248035    -0.069044981292983     0.075019529043858
    -0.035357604010736    -0.075019529043858    -0.018786011532152
   28    26
    -0.027477572895562     0.039127842125305     0.086165067662898
     0.001965753168851    -0.092137880792451    -0.097954349666405
    -0.017244621868904    -0.010921890319555     0.030897067632424
   28    27
    -0.134725548521080    -0.033581300216526    -0.239497033642252
    -0.006464727429846     0.174313555115634    -0.517696382124296
    -0.008487189089409     0.317007725656166    -0.185005573122890
   28    28
    17.202040189486077    -2.099885060717728     4.186398684326193
    -2.099885060717728    15.986337037458826     2.162723706866664
     4.186398684326193     2.162723706866664    19.188753940509173
   28    29
    -0.663840618721433    -0.210211930085825     0.154581184276603
    -0.656974799701350     0.159506219836045     0.777919956642841
     0.460010205801838     0.416363704593947     0.218808219859015
   28    30
     0.218808219859015    -0.154581184276603    -0.777919956642841
    -0.460010205801838    -0.663840618721433    -0.656974799701350
    -0.416363704593947    -0.210211930085825     0.159506219836045
   28    31
     0.026771442069048     0.002490124406970     0.033825252056035
     0.002490124406970    -0.016632105351093    -0.015268107418727
    -0.033825252056035     0.015268107418727     0.030524079853892
   28    32
     0.015122782243802    -0.017472652757293    -0.038258811574075
     0.006759465740775    -0.021759012530868     0.057944487585613
     0.005661800314113    -0.010783297390443     0.028033638722009
   28    33
    -0.056446706523386     0.556883496002395     0.876453997604450
     0.315254951576669    -0.454535774053348    -0.135474938078073
     0.051263024561638    -0.312998430206838    -0.088878472084571
   28    34
    -0.003755064781556    -0.074478146731664     0.012830014285740
     0.074478146731664     0.009361139925325     0.002223990775049
    -0.012830014285740     0.002223990775049     0.003219505051764
   28    35
     0.174313555115634    -0.317007725656165    -0.033581300216526
     0.517696382124296    -0.185005573122890     0.239497033642252
    -0.006464727429846     0.008487189089409    -0.134725548521080
   28    36
    -0.028277516904562     0.037233322598963    -0.020049036825872
    -0.005179737631735    -0.119370518528137    -0.053111795752376
     0.013923897427692    -0.011664654433322    -0.065370353590634
   28    37
    -0.559450131572798    -0.408014581786413     0.030973961812030
     0.408014581786413     0.589930455511757     0.056616014403307
     0.030973961812030    -0.056616014403307    -2.223444546108871
   28    38
    -0.454535774053348     0.312998430206838    -0.556883496002395
     0.135474938078073    -0.088878472084572     0.876453997604450
    -0.315254951576669     0.051263024561638    -0.056446706523386
   28    39
    -0.016976536327639    -0.004573481955215    -0.049835968908921
     0.027791414138127    -0.005164288085135    -0.056167432490448
     0.017178665747319    -0.011261294208829    -0.024006197881479
   28    40
    -0.045364056213697     0.098002926429133    -0.004030829060524
     0.098002926429133    -0.037387810699261    -0.066043456637911
    -0.004030829060523    -0.066043456637911    -0.016234063158849
   28    41
    -0.698008902271843     0.029912163640275    -1.002950141652038
    -0.267474575226287    -0.183303036770488    -0.156857707192937
    -1.314298899104063    -0.523847190971773    -1.747006437818943
   28    42
    -1.747006437818943     1.002950141652038     0.156857707192937
     1.314298899104063    -0.698008902271843    -0.267474575226287
     0.523847190971773     0.029912163640275    -0.183303036770488
   28    43
    -0.056930908940347     0.079179213583862    -0.021236269111485
     0.079179213583862     0.051461924123781     0.023094556780986
     0.021236269111485    -0.023094556780986    -0.086411936317880
   28    44
    -0.119370518528136    -0.011664654433322     0.037233322598963
    -0.053111795752376    -0.065370353590634    -0.020049036825872
    -0.005179737631735     0.013923897427692    -0.028277516904562
   28    45
     0.030897067632424    -0.086165067662898    -0.097954349666405
     0.017244621868904    -0.027477572895563    -0.001965753168851
    -0.010921890319555    -0.039127842125305    -0.092137880792451
   28    46
     0.024623605221194    -0.005042558916184     0.016820217851975
     0.005042558916184     0.064916398402808     0.004862029398961
    -0.016820217851975     0.004862029398961     0.027026729714143
   28    47
    -0.005164288085135     0.011261294208829    -0.004573481955215
     0.056167432490448    -0.024006197881479     0.049835968908921
     0.027791414138127    -0.017178665747319    -0.016976536327639
   28    48
     0.028033638722010    -0.038258811574075     0.057944487585613
     0.005661800314113     0.015122782243802     0.006759465740775
    -0.010783297390443    -0.017472652757293    -0.021759012530868
   29     1
     0.026348264440442     0.057165193304332     0.081314256218394
    -0.015657760083639    -0.007081843824583    -0.059295683938961
    -0.038923186272021     0.101423769088297     0.047692713523753
   29     2
    -0.029432443249109     0.148930741865162    -0.044012502624111
     0.006589469168312     0.187133887194458    -0.038878822687197
     0.011869612280128    -0.001736238092791    -0.085987547032342
   29     3
     0.025139450666613    -0.002815883345076     0.014216834826037
    -0.001398752967230     0.005191541158993    -0.036021345258857
     0.028104820804649    -0.011692419423027     0.026092781604413
   29     4
     0.000823830959952     0.001191150835691     0.008619244963643
    -0.022037174343765    -0.022418106025043    -0.011509937996460
     0.000802131620604     0.003259670190074     0.001679507504992
   29     5
    -0.020910038768858    -0.007491649032759     0.027011659500869
     0.028317078055831     0.011278552033708    -0.033116432750613
    -0.051019860851561    -0.030462627855189     0.145449916663576
   29     6
     0.040629508591981    -0.078046314352118     0.120914047925967
    -0.029597582145299     0.025121699340127     0.019856707464238
    -0.018491748308592    -0.016834676712511    -0.061104267894301
   29     7
    -1.693640720758013     0.090928658222514     1.040512736625926
    -0.377143724981914    -2.939562913402879    -2.403799536857463
     0.469539092079608    -3.448281735250709    -3.545227503896339
   29     8
    -5.409378904258046    -4.223128104955210     0.414620844740777
    -3.287381218693294    -4.531366329139579    -0.613590996028366
     0.613067000440724    -0.370537576195830    -2.172357900494966
   29     9
     0.102572946507398    -0.117246016204061    -0.202200973730698
    -0.241233581094260    -0.315036613943738    -0.086932621025333
    -0.210793149762874    -0.239190605972347     0.147451573915811
   29    10
    -0.039653436068900    -0.005529899119487     0.012388300884063
     0.003950310958664    -0.007156620366693     0.011403754128152
    -0.007130015474051     0.009641898145934    -0.023050491506836
   29    11
     0.089538449462222    -0.026649528757706    -0.011777213311205
    -0.038126372683667    -0.051666325860566    -0.017348835413629
     0.030855679788638     0.066425069646035    -0.043130158578016
   29    12
    -0.008218665289253    -0.049352525158611     0.112846843436105
    -0.050420698339940    -0.114759401551063     0.070744059451283
     0.104631452198563     0.027260487430890    -0.045658934472843
   29    13
    -0.016348080444468    -0.034759925686786     0.014574866559578
     0.003008267949428     0.000846767736167    -0.001517812071513
    -0.005937892366536    -0.017086090001701    -0.001566996504131
   29    14
    -0.102281412274072    -0.000947257921747     0.001389409582314
     0.010692633042843    -0.049097937254601    -0.110633367191578
     0.002716645327754     0.043226737579213     0.010988082143401
   29    15
     0.028329032579850    -0.120324125679523     0.040981710377424
    -0.042326093462307    -0.071563839278634     0.082097307004449
     0.014834371065426     0.020927300276584     0.054216716389241
   29    16
     0.072053702232693     0.063383667114782     0.026120491351401
    -0.101753917981002    -0.024900934710484     0.047631942851897
     0.106830318585792    -0.038896445114010    -0.028251085105768
   29    17
     0.088784850410173    -0.004464171349109     0.043603213014630
    -0.106809436838660     0.103216398946887     0.012075999071886
     0.024971667485689    -0.034595843767920    -0.035612022503746
   29    18
    -0.075261757310588    -0.030479417958395    -0.141665282296884
     0.069903832452843    -0.111995497920100    -0.053419354056562
    -0.184890237377753     0.091291319295762     0.029460731203204
   29    19
    -0.175963647715098    -0.052066717709717     0.023437212624884
    -0.014520982813143     0.033954037561407     0.079642917269864
    -0.005336674825832     0.184202697567027     0.062629813946233
   29    20
    -0.057893314415172     0.141461278307664     0.024226660517601
     0.150005912457348    -0.136687431016873    -0.129339346757783
     0.166717865631997    -0.147659286532785    -0.122174090112954
   29    21
    -4.132743351795649     2.847236231417004    -2.598318568808613
     2.266840407425615    -2.277556684351453     2.363179294310595
    -1.755106051369611     2.247576664240119    -2.922636364368684
   29    22
    -2.888172823225802    -0.888694071229506     0.608421511444958
     0.145093420677575    -4.275529983913517     4.120824463011706
    -0.555587314029763     4.355351000021043    -4.412337877199690
   29    23
    -0.099100845972295     0.049844575724273     0.085196471320890
     0.001289173513233    -0.149976619085798    -0.039422411025234
    -0.062043832346955     0.013084823160618     0.005109726694702
   29    24
    -0.024247008251799    -0.046058291441758    -0.146553334698531
     0.006922656410468     0.021614626482137    -0.042207763561893
    -0.010025028487359    -0.038742273738624    -0.003043376537683
   29    25
    -0.027477572895562    -0.001965753168851    -0.017244621868904
    -0.039127842125305    -0.092137880792451     0.010921890319555
     0.086165067662898     0.097954349666405     0.030897067632424
   29    26
     0.051461924123781     0.023094556780986    -0.079179213583862
    -0.023094556780986    -0.086411936317880    -0.021236269111485
    -0.079179213583862     0.021236269111485    -0.056930908940347
   29    27
    -0.065370353590634    -0.020049036825872     0.053111795752376
     0.013923897427692    -0.028277516904562     0.005179737631735
     0.011664654433322    -0.037233322598963    -0.119370518528136
   29    28
    -0.663840618721433    -0.656974799701350     0.460010205801838
    -0.210211930085825     0.159506219836045     0.416363704593947
     0.154581184276603     0.777919956642841     0.218808219859015
   29    29
    15.986337037458824     2.162723706866664     2.099885060717727
     2.162723706866664    19.188753940509176    -4.186398684326193
     2.099885060717727    -4.186398684326193    17.202040189486077
   29    30
     0.159506219836045     0.777919956642841     0.656974799701350
     0.416363704593947     0.218808219859015    -0.460010205801838
     0.210211930085825    -0.154581184276603    -0.663840618721433
   29    31
     0.015122782243802     0.006759465740775    -0.005661800314113
    -0.017472652757293    -0.021759012530868     0.010783297390443
     0.038258811574075    -0.057944487585613     0.028033638722009
   29    32
     0.064916398402808     0.004862029398961    -0.005042558916184
     0.004862029398961     0.027026729714143     0.016820217851975
     0.005042558916184    -0.016820217851975     0.024623605221194
   29    33
    -0.024006197881479     0.049835968908921    -0.056167432490448
    -0.017178665747319    -0.016976536327639    -0.027791414138127
    -0.011261294208829     0.004573481955215    -0.005164288085135
   29    34
     0.174313555115634    -0.517696382124296     0.006464727429846
     0.317007725656166    -0.185005573122890     0.008487189089409
     0.033581300216526     0.239497033642252    -0.134725548521080
   29    35
    -0.069044981292983     0.075019529043858    -0.039446132248035
    -0.075019529043858    -0.018786011532152     0.035357604010736
     0.039446132248035     0.035357604010736    -0.131912865570759
   29    36
    -0.092137880792451    -0.097954349666405    -0.001965753168851
    -0.010921890319555     0.030897067632424     0.017244621868904
    -0.039127842125305    -0.086165067662898    -0.027477572895563
   29    37
    -0.454535774053348    -0.135474938078073    -0.315254951576669
    -0.312998430206838    -0.088878472084571    -0.051263024561638
    -0.556883496002395    -0.876453997604450    -0.056446706523386
   29    38
    -0.016632105351093    -0.015268107418727    -0.002490124406970
     0.015268107418727     0.030524079853892     0.033825252056035
    -0.002490124406970    -0.033825252056035     0.026771442069048
   29    39
    -0.021759012530868     0.057944487585613    -0.006759465740775
    -0.010783297390443     0.028033638722010    -0.005661800314113
     0.017472652757293     0.038258811574075     0.015122782243802
   29    40
    -0.698008902271843    -0.267474575226287    -1.314298899104063
     0.029912163640275    -0.183303036770488    -0.523847190971773
    -1.002950141652038    -0.156857707192937    -1.747006437818943
   29    41
    -0.037387810699261    -0.066043456637911    -0.098002926429133
    -0.066043456637911    -0.016234063158849     0.004030829060523
    -0.098002926429133     0.004030829060523    -0.045364056213697
   29    42
    -0.183303036770488    -0.156857707192937     0.267474575226287
    -0.523847190971773    -1.747006437818943     1.314298899104063
    -0.029912163640275     1.002950141652038    -0.698008902271843
   29    43
    -0.119370518528137    -0.053111795752376     0.005179737631735
    -0.011664654433322    -0.065370353590634    -0.013923897427692
    -0.037233322598963     0.020049036825872    -0.028277516904562
   29    44
     0.009361139925325     0.002223990775049    -0.074478146731664
     0.002223990775049     0.003219505051764     0.012830014285740
     0.074478146731664    -0.012830014285740    -0.003755064781556
   29    45
    -0.185005573122890     0.239497033642252    -0.517696382124296
     0.008487189089409    -0.134725548521080     0.006464727429846
     0.317007725656166     0.033581300216526     0.174313555115634
   29    46
    -0.005164288085135    -0.056167432490448    -0.027791414138127
    -0.011261294208829    -0.024006197881479    -0.017178665747319
     0.004573481955215     0.049835968908921    -0.016976536327639
   29    47
     0.589930455511757     0.056616014403307    -0.408014581786413
    -0.056616014403307    -2.223444546108871    -0.030973961812030
     0.408014581786413    -0.030973961812030    -0.559450131572798
   29    48
    -0.088878472084571     0.876453997604450    -0.135474938078073
     0.051263024561638    -0.056446706523386     0.315254951576669
    -0.312998430206838     0.556883496002395    -0.454535774053348
   30     1
     0.103216398946887     0.012075999071886     0.106809436838660
    -0.034595843767920    -0.035612022503746    -0.024971667485689
     0.004464171349109    -0.043603213014630     0.088784850410173
   30     2
    -0.111995497920100    -0.053419354056562    -0.069903832452843
     0.091291319295762     0.029460731203204     0.184890237377753
     0.030479417958395     0.141665282296884    -0.075261757310588
   30     3
    -0.024900934710484     0.047631942851897     0.101753917981002
    -0.038896445114010    -0.028251085105768    -0.106830318585792
    -0.063383667114782    -0.026120491351401     0.072053702232693
   30     4
    -0.149976619085798    -0.039422411025234    -0.001289173513233
     0.013084823160618     0.005109726694701     0.062043832346955
    -0.049844575724273    -0.085196471320890    -0.099100845972295
   30     5
     0.021614626482137    -0.042207763561893    -0.006922656410468
    -0.038742273738624    -0.003043376537683     0.010025028487359
     0.046058291441758     0.146553334698531    -0.024247008251799
   30     6
    -4.275529983913517     4.120824463011706    -0.145093420677575
     4.355351000021043    -4.412337877199690     0.555587314029763
     0.888694071229506    -0.608421511444958    -2.888172823225802
   30     7
    -4.531366329139580    -0.613590996028366     3.287381218693294
    -0.370537576195830    -2.172357900494966    -0.613067000440724
     4.223128104955210    -0.414620844740777    -5.409378904258046
   30     8
    -0.315036613943738    -0.086932621025333     0.241233581094260
    -0.239190605972347     0.147451573915811     0.210793149762874
     0.117246016204061     0.202200973730698     0.102572946507398
   30     9
    -2.939562913402879    -2.403799536857463     0.377143724981914
    -3.448281735250709    -3.545227503896339    -0.469539092079608
    -0.090928658222514    -1.040512736625926    -1.693640720758013
   30    10
     0.187133887194458    -0.038878822687197    -0.006589469168312
    -0.001736238092791    -0.085987547032342    -0.011869612280127
    -0.148930741865162     0.044012502624111    -0.029432443249109
   30    11
     0.005191541158994    -0.036021345258857     0.001398752967230
    -0.011692419423027     0.026092781604413    -0.028104820804649
     0.002815883345076    -0.014216834826037     0.025139450666613
   30    12
    -0.007081843824583    -0.059295683938961     0.015657760083639
     0.101423769088297     0.047692713523753     0.038923186272021
    -0.057165193304332    -0.081314256218394     0.026348264440443
   30    13
     0.011278552033708    -0.033116432750613    -0.028317078055831
    -0.030462627855189     0.145449916663576     0.051019860851561
     0.007491649032759    -0.027011659500869    -0.020910038768858
   30    14
     0.025121699340127     0.019856707464238     0.029597582145299
    -0.016834676712511    -0.061104267894301     0.018491748308592
     0.078046314352118    -0.120914047925967     0.040629508591981
   30    15
    -0.022418106025043    -0.011509937996460     0.022037174343765
     0.003259670190074     0.001679507504992    -0.000802131620604
    -0.001191150835691    -0.008619244963643     0.000823830959952
   30    16
    -0.051666325860566    -0.017348835413629     0.038126372683667
     0.066425069646035    -0.043130158578016    -0.030855679788638
     0.026649528757706     0.011777213311205     0.089538449462222
   30    17
    -0.114759401551063     0.070744059451283     0.050420698339940
     0.027260487430890    -0.045658934472843    -0.104631452198563
     0.049352525158611    -0.112846843436105    -0.008218665289253
   30    18
    -0.007156620366693     0.011403754128152    -0.003950310958664
     0.009641898145934    -0.023050491506836     0.007130015474051
     0.005529899119487    -0.012388300884063    -0.039653436068900
   30    19
    -0.136687431016873    -0.129339346757783    -0.150005912457348
    -0.147659286532785    -0.122174090112954    -0.166717865631997
    -0.141461278307664    -0.024226660517601    -0.057893314415172
   30    20
    -2.277556684351453     2.363179294310595    -2.266840407425615
     2.247576664240119    -2.922636364368684     1.755106051369611
    -2.847236231417004     2.598318568808613    -4.132743351795649
   30    21
     0.033954037561407     0.079642917269864     0.014520982813143
     0.184202697567027     0.062629813946233     0.005336674825832
     0.052066717709717    -0.023437212624884    -0.175963647715098
   30    22
    -0.049097937254601    -0.110633367191578    -0.010692633042843
     0.043226737579213     0.010988082143401    -0.002716645327754
     0.000947257921747    -0.001389409582314    -0.102281412274072
   30    23
    -0.071563839278634     0.082097307004449     0.042326093462307
     0.020927300276584     0.054216716389241    -0.014834371065426
     0.120324125679523    -0.040981710377424     0.028329032579850
   30    24
     0.000846767736167    -0.001517812071513    -0.003008267949428
    -0.017086090001701    -0.001566996504131     0.005937892366536
     0.034759925686786    -0.014574866559578    -0.016348080444468
   30    25
    -0.134725548521080     0.006464727429846    -0.008487189089409
     0.033581300216526     0.174313555115634    -0.317007725656166
    -0.239497033642252     0.517696382124296    -0.185005573122890
   30    26
    -0.065370353590634    -0.013923897427692     0.011664654433322
     0.020049036825872    -0.028277516904562     0.037233322598963
     0.053111795752376    -0.005179737631735    -0.119370518528137
   30    27
     0.003219505051764     0.012830014285740    -0.002223990775049
    -0.012830014285740    -0.003755064781556    -0.074478146731664
    -0.002223990775049     0.074478146731664     0.009361139925325
   30    28
     0.218808219859015    -0.460010205801838    -0.416363704593947
    -0.154581184276603    -0.663840618721433    -0.210211930085825
    -0.777919956642841    -0.656974799701350     0.159506219836045
   30    29
     0.159506219836045     0.416363704593947     0.210211930085825
     0.777919956642841     0.218808219859015    -0.154581184276603
     0.656974799701350    -0.460010205801838    -0.663840618721433
   30    30
    19.188753940509169    -4.186398684326193    -2.162723706866665
    -4.186398684326193    17.202040189486073    -2.099885060717727
    -2.162723706866665    -2.099885060717727    15.986337037458821
   30    31
    -0.056446706523386     0.315254951576669    -0.051263024561638
     0.556883496002395    -0.454535774053348     0.312998430206838
    -0.876453997604450     0.135474938078073    -0.088878472084571
   30    32
    -0.024006197881479    -0.017178665747319     0.011261294208829
     0.049835968908921    -0.016976536327639    -0.004573481955215
     0.056167432490448     0.027791414138127    -0.005164288085135
   30    33
    -2.223444546108871    -0.030973961812030     0.056616014403307
    -0.030973961812030    -0.559450131572799    -0.408014581786413
    -0.056616014403307     0.408014581786413     0.589930455511757
   30    34
    -0.028277516904562     0.005179737631735    -0.013923897427692
    -0.037233322598963    -0.119370518528137    -0.011664654433322
     0.020049036825872    -0.053111795752376    -0.065370353590634
   30    35
    -0.092137880792451     0.010921890319555     0.039127842125305
     0.097954349666405     0.030897067632424    -0.086165067662898
     0.001965753168851     0.017244621868904    -0.027477572895563
   30    36
    -0.086411936317880    -0.021236269111485     0.023094556780986
     0.021236269111485    -0.056930908940347     0.079179213583862
    -0.023094556780986     0.079179213583862     0.051461924123781
   30    37
    -0.016976536327639    -0.027791414138127     0.017178665747319
     0.004573481955215    -0.005164288085135     0.011261294208829
    -0.049835968908921     0.056167432490448    -0.024006197881479
   30    38
    -0.021759012530868     0.010783297390443     0.017472652757293
    -0.057944487585613     0.028033638722009    -0.038258811574075
    -0.006759465740775     0.005661800314113     0.015122782243802
   30    39
     0.027026729714143     0.016820217851975    -0.004862029398961
    -0.016820217851975     0.024623605221194    -0.005042558916184
    -0.004862029398961     0.005042558916184     0.064916398402808
   30    40
    -1.747006437818943     1.314298899104063     0.523847190971773
     1.002950141652038    -0.698008902271843     0.029912163640275
     0.156857707192937    -0.267474575226287    -0.183303036770489
   30    41
    -0.183303036770488    -0.523847190971773    -0.029912163640275
    -0.156857707192937    -1.747006437818943     1.002950141652038
     0.267474575226287     1.314298899104063    -0.698008902271843
   30    42
    -0.016234063158850     0.004030829060523     0.066043456637911
     0.004030829060523    -0.045364056213698     0.098002926429133
     0.066043456637911     0.098002926429133    -0.037387810699261
   30    43
     0.030897067632424     0.017244621868904     0.010921890319555
    -0.086165067662898    -0.027477572895563     0.039127842125305
     0.097954349666405     0.001965753168851    -0.092137880792451
   30    44
    -0.185005573122891     0.008487189089409    -0.317007725656166
     0.239497033642252    -0.134725548521080    -0.033581300216526
     0.517696382124296    -0.006464727429846     0.174313555115634
   30    45
    -0.018786011532152     0.035357604010736     0.075019529043858
     0.035357604010736    -0.131912865570759    -0.039446132248035
    -0.075019529043858     0.039446132248035    -0.069044981292983
   30    46
     0.028033638722009    -0.005661800314113     0.010783297390443
     0.038258811574075     0.015122782243802    -0.017472652757293
    -0.057944487585613     0.006759465740775    -0.021759012530868
   30    47
    -0.088878472084571    -0.051263024561638     0.312998430206838
    -0.876453997604450    -0.056446706523386     0.556883496002395
     0.135474938078073     0.315254951576669    -0.454535774053348
   30    48
     0.030524079853892     0.033825252056035    -0.015268107418727
    -0.033825252056035     0.026771442069048     0.002490124406970
     0.015268107418727     0.002490124406970    -0.016632105351093
   31     1
     0.029460731203204     0.184890237377753     0.091291319295762
     0.141665282296884    -0.075261757310588     0.030479417958395
    -0.053419354056562    -0.069903832452843    -0.111995497920100
   31     2
    -0.028251085105768    -0.106830318585792    -0.038896445114010
    -0.026120491351401     0.072053702232693    -0.063383667114782
     0.047631942851897     0.101753917981002    -0.024900934710484
   31     3
    -0.035612022503746    -0.024971667485689    -0.034595843767920
    -0.043603213014630     0.088784850410173     0.004464171349108
     0.012075999071886     0.106809436838660     0.103216398946887
   31     4
     0.147451573915811     0.210793149762874    -0.239190605972347
     0.202200973730698     0.102572946507398     0.117246016204061
    -0.086932621025333     0.241233581094260    -0.315036613943738
   31     5
    -3.545227503896339    -0.469539092079608    -3.448281735250709
    -1.040512736625926    -1.693640720758013    -0.090928658222514
    -2.403799536857463     0.377143724981914    -2.939562913402879
   31     6
    -2.172357900494966    -0.613067000440723    -0.370537576195830
    -0.414620844740777    -5.409378904258046     4.223128104955210
    -0.613590996028366     3.287381218693294    -4.531366329139579
   31     7
     0.054216716389241    -0.014834371065426     0.020927300276584
    -0.040981710377424     0.028329032579850     0.120324125679523
     0.082097307004449     0.042326093462307    -0.071563839278634
   31     8
    -0.001566996504131     0.005937892366536    -0.017086090001701
    -0.014574866559578    -0.016348080444468     0.034759925686786
    -0.001517812071513    -0.003008267949428     0.000846767736167
   31     9
     0.010988082143400    -0.002716645327754     0.043226737579213
    -0.001389409582314    -0.102281412274072     0.000947257921747
    -0.110633367191578    -0.010692633042843    -0.049097937254601
   31    10
    -0.045658934472843    -0.104631452198563     0.027260487430890
    -0.112846843436105    -0.008218665289253     0.049352525158611
     0.070744059451283     0.050420698339940    -0.114759401551063
   31    11
    -0.023050491506836     0.007130015474051     0.009641898145934
    -0.012388300884063    -0.039653436068900     0.005529899119487
     0.011403754128152    -0.003950310958664    -0.007156620366693
   31    12
    -0.043130158578016    -0.030855679788638     0.066425069646035
     0.011777213311205     0.089538449462222     0.026649528757706
    -0.017348835413629     0.038126372683667    -0.051666325860566
   31    13
    -0.061104267894301     0.018491748308592    -0.016834676712511
    -0.120914047925967     0.040629508591981     0.078046314352118
     0.019856707464238     0.029597582145299     0.025121699340127
   31    14
     0.001679507504992    -0.000802131620604     0.003259670190074
    -0.008619244963643     0.000823830959952    -0.001191150835691
    -0.011509937996460     0.022037174343765    -0.022418106025043
   31    15
     0.145449916663576     0.051019860851561    -0.030462627855189
    -0.027011659500869    -0.020910038768858     0.007491649032759
    -0.033116432750613    -0.028317078055831     0.011278552033708
   31    16
    -2.922636364368684     1.755106051369611     2.247576664240119
     2.598318568808613    -4.132743351795649    -2.847236231417004
     2.363179294310595    -2.266840407425615    -2.277556684351453
   31    17
     0.062629813946233     0.005336674825832     0.184202697567027
    -0.023437212624884    -0.175963647715098     0.052066717709717
     0.079642917269864     0.014520982813143     0.033954037561406
   31    18
    -0.122174090112954    -0.166717865631997    -0.147659286532785
    -0.024226660517601    -0.057893314415172    -0.141461278307664
    -0.129339346757783    -0.150005912457348    -0.136687431016873
   31    19
     0.026092781604413    -0.028104820804649    -0.011692419423027
    -0.014216834826037     0.025139450666613     0.002815883345076
    -0.036021345258857     0.001398752967230     0.005191541158994
   31    20
     0.047692713523753     0.038923186272021     0.101423769088297
    -0.081314256218394     0.026348264440443    -0.057165193304332
    -0.059295683938961     0.015657760083639    -0.007081843824583
   31    21
    -0.085987547032342    -0.011869612280127    -0.001736238092791
     0.044012502624111    -0.029432443249109    -0.148930741865162
    -0.038878822687197    -0.006589469168312     0.187133887194458
   31    22
    -0.003043376537683     0.010025028487359    -0.038742273738624
     0.146553334698531    -0.024247008251799     0.046058291441758
    -0.042207763561893    -0.006922656410468     0.021614626482137
   31    23
    -4.412337877199690     0.555587314029763     4.355351000021043
    -0.608421511444958    -2.888172823225802     0.888694071229506
     4.120824463011706    -0.145093420677575    -4.275529983913517
   31    24
     0.005109726694702     0.062043832346955     0.013084823160618
    -0.085196471320890    -0.099100845972295    -0.049844575724273
    -0.039422411025234    -0.001289173513233    -0.149976619085798
   31    25
    -0.003755064781556    -0.074478146731664    -0.012830014285740
     0.074478146731664     0.009361139925325    -0.002223990775049
     0.012830014285740    -0.002223990775049     0.003219505051764
   31    26
     0.174313555115634    -0.317007725656166     0.033581300216526
     0.517696382124296    -0.185005573122891    -0.239497033642252
     0.006464727429846    -0.008487189089409    -0.134725548521080
   31    27
    -0.028277516904562     0.037233322598963     0.020049036825872
    -0.005179737631735    -0.119370518528137     0.053111795752376
    -0.013923897427692     0.011664654433322    -0.065370353590634
   31    28
     0.026771442069048     0.002490124406970    -0.033825252056035
     0.002490124406970    -0.016632105351093     0.015268107418727
     0.033825252056035    -0.015268107418727     0.030524079853892
   31    29
     0.015122782243802    -0.017472652757293     0.038258811574075
     0.006759465740775    -0.021759012530868    -0.057944487585613
    -0.005661800314113     0.010783297390443     0.028033638722009
   31    30
    -0.056446706523386     0.556883496002395    -0.876453997604450
     0.315254951576669    -0.454535774053348     0.135474938078073
    -0.051263024561638     0.312998430206838    -0.088878472084571
   31    31
    17.202040189486077    -2.099885060717727    -4.186398684326193
    -2.099885060717727    15.986337037458826    -2.162723706866664
    -4.186398684326193    -2.162723706866664    19.188753940509180
   31    32
    -0.663840618721433    -0.210211930085825    -0.154581184276603
    -0.656974799701350     0.159506219836045    -0.777919956642841
    -0.460010205801838    -0.416363704593947     0.218808219859015
   31    33
     0.218808219859015    -0.154581184276603     0.777919956642841
    -0.460010205801838    -0.663840618721433     0.656974799701350
     0.416363704593947     0.210211930085825     0.159506219836045
   31    34
    -0.131912865570759    -0.039446132248035     0.035357604010736
     0.039446132248035    -0.069044981292983    -0.075019529043858
     0.035357604010736     0.075019529043858    -0.018786011532152
   31    35
    -0.027477572895563     0.039127842125305    -0.086165067662898
     0.001965753168851    -0.092137880792451     0.097954349666405
     0.017244621868904     0.010921890319555     0.030897067632424
   31    36
    -0.134725548521080    -0.033581300216526     0.239497033642252
    -0.006464727429846     0.174313555115633     0.517696382124296
     0.008487189089409    -0.317007725656166    -0.185005573122891
   31    37
     0.024623605221194    -0.005042558916184    -0.016820217851975
     0.005042558916184     0.064916398402808    -0.004862029398961
     0.016820217851975    -0.004862029398961     0.027026729714143
   31    38
    -0.005164288085135     0.011261294208829     0.004573481955215
     0.056167432490448    -0.024006197881479    -0.049835968908921
    -0.027791414138127     0.017178665747319    -0.016976536327639
   31    39
     0.028033638722009    -0.038258811574075    -0.057944487585613
     0.005661800314113     0.015122782243802    -0.006759465740775
     0.010783297390443     0.017472652757293    -0.021759012530868
   31    40
    -0.056930908940347     0.079179213583862     0.021236269111485
     0.079179213583862     0.051461924123781    -0.023094556780986
    -0.021236269111485     0.023094556780986    -0.086411936317880
   31    41
    -0.119370518528136    -0.011664654433322    -0.037233322598963
    -0.053111795752376    -0.065370353590634     0.020049036825872
     0.005179737631735    -0.013923897427692    -0.028277516904562
   31    42
     0.030897067632424    -0.086165067662898     0.097954349666405
     0.017244621868904    -0.027477572895563     0.001965753168851
     0.010921890319555     0.039127842125305    -0.092137880792451
   31    43
    -0.045364056213698     0.098002926429133     0.004030829060523
     0.098002926429133    -0.037387810699261     0.066043456637911
     0.004030829060523     0.066043456637911    -0.016234063158849
   31    44
    -0.698008902271843     0.029912163640275     1.002950141652038
    -0.267474575226287    -0.183303036770489     0.156857707192937
     1.314298899104063     0.523847190971773    -1.747006437818943
   31    45
    -1.747006437818943     1.002950141652038    -0.156857707192937
     1.314298899104063    -0.698008902271843     0.267474575226287
    -0.523847190971773    -0.029912163640275    -0.183303036770488
   31    46
    -0.559450131572799    -0.408014581786413    -0.030973961812030
     0.408014581786413     0.589930455511757    -0.056616014403307
    -0.030973961812030     0.056616014403307    -2.223444546108871
   31    47
    -0.454535774053348     0.312998430206838     0.556883496002395
     0.135474938078073    -0.088878472084572    -0.876453997604450
     0.315254951576669    -0.051263024561638    -0.056446706523386
   31    48
    -0.016976536327639    -0.004573481955215     0.049835968908921
     0.027791414138127    -0.005164288085135     0.056167432490448
    -0.017178665747319     0.011261294208829    -0.024006197881479
   32     1
    -0.039653436068900    -0.005529899119487    -0.012388300884063
     0.003950310958664    -0.007156620366693    -0.011403754128152
     0.007130015474051    -0.009641898145934    -0.023050491506836
   32     2
     0.089538449462222    -0.026649528757706     0.011777213311205
    -0.038126372683667    -0.051666325860565     0.017348835413629
    -0.030855679788638    -0.066425069646035    -0.043130158578016
   32     3
    -0.008218665289253    -0.049352525158611    -0.112846843436105
    -0.050420698339940    -0.114759401551063    -0.070744059451283
    -0.104631452198563    -0.027260487430890    -0.045658934472843
   32     4
    -1.693640720758013     0.090928658222514    -1.040512736625926
    -0.377143724981914    -2.939562913402879     2.403799536857463
    -0.469539092079608     3.448281735250709    -3.545227503896339
   32     5
    -5.409378904258046    -4.223128104955210    -0.414620844740777
    -3.287381218693294    -4.531366329139579     0.613590996028366
    -0.613067000440723     0.370537576195830    -2.172357900494966
   32     6
     0.102572946507398    -0.117246016204061     0.202200973730698
    -0.241233581094260    -0.315036613943738     0.086932621025333
     0.210793149762874     0.239190605972347     0.147451573915811
   32     7
     0.000823830959952     0.001191150835691    -0.008619244963643
    -0.022037174343765    -0.022418106025043     0.011509937996460
    -0.000802131620604    -0.003259670190074     0.001679507504992
   32     8
    -0.020910038768858    -0.007491649032759    -0.027011659500869
     0.028317078055831     0.011278552033708     0.033116432750613
     0.051019860851562     0.030462627855189     0.145449916663576
   32     9
     0.040629508591981    -0.078046314352118    -0.120914047925967
    -0.029597582145299     0.025121699340127    -0.019856707464238
     0.018491748308592     0.016834676712511    -0.061104267894301
   32    10
     0.026348264440443     0.057165193304332    -0.081314256218394
    -0.015657760083639    -0.007081843824583     0.059295683938961
     0.038923186272021    -0.101423769088297     0.047692713523753
   32    11
    -0.029432443249109     0.148930741865162     0.044012502624111
     0.006589469168312     0.187133887194458     0.038878822687197
    -0.011869612280127     0.001736238092791    -0.085987547032342
   32    12
     0.025139450666613    -0.002815883345076    -0.014216834826037
    -0.001398752967230     0.005191541158993     0.036021345258857
    -0.028104820804649     0.011692419423027     0.026092781604413
   32    13
    -2.888172823225802    -0.888694071229506    -0.608421511444958
     0.145093420677575    -4.275529983913517    -4.120824463011706
     0.555587314029763    -4.355351000021043    -4.412337877199690
   32    14
    -0.099100845972295     0.049844575724273    -0.085196471320890
     0.001289173513233    -0.149976619085798     0.039422411025234
     0.062043832346955    -0.013084823160618     0.005109726694701
   32    15
    -0.024247008251799    -0.046058291441758     0.146553334698531
     0.006922656410468     0.021614626482137     0.042207763561893
     0.010025028487359     0.038742273738624    -0.003043376537683
   32    16
    -0.175963647715098    -0.052066717709717    -0.023437212624884
    -0.014520982813143     0.033954037561407    -0.079642917269864
     0.005336674825832    -0.184202697567027     0.062629813946233
   32    17
    -0.057893314415172     0.141461278307664    -0.024226660517601
     0.150005912457348    -0.136687431016873     0.129339346757783
    -0.166717865631997     0.147659286532785    -0.122174090112954
   32    18
    -4.132743351795649     2.847236231417004     2.598318568808613
     2.266840407425615    -2.277556684351453    -2.363179294310595
     1.755106051369611    -2.247576664240119    -2.922636364368684
   32    19
     0.072053702232693     0.063383667114782    -0.026120491351401
    -0.101753917981002    -0.024900934710484    -0.047631942851897
    -0.106830318585792     0.038896445114010    -0.028251085105768
   32    20
     0.088784850410173    -0.004464171349109    -0.043603213014630
    -0.106809436838660     0.103216398946887    -0.012075999071886
    -0.024971667485689     0.034595843767920    -0.035612022503746
   32    21
    -0.075261757310588    -0.030479417958395     0.141665282296884
     0.069903832452843    -0.111995497920100     0.053419354056562
     0.184890237377753    -0.091291319295762     0.029460731203204
   32    22
    -0.016348080444468    -0.034759925686786    -0.014574866559578
     0.003008267949428     0.000846767736167     0.001517812071513
     0.005937892366536     0.017086090001701    -0.001566996504131
   32    23
    -0.102281412274072    -0.000947257921747    -0.001389409582314
     0.010692633042843    -0.049097937254601     0.110633367191578
    -0.002716645327754    -0.043226737579213     0.010988082143401
   32    24
     0.028329032579850    -0.120324125679523    -0.040981710377424
    -0.042326093462307    -0.071563839278634    -0.082097307004449
    -0.014834371065426    -0.020927300276584     0.054216716389241
   32    25
     0.174313555115634    -0.517696382124296    -0.006464727429846
     0.317007725656166    -0.185005573122890    -0.008487189089409
    -0.033581300216526    -0.239497033642252    -0.134725548521080
   32    26
    -0.069044981292983     0.075019529043858     0.039446132248035
    -0.075019529043858    -0.018786011532152    -0.035357604010736
    -0.039446132248035    -0.035357604010736    -0.131912865570759
   32    27
    -0.092137880792451    -0.097954349666405     0.001965753168851
    -0.010921890319555     0.030897067632424    -0.017244621868904
     0.039127842125305     0.086165067662898    -0.027477572895563
   32    28
     0.015122782243802     0.006759465740775     0.005661800314113
    -0.017472652757293    -0.021759012530868    -0.010783297390443
    -0.038258811574075     0.057944487585613     0.028033638722009
   32    29
     0.064916398402808     0.004862029398961     0.005042558916184
     0.004862029398961     0.027026729714143    -0.016820217851975
    -0.005042558916184     0.016820217851975     0.024623605221194
   32    30
    -0.024006197881479     0.049835968908921     0.056167432490448
    -0.017178665747319    -0.016976536327639     0.027791414138127
     0.011261294208829    -0.004573481955215    -0.005164288085135
   32    31
    -0.663840618721433    -0.656974799701350    -0.460010205801838
    -0.210211930085825     0.159506219836045    -0.416363704593947
    -0.154581184276603    -0.777919956642841     0.218808219859015
   32    32
    15.986337037458824     2.162723706866666    -2.099885060717727
     2.162723706866666    19.188753940509173     4.186398684326192
    -2.099885060717727     4.186398684326192    17.202040189486073
   32    33
     0.159506219836045     0.777919956642841    -0.656974799701350
     0.416363704593947     0.218808219859015     0.460010205801838
    -0.210211930085825     0.154581184276603    -0.663840618721433
   32    34
    -0.027477572895562    -0.001965753168851     0.017244621868904
    -0.039127842125305    -0.092137880792451    -0.010921890319555
    -0.086165067662898    -0.097954349666405     0.030897067632424
   32    35
     0.051461924123781     0.023094556780986     0.079179213583862
    -0.023094556780986    -0.086411936317880     0.021236269111485
     0.079179213583862    -0.021236269111485    -0.056930908940347
   32    36
    -0.065370353590634    -0.020049036825872    -0.053111795752376
     0.013923897427692    -0.028277516904562    -0.005179737631735
    -0.011664654433322     0.037233322598963    -0.119370518528137
   32    37
    -0.005164288085135    -0.056167432490448     0.027791414138127
    -0.011261294208829    -0.024006197881479     0.017178665747319
    -0.004573481955215    -0.049835968908921    -0.016976536327639
   32    38
     0.589930455511757     0.056616014403307     0.408014581786413
    -0.056616014403307    -2.223444546108871     0.030973961812030
    -0.408014581786413     0.030973961812030    -0.559450131572798
   32    39
    -0.088878472084571     0.876453997604450     0.135474938078073
     0.051263024561638    -0.056446706523386    -0.315254951576669
     0.312998430206838    -0.556883496002395    -0.454535774053348
   32    40
    -0.119370518528136    -0.053111795752376    -0.005179737631735
    -0.011664654433322    -0.065370353590634     0.013923897427692
     0.037233322598963    -0.020049036825872    -0.028277516904562
   32    41
     0.009361139925325     0.002223990775049     0.074478146731664
     0.002223990775049     0.003219505051764    -0.012830014285740
    -0.074478146731664     0.012830014285740    -0.003755064781556
   32    42
    -0.185005573122890     0.239497033642252     0.517696382124296
     0.008487189089409    -0.134725548521080    -0.006464727429846
    -0.317007725656166    -0.033581300216526     0.174313555115634
   32    43
    -0.698008902271843    -0.267474575226287     1.314298899104063
     0.029912163640275    -0.183303036770488     0.523847190971773
     1.002950141652038     0.156857707192937    -1.747006437818943
   32    44
    -0.037387810699261    -0.066043456637911     0.098002926429133
    -0.066043456637911    -0.016234063158850    -0.004030829060523
     0.098002926429133    -0.004030829060523    -0.045364056213697
   32    45
    -0.183303036770488    -0.156857707192937    -0.267474575226287
    -0.523847190971773    -1.747006437818943    -1.314298899104063
     0.029912163640275    -1.002950141652038    -0.698008902271843
   32    46
    -0.454535774053348    -0.135474938078073     0.315254951576669
    -0.312998430206838    -0.088878472084571     0.051263024561638
     0.556883496002396     0.876453997604450    -0.056446706523386
   32    47
    -0.016632105351093    -0.015268107418727     0.002490124406970
     0.015268107418727     0.030524079853892    -0.033825252056035
     0.002490124406970     0.033825252056035     0.026771442069048
   32    48
    -0.021759012530868     0.057944487585613     0.006759465740775
    -0.010783297390443     0.028033638722009     0.005661800314113
    -0.017472652757293    -0.038258811574075     0.015122782243802
   33     1
     0.187133887194458    -0.038878822687197     0.006589469168312
    -0.001736238092791    -0.085987547032342     0.011869612280127
     0.148930741865162    -0.044012502624111    -0.029432443249109
   33     2
     0.005191541158993    -0.036021345258857    -0.001398752967230
    -0.011692419423027     0.026092781604413     0.028104820804649
    -0.002815883345076     0.014216834826037     0.025139450666613
   33     3
    -0.007081843824583    -0.059295683938961    -0.015657760083639
     0.101423769088297     0.047692713523753    -0.038923186272021
     0.057165193304332     0.081314256218394     0.026348264440443
   33     4
    -4.531366329139579    -0.613590996028366    -3.287381218693294
    -0.370537576195830    -2.172357900494966     0.613067000440724
    -4.223128104955210     0.414620844740777    -5.409378904258046
   33     5
    -0.315036613943738    -0.086932621025333    -0.241233581094260
    -0.239190605972347     0.147451573915811    -0.210793149762874
    -0.117246016204061    -0.202200973730698     0.102572946507398
   33     6
    -2.939562913402879    -2.403799536857463    -0.377143724981914
    -3.448281735250709    -3.545227503896339     0.469539092079608
     0.090928658222514     1.040512736625926    -1.693640720758013
   33     7
    -0.149976619085798    -0.039422411025234     0.001289173513233
     0.013084823160618     0.005109726694701    -0.062043832346955
     0.049844575724273     0.085196471320890    -0.099100845972295
   33     8
     0.021614626482137    -0.042207763561893     0.006922656410468
    -0.038742273738624    -0.003043376537683    -0.010025028487359
    -0.046058291441758    -0.146553334698531    -0.024247008251799
   33     9
    -4.275529983913517     4.120824463011706     0.145093420677575
     4.355351000021043    -4.412337877199690    -0.555587314029763
    -0.888694071229506     0.608421511444958    -2.888172823225802
   33    10
     0.103216398946887     0.012075999071886    -0.106809436838660
    -0.034595843767920    -0.035612022503746     0.024971667485689
    -0.004464171349109     0.043603213014630     0.088784850410173
   33    11
    -0.111995497920100    -0.053419354056562     0.069903832452843
     0.091291319295762     0.029460731203204    -0.184890237377753
    -0.030479417958395    -0.141665282296884    -0.075261757310588
   33    12
    -0.024900934710484     0.047631942851897    -0.101753917981002
    -0.038896445114010    -0.028251085105768     0.106830318585792
     0.063383667114782     0.026120491351401     0.072053702232693
   33    13
    -0.049097937254601    -0.110633367191578     0.010692633042843
     0.043226737579213     0.010988082143400     0.002716645327754
    -0.000947257921747     0.001389409582314    -0.102281412274072
   33    14
    -0.071563839278634     0.082097307004449    -0.042326093462307
     0.020927300276584     0.054216716389241     0.014834371065426
    -0.120324125679523     0.040981710377424     0.028329032579850
   33    15
     0.000846767736167    -0.001517812071513     0.003008267949428
    -0.017086090001701    -0.001566996504131    -0.005937892366536
    -0.034759925686786     0.014574866559578    -0.016348080444468
   33    16
    -0.136687431016873    -0.129339346757783     0.150005912457348
    -0.147659286532785    -0.122174090112954     0.166717865631997
     0.141461278307664     0.024226660517601    -0.057893314415172
   33    17
    -2.277556684351453     2.363179294310595     2.266840407425615
     2.247576664240119    -2.922636364368683    -1.755106051369611
     2.847236231417004    -2.598318568808613    -4.132743351795649
   33    18
     0.033954037561407     0.079642917269864    -0.014520982813143
     0.184202697567027     0.062629813946233    -0.005336674825832
    -0.052066717709717     0.023437212624884    -0.175963647715098
   33    19
    -0.051666325860566    -0.017348835413629    -0.038126372683667
     0.066425069646035    -0.043130158578016     0.030855679788638
    -0.026649528757706    -0.011777213311205     0.089538449462222
   33    20
    -0.114759401551063     0.070744059451283    -0.050420698339940
     0.027260487430890    -0.045658934472844     0.104631452198563
    -0.049352525158611     0.112846843436105    -0.008218665289253
   33    21
    -0.007156620366693     0.011403754128152     0.003950310958664
     0.009641898145934    -0.023050491506836    -0.007130015474051
    -0.005529899119487     0.012388300884063    -0.039653436068900
   33    22
     0.011278552033708    -0.033116432750613     0.028317078055831
    -0.030462627855189     0.145449916663576    -0.051019860851561
    -0.007491649032759     0.027011659500869    -0.020910038768858
   33    23
     0.025121699340127     0.019856707464238    -0.029597582145299
    -0.016834676712511    -0.061104267894301    -0.018491748308592
    -0.078046314352118     0.120914047925967     0.040629508591981
   33    24
    -0.022418106025042    -0.011509937996460    -0.022037174343765
     0.003259670190074     0.001679507504992     0.000802131620604
     0.001191150835691     0.008619244963643     0.000823830959952
   33    25
    -0.028277516904562     0.005179737631735     0.013923897427692
    -0.037233322598963    -0.119370518528137     0.011664654433322
    -0.020049036825872     0.053111795752376    -0.065370353590634
   33    26
    -0.092137880792451     0.010921890319555    -0.039127842125305
     0.097954349666405     0.030897067632424     0.086165067662898
    -0.001965753168851    -0.017244621868904    -0.027477572895563
   33    27
    -0.086411936317880    -0.021236269111485    -0.023094556780986
     0.021236269111485    -0.056930908940347    -0.079179213583862
     0.023094556780986    -0.079179213583862     0.051461924123781
   33    28
    -0.056446706523386     0.315254951576669     0.051263024561638
     0.556883496002395    -0.454535774053348    -0.312998430206838
     0.876453997604450    -0.135474938078073    -0.088878472084571
   33    29
    -0.024006197881479    -0.017178665747319    -0.011261294208829
     0.049835968908921    -0.016976536327639     0.004573481955215
    -0.056167432490448    -0.027791414138127    -0.005164288085135
   33    30
    -2.223444546108871    -0.030973961812030    -0.056616014403307
    -0.030973961812030    -0.559450131572799     0.408014581786413
     0.056616014403307    -0.408014581786413     0.589930455511757
   33    31
     0.218808219859015    -0.460010205801838     0.416363704593947
    -0.154581184276603    -0.663840618721433     0.210211930085825
     0.777919956642841     0.656974799701350     0.159506219836045
   33    32
     0.159506219836045     0.416363704593947    -0.210211930085825
     0.777919956642841     0.218808219859015     0.154581184276603
    -0.656974799701350     0.460010205801838    -0.663840618721433
   33    33
    19.188753940509169    -4.186398684326192     2.162723706866664
    -4.186398684326192    17.202040189486077     2.099885060717727
     2.162723706866664     2.099885060717727    15.986337037458828
   33    34
    -0.134725548521080     0.006464727429846     0.008487189089409
     0.033581300216526     0.174313555115634     0.317007725656166
     0.239497033642252    -0.517696382124296    -0.185005573122890
   33    35
    -0.065370353590634    -0.013923897427692    -0.011664654433322
     0.020049036825872    -0.028277516904562    -0.037233322598963
    -0.053111795752376     0.005179737631735    -0.119370518528137
   33    36
     0.003219505051764     0.012830014285740     0.002223990775049
    -0.012830014285740    -0.003755064781557     0.074478146731664
     0.002223990775049    -0.074478146731664     0.009361139925325
   33    37
     0.028033638722010    -0.005661800314113    -0.010783297390443
     0.038258811574075     0.015122782243802     0.017472652757293
     0.057944487585613    -0.006759465740775    -0.021759012530868
   33    38
    -0.088878472084571    -0.051263024561638    -0.312998430206838
    -0.876453997604450    -0.056446706523386    -0.556883496002396
    -0.135474938078073    -0.315254951576669    -0.454535774053348
   33    39
     0.030524079853892     0.033825252056035     0.015268107418727
    -0.033825252056035     0.026771442069048    -0.002490124406970
    -0.015268107418727    -0.002490124406970    -0.016632105351093
   33    40
     0.030897067632425     0.017244621868904    -0.010921890319555
    -0.086165067662898    -0.027477572895563    -0.039127842125305
    -0.097954349666405    -0.001965753168851    -0.092137880792451
   33    41
    -0.185005573122890     0.008487189089409     0.317007725656166
     0.239497033642252    -0.134725548521080     0.033581300216526
    -0.517696382124296     0.006464727429846     0.174313555115634
   33    42
    -0.018786011532152     0.035357604010736    -0.075019529043858
     0.035357604010736    -0.131912865570759     0.039446132248035
     0.075019529043858    -0.039446132248035    -0.069044981292983
   33    43
    -1.747006437818943     1.314298899104063    -0.523847190971773
     1.002950141652038    -0.698008902271843    -0.029912163640275
    -0.156857707192937     0.267474575226287    -0.183303036770488
   33    44
    -0.183303036770488    -0.523847190971773     0.029912163640275
    -0.156857707192937    -1.747006437818943    -1.002950141652038
    -0.267474575226287    -1.314298899104063    -0.698008902271843
   33    45
    -0.016234063158849     0.004030829060523    -0.066043456637911
     0.004030829060523    -0.045364056213698    -0.098002926429133
    -0.066043456637911    -0.098002926429133    -0.037387810699261
   33    46
    -0.016976536327639    -0.027791414138127    -0.017178665747319
     0.004573481955215    -0.005164288085135    -0.011261294208829
     0.049835968908921    -0.056167432490448    -0.024006197881479
   33    47
    -0.021759012530868     0.010783297390443    -0.017472652757293
    -0.057944487585613     0.028033638722009     0.038258811574075
     0.006759465740775    -0.005661800314113     0.015122782243802
   33    48
     0.027026729714143     0.016820217851975     0.004862029398961
    -0.016820217851975     0.024623605221194     0.005042558916184
     0.004862029398961    -0.005042558916184     0.064916398402808
   34     1
     0.054216716389241     0.014834371065426     0.020927300276584
     0.040981710377424     0.028329032579850    -0.120324125679523
     0.082097307004449    -0.042326093462307    -0.071563839278634
   34     2
    -0.001566996504131    -0.005937892366536    -0.017086090001701
     0.014574866559578    -0.016348080444468    -0.034759925686786
    -0.001517812071513     0.003008267949428     0.000846767736167
   34     3
     0.010988082143400     0.002716645327754     0.043226737579213
     0.001389409582314    -0.102281412274072    -0.000947257921747
    -0.110633367191578     0.010692633042843    -0.049097937254601
   34     4
    -0.045658934472844     0.104631452198563     0.027260487430890
     0.112846843436105    -0.008218665289253    -0.049352525158611
     0.070744059451283    -0.050420698339940    -0.114759401551063
   34     5
    -0.023050491506836    -0.007130015474051     0.009641898145934
     0.012388300884063    -0.039653436068900    -0.005529899119487
     0.011403754128152     0.003950310958664    -0.007156620366693
   34     6
    -0.043130158578016     0.030855679788638     0.066425069646035
    -0.011777213311205     0.089538449462222    -0.026649528757706
    -0.017348835413629    -0.038126372683667    -0.051666325860565
   34     7
     0.029460731203205    -0.184890237377753     0.091291319295762
    -0.141665282296884    -0.075261757310588    -0.030479417958395
    -0.053419354056562     0.069903832452843    -0.111995497920100
   34     8
    -0.028251085105768     0.106830318585792    -0.038896445114010
     0.026120491351401     0.072053702232693     0.063383667114782
     0.047631942851897    -0.101753917981002    -0.024900934710484
   34     9
    -0.035612022503746     0.024971667485689    -0.034595843767920
     0.043603213014630     0.088784850410173    -0.004464171349109
     0.012075999071886    -0.106809436838660     0.103216398946887
   34    10
     0.147451573915811    -0.210793149762874    -0.239190605972347
    -0.202200973730698     0.102572946507398    -0.117246016204061
    -0.086932621025333    -0.241233581094260    -0.315036613943738
   34    11
    -3.545227503896338     0.469539092079608    -3.448281735250709
     1.040512736625926    -1.693640720758013     0.090928658222514
    -2.403799536857463    -0.377143724981914    -2.939562913402879
   34    12
    -2.172357900494966     0.613067000440723    -0.370537576195830
     0.414620844740777    -5.409378904258046    -4.223128104955210
    -0.613590996028366    -3.287381218693294    -4.531366329139579
   34    13
     0.026092781604413     0.028104820804649    -0.011692419423027
     0.014216834826037     0.025139450666613    -0.002815883345076
    -0.036021345258857    -0.001398752967230     0.005191541158994
   34    14
     0.047692713523753    -0.038923186272021     0.101423769088297
     0.081314256218394     0.026348264440443     0.057165193304332
    -0.059295683938961    -0.015657760083639    -0.007081843824583
   34    15
    -0.085987547032342     0.011869612280127    -0.001736238092791
    -0.044012502624111    -0.029432443249109     0.148930741865162
    -0.038878822687197     0.006589469168312     0.187133887194458
   34    16
    -0.003043376537683    -0.010025028487359    -0.038742273738624
    -0.146553334698531    -0.024247008251799    -0.046058291441758
    -0.042207763561893     0.006922656410468     0.021614626482137
   34    17
    -4.412337877199690    -0.555587314029763     4.355351000021043
     0.608421511444958    -2.888172823225801    -0.888694071229506
     4.120824463011706     0.145093420677575    -4.275529983913517
   34    18
     0.005109726694701    -0.062043832346955     0.013084823160618
     0.085196471320890    -0.099100845972295     0.049844575724273
    -0.039422411025234     0.001289173513233    -0.149976619085798
   34    19
    -0.061104267894301    -0.018491748308592    -0.016834676712511
     0.120914047925967     0.040629508591981    -0.078046314352118
     0.019856707464238    -0.029597582145299     0.025121699340127
   34    20
     0.001679507504992     0.000802131620604     0.003259670190074
     0.008619244963643     0.000823830959952     0.001191150835691
    -0.011509937996460    -0.022037174343765    -0.022418106025042
   34    21
     0.145449916663576    -0.051019860851561    -0.030462627855189
     0.027011659500869    -0.020910038768858    -0.007491649032759
    -0.033116432750613     0.028317078055831     0.011278552033708
   34    22
    -2.922636364368684    -1.755106051369611     2.247576664240119
    -2.598318568808613    -4.132743351795649     2.847236231417004
     2.363179294310595     2.266840407425615    -2.277556684351453
   34    23
     0.062629813946233    -0.005336674825832     0.184202697567027
     0.023437212624884    -0.175963647715098    -0.052066717709717
     0.079642917269864    -0.014520982813143     0.033954037561407
   34    24
    -0.122174090112954     0.166717865631997    -0.147659286532785
     0.024226660517601    -0.057893314415172     0.141461278307664
    -0.129339346757783     0.150005912457348    -0.136687431016873
   34    25
     0.026771442069048    -0.002490124406970    -0.033825252056035
    -0.002490124406970    -0.016632105351093    -0.015268107418727
     0.033825252056035     0.015268107418727     0.030524079853892
   34    26
     0.015122782243802     0.017472652757293     0.038258811574075
    -0.006759465740775    -0.021759012530868     0.057944487585613
    -0.005661800314113    -0.010783297390443     0.028033638722010
   34    27
    -0.056446706523386    -0.556883496002395    -0.876453997604450
    -0.315254951576669    -0.454535774053348    -0.135474938078073
    -0.051263024561638    -0.312998430206838    -0.088878472084571
   34    28
    -0.003755064781556     0.074478146731664    -0.012830014285740
    -0.074478146731664     0.009361139925325     0.002223990775049
     0.012830014285740     0.002223990775049     0.003219505051764
   34    29
     0.174313555115634     0.317007725656166     0.033581300216526
    -0.517696382124296    -0.185005573122890     0.239497033642252
     0.006464727429846     0.008487189089409    -0.134725548521080
   34    30
    -0.028277516904562    -0.037233322598963     0.020049036825872
     0.005179737631735    -0.119370518528137    -0.053111795752376
    -0.013923897427692    -0.011664654433322    -0.065370353590634
   34    31
    -0.131912865570759     0.039446132248035     0.035357604010736
    -0.039446132248035    -0.069044981292983     0.075019529043858
     0.035357604010736    -0.075019529043858    -0.018786011532152
   34    32
    -0.027477572895562    -0.039127842125305    -0.086165067662898
    -0.001965753168851    -0.092137880792451    -0.097954349666405
     0.017244621868904    -0.010921890319555     0.030897067632424
   34    33
    -0.134725548521080     0.033581300216526     0.239497033642252
     0.006464727429846     0.174313555115634    -0.517696382124296
     0.008487189089409     0.317007725656166    -0.185005573122890
   34    34
    17.202040189486077     2.099885060717727    -4.186398684326192
     2.099885060717727    15.986337037458824     2.162723706866665
    -4.186398684326192     2.162723706866665    19.188753940509173
   34    35
    -0.663840618721433     0.210211930085825    -0.154581184276603
     0.656974799701350     0.159506219836045     0.777919956642841
    -0.460010205801838     0.416363704593947     0.218808219859015
   34    36
     0.218808219859015     0.154581184276603     0.777919956642841
     0.460010205801838    -0.663840618721433    -0.656974799701350
     0.416363704593947    -0.210211930085825     0.159506219836045
   34    37
    -0.056930908940347    -0.079179213583862     0.021236269111485
    -0.079179213583862     0.051461924123781     0.023094556780986
    -0.021236269111485    -0.023094556780986    -0.086411936317880
   34    38
    -0.119370518528137     0.011664654433322    -0.037233322598963
     0.053111795752376    -0.065370353590634    -0.020049036825872
     0.005179737631735     0.013923897427692    -0.028277516904562
   34    39
     0.030897067632424     0.086165067662898     0.097954349666405
    -0.017244621868904    -0.027477572895562    -0.001965753168851
     0.010921890319555    -0.039127842125305    -0.092137880792451
   34    40
     0.024623605221194     0.005042558916184    -0.016820217851975
    -0.005042558916184     0.064916398402808     0.004862029398961
     0.016820217851975     0.004862029398961     0.027026729714143
   34    41
    -0.005164288085135    -0.011261294208829     0.004573481955215
    -0.056167432490448    -0.024006197881479     0.049835968908921
    -0.027791414138127    -0.017178665747319    -0.016976536327639
   34    42
     0.028033638722009     0.038258811574075    -0.057944487585613
    -0.005661800314113     0.015122782243802     0.006759465740775
     0.010783297390443    -0.017472652757293    -0.021759012530868
   34    43
    -0.559450131572799     0.408014581786413    -0.030973961812030
    -0.408014581786413     0.589930455511757     0.056616014403307
    -0.030973961812030    -0.056616014403307    -2.223444546108871
   34    44
    -0.454535774053348    -0.312998430206838     0.556883496002395
    -0.135474938078073    -0.088878472084572     0.876453997604450
     0.315254951576669     0.051263024561638    -0.056446706523386
   34    45
    -0.016976536327639     0.004573481955215     0.049835968908921
    -0.027791414138127    -0.005164288085135    -0.056167432490448
    -0.017178665747319    -0.011261294208829    -0.024006197881479
   34    46
    -0.045364056213697    -0.098002926429133     0.004030829060524
    -0.098002926429133    -0.037387810699261    -0.066043456637911
     0.004030829060523    -0.066043456637911    -0.016234063158850
   34    47
    -0.698008902271843    -0.029912163640275     1.002950141652038
     0.267474575226287    -0.183303036770489    -0.156857707192937
     1.314298899104063    -0.523847190971773    -1.747006437818943
   34    48
    -1.747006437818943    -1.002950141652038    -0.156857707192937
    -1.314298899104063    -0.698008902271843    -0.267474575226287
    -0.523847190971773     0.029912163640275    -0.183303036770488
   35     1
     0.000823830959952    -0.001191150835691    -0.008619244963643
     0.022037174343765    -0.022418106025043    -0.011509937996460
    -0.000802131620604     0.003259670190074     0.001679507504992
   35     2
    -0.020910038768858     0.007491649032759    -0.027011659500869
    -0.028317078055831     0.011278552033708    -0.033116432750613
     0.051019860851562    -0.030462627855189     0.145449916663576
   35     3
     0.040629508591981     0.078046314352118    -0.120914047925967
     0.029597582145299     0.025121699340127     0.019856707464238
     0.018491748308592    -0.016834676712511    -0.061104267894301
   35     4
     0.026348264440442    -0.057165193304332    -0.081314256218394
     0.015657760083639    -0.007081843824583    -0.059295683938961
     0.038923186272021     0.101423769088297     0.047692713523753
   35     5
    -0.029432443249109    -0.148930741865162     0.044012502624111
    -0.006589469168312     0.187133887194458    -0.038878822687197
    -0.011869612280127    -0.001736238092791    -0.085987547032342
   35     6
     0.025139450666613     0.002815883345076    -0.014216834826037
     0.001398752967230     0.005191541158993    -0.036021345258857
    -0.028104820804649    -0.011692419423027     0.026092781604413
   35     7
    -0.039653436068900     0.005529899119487    -0.012388300884063
    -0.003950310958664    -0.007156620366693     0.011403754128152
     0.007130015474051     0.009641898145934    -0.023050491506836
   35     8
     0.089538449462222     0.026649528757706     0.011777213311205
     0.038126372683667    -0.051666325860566    -0.017348835413629
    -0.030855679788638     0.066425069646035    -0.043130158578016
   35     9
    -0.008218665289253     0.049352525158611    -0.112846843436105
     0.050420698339940    -0.114759401551063     0.070744059451283
    -0.104631452198563     0.027260487430890    -0.045658934472844
   35    10
    -1.693640720758013    -0.090928658222514    -1.040512736625926
     0.377143724981914    -2.939562913402879    -2.403799536857463
    -0.469539092079608    -3.448281735250709    -3.545227503896339
   35    11
    -5.409378904258046     4.223128104955210    -0.414620844740777
     3.287381218693294    -4.531366329139579    -0.613590996028366
    -0.613067000440724    -0.370537576195830    -2.172357900494966
   35    12
     0.102572946507398     0.117246016204061     0.202200973730698
     0.241233581094260    -0.315036613943738    -0.086932621025333
     0.210793149762874    -0.239190605972347     0.147451573915811
   35    13
     0.072053702232693    -0.063383667114782    -0.026120491351401
     0.101753917981002    -0.024900934710484     0.047631942851897
    -0.106830318585792    -0.038896445114010    -0.028251085105768
   35    14
     0.088784850410173     0.004464171349109    -0.043603213014630
     0.106809436838660     0.103216398946887     0.012075999071886
    -0.024971667485689    -0.034595843767920    -0.035612022503746
   35    15
    -0.075261757310588     0.030479417958395     0.141665282296884
    -0.069903832452843    -0.111995497920100    -0.053419354056562
     0.184890237377753     0.091291319295762     0.029460731203204
   35    16
    -0.016348080444468     0.034759925686786    -0.014574866559578
    -0.003008267949428     0.000846767736167    -0.001517812071513
     0.005937892366536    -0.017086090001701    -0.001566996504131
   35    17
    -0.102281412274072     0.000947257921747    -0.001389409582314
    -0.010692633042843    -0.049097937254601    -0.110633367191578
    -0.002716645327754     0.043226737579213     0.010988082143400
   35    18
     0.028329032579850     0.120324125679523    -0.040981710377424
     0.042326093462307    -0.071563839278634     0.082097307004449
    -0.014834371065426     0.020927300276584     0.054216716389241
   35    19
    -2.888172823225802     0.888694071229506    -0.608421511444958
    -0.145093420677575    -4.275529983913517     4.120824463011706
     0.555587314029763     4.355351000021043    -4.412337877199690
   35    20
    -0.099100845972295    -0.049844575724273    -0.085196471320890
    -0.001289173513233    -0.149976619085798    -0.039422411025234
     0.062043832346955     0.013084823160618     0.005109726694701
   35    21
    -0.024247008251799     0.046058291441758     0.146553334698531
    -0.006922656410468     0.021614626482137    -0.042207763561893
     0.010025028487359    -0.038742273738624    -0.003043376537683
   35    22
    -0.175963647715098     0.052066717709717    -0.023437212624884
     0.014520982813143     0.033954037561407     0.079642917269864
     0.005336674825832     0.184202697567027     0.062629813946233
   35    23
    -0.057893314415172    -0.141461278307664    -0.024226660517601
    -0.150005912457348    -0.136687431016873    -0.129339346757783
    -0.166717865631997    -0.147659286532785    -0.122174090112954
   35    24
    -4.132743351795649    -2.847236231417004     2.598318568808613
    -2.266840407425615    -2.277556684351453     2.363179294310595
     1.755106051369611     2.247576664240119    -2.922636364368684
   35    25
     0.015122782243802    -0.006759465740775     0.005661800314113
     0.017472652757293    -0.021759012530868     0.010783297390443
    -0.038258811574075    -0.057944487585613     0.028033638722010
   35    26
     0.064916398402808    -0.004862029398961     0.005042558916184
    -0.004862029398961     0.027026729714143     0.016820217851975
    -0.005042558916184    -0.016820217851975     0.024623605221194
   35    27
    -0.024006197881479    -0.049835968908921     0.056167432490448
     0.017178665747319    -0.016976536327639    -0.027791414138127
     0.011261294208829     0.004573481955215    -0.005164288085135
   35    28
     0.174313555115634     0.517696382124296    -0.006464727429846
    -0.317007725656165    -0.185005573122890     0.008487189089409
    -0.033581300216526     0.239497033642252    -0.134725548521080
   35    29
    -0.069044981292983    -0.075019529043858     0.039446132248035
     0.075019529043858    -0.018786011532152     0.035357604010736
    -0.039446132248035     0.035357604010736    -0.131912865570759
   35    30
    -0.092137880792451     0.097954349666405     0.001965753168851
     0.010921890319555     0.030897067632424     0.017244621868904
     0.039127842125305    -0.086165067662898    -0.027477572895563
   35    31
    -0.027477572895563     0.001965753168851     0.017244621868904
     0.039127842125305    -0.092137880792451     0.010921890319555
    -0.086165067662898     0.097954349666405     0.030897067632424
   35    32
     0.051461924123781    -0.023094556780986     0.079179213583862
     0.023094556780986    -0.086411936317880    -0.021236269111485
     0.079179213583862     0.021236269111485    -0.056930908940347
   35    33
    -0.065370353590634     0.020049036825872    -0.053111795752376
    -0.013923897427692    -0.028277516904562     0.005179737631735
    -0.011664654433322    -0.037233322598963    -0.119370518528137
   35    34
    -0.663840618721433     0.656974799701350    -0.460010205801838
     0.210211930085825     0.159506219836045     0.416363704593947
    -0.154581184276603     0.777919956642841     0.218808219859015
   35    35
    15.986337037458821    -2.162723706866664    -2.099885060717727
    -2.162723706866664    19.188753940509176    -4.186398684326193
    -2.099885060717727    -4.186398684326193    17.202040189486080
   35    36
     0.159506219836045    -0.777919956642841    -0.656974799701350
    -0.416363704593947     0.218808219859014    -0.460010205801838
    -0.210211930085825    -0.154581184276603    -0.663840618721433
   35    37
    -0.119370518528137     0.053111795752376    -0.005179737631735
     0.011664654433322    -0.065370353590634    -0.013923897427692
     0.037233322598963     0.020049036825872    -0.028277516904562
   35    38
     0.009361139925325    -0.002223990775049     0.074478146731664
    -0.002223990775049     0.003219505051764     0.012830014285739
    -0.074478146731664    -0.012830014285740    -0.003755064781556
   35    39
    -0.185005573122891    -0.239497033642252     0.517696382124296
    -0.008487189089409    -0.134725548521080     0.006464727429846
    -0.317007725656166     0.033581300216526     0.174313555115634
   35    40
    -0.005164288085135     0.056167432490448     0.027791414138127
     0.011261294208829    -0.024006197881479    -0.017178665747319
    -0.004573481955215     0.049835968908921    -0.016976536327639
   35    41
     0.589930455511757    -0.056616014403307     0.408014581786413
     0.056616014403307    -2.223444546108871    -0.030973961812030
    -0.408014581786413    -0.030973961812030    -0.559450131572799
   35    42
    -0.088878472084571    -0.876453997604450     0.135474938078073
    -0.051263024561638    -0.056446706523386     0.315254951576669
     0.312998430206838     0.556883496002396    -0.454535774053348
   35    43
    -0.454535774053348     0.135474938078073     0.315254951576669
     0.312998430206838    -0.088878472084571    -0.051263024561638
     0.556883496002395    -0.876453997604450    -0.056446706523386
   35    44
    -0.016632105351093     0.015268107418727     0.002490124406970
    -0.015268107418727     0.030524079853892     0.033825252056035
     0.002490124406970    -0.033825252056035     0.026771442069048
   35    45
    -0.021759012530868    -0.057944487585613     0.006759465740775
     0.010783297390443     0.028033638722009    -0.005661800314113
    -0.017472652757293     0.038258811574075     0.015122782243802
   35    46
    -0.698008902271843     0.267474575226287     1.314298899104063
    -0.029912163640275    -0.183303036770488    -0.523847190971773
     1.002950141652038    -0.156857707192937    -1.747006437818944
   35    47
    -0.037387810699261     0.066043456637911     0.098002926429133
     0.066043456637911    -0.016234063158850     0.004030829060523
     0.098002926429133     0.004030829060524    -0.045364056213697
   35    48
    -0.183303036770488     0.156857707192937    -0.267474575226287
     0.523847190971773    -1.747006437818943     1.314298899104063
     0.029912163640275     1.002950141652038    -0.698008902271843
   36     1
    -0.149976619085798     0.039422411025234     0.001289173513233
    -0.013084823160618     0.005109726694701     0.062043832346955
     0.049844575724273    -0.085196471320890    -0.099100845972295
   36     2
     0.021614626482137     0.042207763561893     0.006922656410468
     0.038742273738624    -0.003043376537683     0.010025028487359
    -0.046058291441758     0.146553334698531    -0.024247008251799
   36     3
    -4.275529983913517    -4.120824463011706     0.145093420677575
    -4.355351000021043    -4.412337877199690     0.555587314029763
    -0.888694071229506    -0.608421511444958    -2.888172823225802
   36     4
     0.103216398946887    -0.012075999071886    -0.106809436838660
     0.034595843767920    -0.035612022503746    -0.024971667485689
    -0.004464171349109    -0.043603213014630     0.088784850410173
   36     5
    -0.111995497920100     0.053419354056562     0.069903832452843
    -0.091291319295762     0.029460731203204     0.184890237377753
    -0.030479417958395     0.141665282296884    -0.075261757310588
   36     6
    -0.024900934710484    -0.047631942851897    -0.101753917981002
     0.038896445114010    -0.028251085105768    -0.106830318585792
     0.063383667114782    -0.026120491351401     0.072053702232693
   36     7
     0.187133887194458     0.038878822687197     0.006589469168312
     0.001736238092791    -0.085987547032342    -0.011869612280127
     0.148930741865162     0.044012502624111    -0.029432443249109
   36     8
     0.005191541158993     0.036021345258857    -0.001398752967230
     0.011692419423027     0.026092781604413    -0.028104820804649
    -0.002815883345076    -0.014216834826037     0.025139450666613
   36     9
    -0.007081843824583     0.059295683938961    -0.015657760083639
    -0.101423769088297     0.047692713523753     0.038923186272021
     0.057165193304332    -0.081314256218394     0.026348264440442
   36    10
    -4.531366329139579     0.613590996028366    -3.287381218693294
     0.370537576195830    -2.172357900494966    -0.613067000440723
    -4.223128104955210    -0.414620844740777    -5.409378904258046
   36    11
    -0.315036613943738     0.086932621025333    -0.241233581094260
     0.239190605972347     0.147451573915811     0.210793149762874
    -0.117246016204061     0.202200973730698     0.102572946507398
   36    12
    -2.939562913402879     2.403799536857463    -0.377143724981914
     3.448281735250709    -3.545227503896339    -0.469539092079608
     0.090928658222514    -1.040512736625926    -1.693640720758013
   36    13
    -0.051666325860566     0.017348835413629    -0.038126372683667
    -0.066425069646035    -0.043130158578017    -0.030855679788638
    -0.026649528757706     0.011777213311205     0.089538449462222
   36    14
    -0.114759401551063    -0.070744059451283    -0.050420698339940
    -0.027260487430890    -0.045658934472844    -0.104631452198563
    -0.049352525158611    -0.112846843436105    -0.008218665289253
   36    15
    -0.007156620366693    -0.011403754128152     0.003950310958664
    -0.009641898145934    -0.023050491506836     0.007130015474051
    -0.005529899119487    -0.012388300884063    -0.039653436068900
   36    16
     0.011278552033708     0.033116432750613     0.028317078055831
     0.030462627855189     0.145449916663576     0.051019860851562
    -0.007491649032759    -0.027011659500869    -0.020910038768858
   36    17
     0.025121699340127    -0.019856707464238    -0.029597582145299
     0.016834676712511    -0.061104267894301     0.018491748308592
    -0.078046314352118    -0.120914047925967     0.040629508591980
   36    18
    -0.022418106025043     0.011509937996460    -0.022037174343765
    -0.003259670190074     0.001679507504992    -0.000802131620604
     0.001191150835691    -0.008619244963643     0.000823830959952
   36    19
    -0.049097937254601     0.110633367191578     0.010692633042843
    -0.043226737579213     0.010988082143401    -0.002716645327754
    -0.000947257921747    -0.001389409582314    -0.102281412274072
   36    20
    -0.071563839278634    -0.082097307004449    -0.042326093462307
    -0.020927300276584     0.054216716389241    -0.014834371065426
    -0.120324125679523    -0.040981710377424     0.028329032579850
   36    21
     0.000846767736167     0.001517812071513     0.003008267949428
     0.017086090001701    -0.001566996504131     0.005937892366536
    -0.034759925686786    -0.014574866559578    -0.016348080444468
   36    22
    -0.136687431016873     0.129339346757783     0.150005912457348
     0.147659286532785    -0.122174090112954    -0.166717865631997
     0.141461278307664    -0.024226660517601    -0.057893314415172
   36    23
    -2.277556684351453    -2.363179294310595     2.266840407425615
    -2.247576664240119    -2.922636364368684     1.755106051369611
     2.847236231417004     2.598318568808613    -4.132743351795649
   36    24
     0.033954037561407    -0.079642917269864    -0.014520982813143
    -0.184202697567027     0.062629813946233     0.005336674825832
    -0.052066717709717    -0.023437212624884    -0.175963647715098
   36    25
    -0.056446706523386    -0.315254951576669     0.051263024561638
    -0.556883496002395    -0.454535774053348     0.312998430206838
     0.876453997604450     0.135474938078073    -0.088878472084571
   36    26
    -0.024006197881479     0.017178665747319    -0.011261294208829
    -0.049835968908921    -0.016976536327639    -0.004573481955215
    -0.056167432490448     0.027791414138127    -0.005164288085135
   36    27
    -2.223444546108871     0.030973961812030    -0.056616014403307
     0.030973961812030    -0.559450131572799    -0.408014581786413
     0.056616014403307     0.408014581786413     0.589930455511757
   36    28
    -0.028277516904562    -0.005179737631735     0.013923897427692
     0.037233322598963    -0.119370518528137    -0.011664654433322
    -0.020049036825872    -0.053111795752376    -0.065370353590634
   36    29
    -0.092137880792451    -0.010921890319555    -0.039127842125305
    -0.097954349666405     0.030897067632424    -0.086165067662898
    -0.001965753168851     0.017244621868904    -0.027477572895563
   36    30
    -0.086411936317880     0.021236269111485    -0.023094556780986
    -0.021236269111485    -0.056930908940347     0.079179213583862
     0.023094556780986     0.079179213583862     0.051461924123781
   36    31
    -0.134725548521080    -0.006464727429846     0.008487189089409
    -0.033581300216526     0.174313555115633    -0.317007725656166
     0.239497033642252     0.517696382124296    -0.185005573122891
   36    32
    -0.065370353590634     0.013923897427692    -0.011664654433322
    -0.020049036825872    -0.028277516904562     0.037233322598963
    -0.053111795752376    -0.005179737631735    -0.119370518528137
   36    33
     0.003219505051764    -0.012830014285740     0.002223990775049
     0.012830014285740    -0.003755064781557    -0.074478146731664
     0.002223990775049     0.074478146731664     0.009361139925325
   36    34
     0.218808219859015     0.460010205801838     0.416363704593947
     0.154581184276603    -0.663840618721433    -0.210211930085825
     0.777919956642841    -0.656974799701350     0.159506219836045
   36    35
     0.159506219836045    -0.416363704593947    -0.210211930085825
    -0.777919956642841     0.218808219859014    -0.154581184276603
    -0.656974799701350    -0.460010205801838    -0.663840618721433
   36    36
    19.188753940509166     4.186398684326191     2.162723706866664
     4.186398684326191    17.202040189486080    -2.099885060717727
     2.162723706866664    -2.099885060717727    15.986337037458826
   36    37
     0.030897067632424    -0.017244621868904    -0.010921890319555
     0.086165067662898    -0.027477572895563     0.039127842125305
    -0.097954349666405     0.001965753168851    -0.092137880792451
   36    38
    -0.185005573122891    -0.008487189089409     0.317007725656166
    -0.239497033642252    -0.134725548521080    -0.033581300216526
    -0.517696382124296    -0.006464727429846     0.174313555115634
   36    39
    -0.018786011532152    -0.035357604010736    -0.075019529043858
    -0.035357604010736    -0.131912865570759    -0.039446132248035
     0.075019529043858     0.039446132248035    -0.069044981292983
   36    40
     0.028033638722010     0.005661800314113    -0.010783297390443
    -0.038258811574075     0.015122782243802    -0.017472652757293
     0.057944487585613     0.006759465740775    -0.021759012530868
   36    41
    -0.088878472084571     0.051263024561638    -0.312998430206838
     0.876453997604450    -0.056446706523386     0.556883496002395
    -0.135474938078073     0.315254951576669    -0.454535774053348
   36    42
     0.030524079853892    -0.033825252056035     0.015268107418727
     0.033825252056035     0.026771442069048     0.002490124406970
    -0.015268107418727     0.002490124406970    -0.016632105351093
   36    43
    -0.016976536327639     0.027791414138127    -0.017178665747319
    -0.004573481955215    -0.005164288085135     0.011261294208829
     0.049835968908921     0.056167432490448    -0.024006197881479
   36    44
    -0.021759012530868    -0.010783297390443    -0.017472652757293
     0.057944487585613     0.028033638722009    -0.038258811574075
     0.006759465740775     0.005661800314113     0.015122782243802
   36    45
     0.027026729714143    -0.016820217851975     0.004862029398961
     0.016820217851975     0.024623605221194    -0.005042558916184
     0.004862029398961     0.005042558916184     0.064916398402808
   36    46
    -1.747006437818943    -1.314298899104063    -0.523847190971773
    -1.002950141652038    -0.698008902271843     0.029912163640275
    -0.156857707192937    -0.267474575226287    -0.183303036770489
   36    47
    -0.183303036770488     0.523847190971773     0.029912163640275
     0.156857707192937    -1.747006437818943     1.002950141652038
    -0.267474575226287     1.314298899104063    -0.698008902271843
   36    48
    -0.016234063158849    -0.004030829060523    -0.066043456637911
    -0.004030829060523    -0.045364056213698     0.098002926429133
    -0.066043456637911     0.098002926429133    -0.037387810699261
   37     1
    -2.922636364368684    -1.755106051369611    -2.247576664240119
    -2.598318568808613    -4.132743351795649    -2.847236231417004
    -2.363179294310595    -2.266840407425615    -2.277556684351453
   37     2
     0.062629813946233    -0.005336674825832    -0.184202697567027
     0.023437212624884    -0.175963647715098     0.052066717709717
    -0.079642917269864     0.014520982813143     0.033954037561406
   37     3
    -0.122174090112954     0.166717865631997     0.147659286532785
     0.024226660517601    -0.057893314415172    -0.141461278307664
     0.129339346757783    -0.150005912457348    -0.136687431016873
   37     4
    -0.061104267894301    -0.018491748308592     0.016834676712511
     0.120914047925967     0.040629508591981     0.078046314352118
    -0.019856707464238     0.029597582145299     0.025121699340127
   37     5
     0.001679507504992     0.000802131620604    -0.003259670190074
     0.008619244963643     0.000823830959952    -0.001191150835691
     0.011509937996460     0.022037174343765    -0.022418106025043
   37     6
     0.145449916663576    -0.051019860851561     0.030462627855189
     0.027011659500869    -0.020910038768858     0.007491649032759
     0.033116432750613    -0.028317078055831     0.011278552033708
   37     7
    -0.003043376537683    -0.010025028487359     0.038742273738624
    -0.146553334698531    -0.024247008251799     0.046058291441758
     0.042207763561893    -0.006922656410468     0.021614626482137
   37     8
    -4.412337877199690    -0.555587314029763    -4.355351000021043
     0.608421511444958    -2.888172823225802     0.888694071229506
    -4.120824463011706    -0.145093420677575    -4.275529983913517
   37     9
     0.005109726694701    -0.062043832346955    -0.013084823160618
     0.085196471320890    -0.099100845972295    -0.049844575724273
     0.039422411025234    -0.001289173513233    -0.149976619085798
   37    10
     0.026092781604413     0.028104820804649     0.011692419423028
     0.014216834826037     0.025139450666613     0.002815883345076
     0.036021345258857     0.001398752967230     0.005191541158993
   37    11
     0.047692713523753    -0.038923186272021    -0.101423769088297
     0.081314256218394     0.026348264440443    -0.057165193304332
     0.059295683938960     0.015657760083639    -0.007081843824583
   37    12
    -0.085987547032342     0.011869612280127     0.001736238092791
    -0.044012502624111    -0.029432443249109    -0.148930741865162
     0.038878822687197    -0.006589469168312     0.187133887194458
   37    13
     0.147451573915811    -0.210793149762874     0.239190605972347
    -0.202200973730698     0.102572946507398     0.117246016204061
     0.086932621025333     0.241233581094260    -0.315036613943738
   37    14
    -3.545227503896339     0.469539092079608     3.448281735250709
     1.040512736625926    -1.693640720758013    -0.090928658222514
     2.403799536857463     0.377143724981914    -2.939562913402878
   37    15
    -2.172357900494966     0.613067000440723     0.370537576195830
     0.414620844740777    -5.409378904258046     4.223128104955210
     0.613590996028366     3.287381218693294    -4.531366329139580
   37    16
     0.029460731203204    -0.184890237377753    -0.091291319295762
    -0.141665282296884    -0.075261757310588     0.030479417958395
     0.053419354056562    -0.069903832452843    -0.111995497920100
   37    17
    -0.028251085105768     0.106830318585792     0.038896445114010
     0.026120491351401     0.072053702232693    -0.063383667114782
    -0.047631942851897     0.101753917981002    -0.024900934710484
   37    18
    -0.035612022503746     0.024971667485689     0.034595843767920
     0.043603213014630     0.088784850410173     0.004464171349109
    -0.012075999071886     0.106809436838660     0.103216398946887
   37    19
    -0.045658934472843     0.104631452198563    -0.027260487430890
     0.112846843436105    -0.008218665289253     0.049352525158611
    -0.070744059451283     0.050420698339940    -0.114759401551063
   37    20
    -0.023050491506836    -0.007130015474051    -0.009641898145934
     0.012388300884063    -0.039653436068900     0.005529899119487
    -0.011403754128152    -0.003950310958664    -0.007156620366693
   37    21
    -0.043130158578016     0.030855679788638    -0.066425069646035
    -0.011777213311205     0.089538449462222     0.026649528757706
     0.017348835413629     0.038126372683667    -0.051666325860566
   37    22
     0.054216716389241     0.014834371065426    -0.020927300276584
     0.040981710377424     0.028329032579850     0.120324125679523
    -0.082097307004449     0.042326093462307    -0.071563839278634
   37    23
    -0.001566996504131    -0.005937892366536     0.017086090001701
     0.014574866559578    -0.016348080444468     0.034759925686786
     0.001517812071513    -0.003008267949428     0.000846767736167
   37    24
     0.010988082143401     0.002716645327754    -0.043226737579213
     0.001389409582314    -0.102281412274072     0.000947257921747
     0.110633367191578    -0.010692633042843    -0.049097937254601
   37    25
    -0.045364056213697    -0.098002926429133    -0.004030829060523
    -0.098002926429133    -0.037387810699261     0.066043456637911
    -0.004030829060523     0.066043456637911    -0.016234063158849
   37    26
    -0.698008902271843    -0.029912163640275    -1.002950141652038
     0.267474575226287    -0.183303036770488     0.156857707192937
    -1.314298899104063     0.523847190971773    -1.747006437818943
   37    27
    -1.747006437818943    -1.002950141652038     0.156857707192937
    -1.314298899104063    -0.698008902271843     0.267474575226287
     0.523847190971773    -0.029912163640275    -0.183303036770488
   37    28
    -0.559450131572798     0.408014581786413     0.030973961812030
    -0.408014581786413     0.589930455511757    -0.056616014403307
     0.030973961812030     0.056616014403307    -2.223444546108871
   37    29
    -0.454535774053348    -0.312998430206838    -0.556883496002395
    -0.135474938078073    -0.088878472084571    -0.876453997604450
    -0.315254951576669    -0.051263024561638    -0.056446706523386
   37    30
    -0.016976536327639     0.004573481955215    -0.049835968908921
    -0.027791414138127    -0.005164288085135     0.056167432490448
     0.017178665747319     0.011261294208829    -0.024006197881479
   37    31
     0.024623605221194     0.005042558916184     0.016820217851975
    -0.005042558916184     0.064916398402808    -0.004862029398961
    -0.016820217851975    -0.004862029398961     0.027026729714143
   37    32
    -0.005164288085135    -0.011261294208829    -0.004573481955215
    -0.056167432490448    -0.024006197881479    -0.049835968908921
     0.027791414138127     0.017178665747319    -0.016976536327639
   37    33
     0.028033638722010     0.038258811574075     0.057944487585613
    -0.005661800314113     0.015122782243802    -0.006759465740775
    -0.010783297390443     0.017472652757293    -0.021759012530868
   37    34
    -0.056930908940347    -0.079179213583862    -0.021236269111485
    -0.079179213583862     0.051461924123781    -0.023094556780986
     0.021236269111485     0.023094556780986    -0.086411936317880
   37    35
    -0.119370518528137     0.011664654433322     0.037233322598963
     0.053111795752376    -0.065370353590634     0.020049036825872
    -0.005179737631735    -0.013923897427692    -0.028277516904562
   37    36
     0.030897067632424     0.086165067662898    -0.097954349666405
    -0.017244621868904    -0.027477572895563     0.001965753168851
    -0.010921890319555     0.039127842125305    -0.092137880792451
   37    37
    17.202040189486070     2.099885060717728     4.186398684326193
     2.099885060717728    15.986337037458821    -2.162723706866664
     4.186398684326193    -2.162723706866664    19.188753940509169
   37    38
    -0.663840618721433     0.210211930085825     0.154581184276603
     0.656974799701350     0.159506219836045    -0.777919956642841
     0.460010205801838    -0.416363704593947     0.218808219859015
   37    39
     0.218808219859015     0.154581184276603    -0.777919956642841
     0.460010205801838    -0.663840618721433     0.656974799701350
    -0.416363704593947     0.210211930085825     0.159506219836045
   37    40
    -0.131912865570759     0.039446132248035    -0.035357604010736
    -0.039446132248035    -0.069044981292983    -0.075019529043858
    -0.035357604010736     0.075019529043858    -0.018786011532152
   37    41
    -0.027477572895562    -0.039127842125305     0.086165067662898
    -0.001965753168851    -0.092137880792451     0.097954349666405
    -0.017244621868904     0.010921890319555     0.030897067632424
   37    42
    -0.134725548521080     0.033581300216526    -0.239497033642252
     0.006464727429846     0.174313555115634     0.517696382124296
    -0.008487189089409    -0.317007725656165    -0.185005573122891
   37    43
    -0.003755064781556     0.074478146731664     0.012830014285740
    -0.074478146731664     0.009361139925325    -0.002223990775049
    -0.012830014285740    -0.002223990775049     0.003219505051764
   37    44
     0.174313555115634     0.317007725656166    -0.033581300216526
    -0.517696382124296    -0.185005573122891    -0.239497033642252
    -0.006464727429846    -0.008487189089409    -0.134725548521080
   37    45
    -0.028277516904562    -0.037233322598963    -0.020049036825872
     0.005179737631735    -0.119370518528137     0.053111795752376
     0.013923897427692     0.011664654433322    -0.065370353590634
   37    46
     0.026771442069048    -0.002490124406970     0.033825252056035
    -0.002490124406970    -0.016632105351093     0.015268107418727
    -0.033825252056035    -0.015268107418727     0.030524079853892
   37    47
     0.015122782243802     0.017472652757293    -0.038258811574075
    -0.006759465740775    -0.021759012530868    -0.057944487585613
     0.005661800314113     0.010783297390443     0.028033638722010
   37    48
    -0.056446706523386    -0.556883496002396     0.876453997604450
    -0.315254951576669    -0.454535774053348     0.135474938078073
     0.051263024561638     0.312998430206838    -0.088878472084571
   38     1
    -0.175963647715098     0.052066717709717     0.023437212624884
     0.014520982813143     0.033954037561406    -0.079642917269864
    -0.005336674825832    -0.184202697567027     0.062629813946233
   38     2
    -0.057893314415172    -0.141461278307664     0.024226660517601
    -0.150005912457348    -0.136687431016873     0.129339346757782
     0.166717865631997     0.147659286532785    -0.122174090112954
   38     3
    -4.132743351795649    -2.847236231417004    -2.598318568808613
    -2.266840407425615    -2.277556684351453    -2.363179294310595
    -1.755106051369611    -2.247576664240119    -2.922636364368684
   38     4
    -2.888172823225802     0.888694071229506     0.608421511444958
    -0.145093420677575    -4.275529983913517    -4.120824463011706
    -0.555587314029763    -4.355351000021043    -4.412337877199690
   38     5
    -0.099100845972295    -0.049844575724273     0.085196471320890
    -0.001289173513233    -0.149976619085798     0.039422411025234
    -0.062043832346955    -0.013084823160618     0.005109726694701
   38     6
    -0.024247008251799     0.046058291441758    -0.146553334698531
    -0.006922656410468     0.021614626482137     0.042207763561893
    -0.010025028487359     0.038742273738624    -0.003043376537683
   38     7
    -0.016348080444468     0.034759925686786     0.014574866559578
    -0.003008267949428     0.000846767736167     0.001517812071513
    -0.005937892366536     0.017086090001701    -0.001566996504131
   38     8
    -0.102281412274072     0.000947257921747     0.001389409582314
    -0.010692633042843    -0.049097937254601     0.110633367191578
     0.002716645327754    -0.043226737579213     0.010988082143401
   38     9
     0.028329032579850     0.120324125679523     0.040981710377424
     0.042326093462307    -0.071563839278634    -0.082097307004449
     0.014834371065426    -0.020927300276584     0.054216716389241
   38    10
     0.072053702232693    -0.063383667114782     0.026120491351401
     0.101753917981002    -0.024900934710484    -0.047631942851897
     0.106830318585792     0.038896445114010    -0.028251085105768
   38    11
     0.088784850410173     0.004464171349109     0.043603213014630
     0.106809436838660     0.103216398946887    -0.012075999071886
     0.024971667485689     0.034595843767920    -0.035612022503746
   38    12
    -0.075261757310588     0.030479417958395    -0.141665282296884
    -0.069903832452843    -0.111995497920100     0.053419354056562
    -0.184890237377753    -0.091291319295762     0.029460731203205
   38    13
    -1.693640720758013    -0.090928658222514     1.040512736625926
     0.377143724981914    -2.939562913402878     2.403799536857463
     0.469539092079608     3.448281735250709    -3.545227503896339
   38    14
    -5.409378904258046     4.223128104955210     0.414620844740777
     3.287381218693294    -4.531366329139580     0.613590996028366
     0.613067000440724     0.370537576195830    -2.172357900494966
   38    15
     0.102572946507398     0.117246016204061    -0.202200973730698
     0.241233581094260    -0.315036613943738     0.086932621025333
    -0.210793149762874     0.239190605972347     0.147451573915811
   38    16
    -0.039653436068900     0.005529899119487     0.012388300884063
    -0.003950310958664    -0.007156620366693    -0.011403754128152
    -0.007130015474051    -0.009641898145934    -0.023050491506836
   38    17
     0.089538449462222     0.026649528757706    -0.011777213311205
     0.038126372683667    -0.051666325860566     0.017348835413629
     0.030855679788638    -0.066425069646035    -0.043130158578016
   38    18
    -0.008218665289253     0.049352525158611     0.112846843436105
     0.050420698339940    -0.114759401551063    -0.070744059451283
     0.104631452198563    -0.027260487430890    -0.045658934472843
   38    19
     0.026348264440443    -0.057165193304332     0.081314256218394
     0.015657760083639    -0.007081843824583     0.059295683938961
    -0.038923186272021    -0.101423769088297     0.047692713523753
   38    20
    -0.029432443249109    -0.148930741865162    -0.044012502624111
    -0.006589469168312     0.187133887194458     0.038878822687197
     0.011869612280127     0.001736238092791    -0.085987547032342
   38    21
     0.025139450666613     0.002815883345076     0.014216834826037
     0.001398752967230     0.005191541158993     0.036021345258857
     0.028104820804649     0.011692419423027     0.026092781604413
   38    22
     0.000823830959952    -0.001191150835691     0.008619244963643
     0.022037174343765    -0.022418106025043     0.011509937996460
     0.000802131620604    -0.003259670190074     0.001679507504992
   38    23
    -0.020910038768858     0.007491649032759     0.027011659500869
    -0.028317078055831     0.011278552033708     0.033116432750613
    -0.051019860851561     0.030462627855189     0.145449916663576
   38    24
     0.040629508591981     0.078046314352118     0.120914047925967
     0.029597582145299     0.025121699340127    -0.019856707464238
    -0.018491748308592     0.016834676712511    -0.061104267894301
   38    25
    -0.698008902271843     0.267474575226287    -1.314298899104063
    -0.029912163640275    -0.183303036770488     0.523847190971773
    -1.002950141652038     0.156857707192937    -1.747006437818943
   38    26
    -0.037387810699261     0.066043456637911    -0.098002926429133
     0.066043456637911    -0.016234063158850    -0.004030829060523
    -0.098002926429133    -0.004030829060524    -0.045364056213697
   38    27
    -0.183303036770488     0.156857707192937     0.267474575226287
     0.523847190971773    -1.747006437818943    -1.314298899104063
    -0.029912163640275    -1.002950141652038    -0.698008902271843
   38    28
    -0.454535774053348     0.135474938078073    -0.315254951576669
     0.312998430206838    -0.088878472084572     0.051263024561638
    -0.556883496002395     0.876453997604450    -0.056446706523386
   38    29
    -0.016632105351093     0.015268107418727    -0.002490124406970
    -0.015268107418727     0.030524079853892    -0.033825252056035
    -0.002490124406970     0.033825252056035     0.026771442069048
   38    30
    -0.021759012530868    -0.057944487585613    -0.006759465740775
     0.010783297390443     0.028033638722009     0.005661800314113
     0.017472652757293    -0.038258811574075     0.015122782243802
   38    31
    -0.005164288085135     0.056167432490448    -0.027791414138127
     0.011261294208829    -0.024006197881479     0.017178665747319
     0.004573481955215    -0.049835968908921    -0.016976536327639
   38    32
     0.589930455511757    -0.056616014403307    -0.408014581786413
     0.056616014403307    -2.223444546108871     0.030973961812030
     0.408014581786413     0.030973961812030    -0.559450131572798
   38    33
    -0.088878472084571    -0.876453997604450    -0.135474938078073
    -0.051263024561638    -0.056446706523386    -0.315254951576669
    -0.312998430206838    -0.556883496002396    -0.454535774053348
   38    34
    -0.119370518528137     0.053111795752376     0.005179737631735
     0.011664654433322    -0.065370353590634     0.013923897427692
    -0.037233322598963    -0.020049036825872    -0.028277516904562
   38    35
     0.009361139925325    -0.002223990775049    -0.074478146731664
    -0.002223990775049     0.003219505051764    -0.012830014285740
     0.074478146731664     0.012830014285739    -0.003755064781556
   38    36
    -0.185005573122891    -0.239497033642252    -0.517696382124296
    -0.008487189089409    -0.134725548521080    -0.006464727429846
     0.317007725656166    -0.033581300216526     0.174313555115634
   38    37
    -0.663840618721433     0.656974799701350     0.460010205801838
     0.210211930085825     0.159506219836045    -0.416363704593947
     0.154581184276603    -0.777919956642841     0.218808219859015
   38    38
    15.986337037458819    -2.162723706866664     2.099885060717726
    -2.162723706866664    19.188753940509173     4.186398684326194
     2.099885060717726     4.186398684326194    17.202040189486073
   38    39
     0.159506219836045    -0.777919956642841     0.656974799701350
    -0.416363704593947     0.218808219859015     0.460010205801838
     0.210211930085825     0.154581184276603    -0.663840618721433
   38    40
    -0.027477572895562     0.001965753168851    -0.017244621868904
     0.039127842125305    -0.092137880792451    -0.010921890319555
     0.086165067662898    -0.097954349666405     0.030897067632424
   38    41
     0.051461924123781    -0.023094556780986    -0.079179213583862
     0.023094556780986    -0.086411936317880     0.021236269111485
    -0.079179213583862    -0.021236269111485    -0.056930908940347
   38    42
    -0.065370353590634     0.020049036825872     0.053111795752376
    -0.013923897427692    -0.028277516904562    -0.005179737631735
     0.011664654433322     0.037233322598963    -0.119370518528137
   38    43
     0.174313555115634     0.517696382124296     0.006464727429846
    -0.317007725656166    -0.185005573122890    -0.008487189089409
     0.033581300216526    -0.239497033642252    -0.134725548521080
   38    44
    -0.069044981292983    -0.075019529043858    -0.039446132248035
     0.075019529043858    -0.018786011532152    -0.035357604010736
     0.039446132248035    -0.035357604010736    -0.131912865570759
   38    45
    -0.092137880792451     0.097954349666405    -0.001965753168851
     0.010921890319555     0.030897067632424    -0.017244621868904
    -0.039127842125305     0.086165067662898    -0.027477572895562
   38    46
     0.015122782243802    -0.006759465740775    -0.005661800314113
     0.017472652757293    -0.021759012530868    -0.010783297390443
     0.038258811574075     0.057944487585613     0.028033638722009
   38    47
     0.064916398402808    -0.004862029398961    -0.005042558916184
    -0.004862029398961     0.027026729714143    -0.016820217851975
     0.005042558916184     0.016820217851975     0.024623605221194
   38    48
    -0.024006197881479    -0.049835968908921    -0.056167432490448
     0.017178665747319    -0.016976536327639     0.027791414138127
    -0.011261294208829    -0.004573481955215    -0.005164288085135
   39     1
    -0.136687431016873     0.129339346757783    -0.150005912457348
     0.147659286532785    -0.122174090112954     0.166717865631997
    -0.141461278307664     0.024226660517601    -0.057893314415172
   39     2
    -2.277556684351453    -2.363179294310595    -2.266840407425615
    -2.247576664240119    -2.922636364368683    -1.755106051369611
    -2.847236231417004    -2.598318568808613    -4.132743351795649
   39     3
     0.033954037561406    -0.079642917269864     0.014520982813143
    -0.184202697567027     0.062629813946233    -0.005336674825832
     0.052066717709717     0.023437212624884    -0.175963647715098
   39     4
    -0.049097937254601     0.110633367191578    -0.010692633042843
    -0.043226737579213     0.010988082143400     0.002716645327754
     0.000947257921747     0.001389409582314    -0.102281412274072
   39     5
    -0.071563839278634    -0.082097307004449     0.042326093462307
    -0.020927300276584     0.054216716389241     0.014834371065426
     0.120324125679523     0.040981710377424     0.028329032579850
   39     6
     0.000846767736167     0.001517812071513    -0.003008267949428
     0.017086090001701    -0.001566996504131    -0.005937892366536
     0.034759925686786     0.014574866559578    -0.016348080444468
   39     7
     0.011278552033708     0.033116432750613    -0.028317078055831
     0.030462627855189     0.145449916663576    -0.051019860851561
     0.007491649032759     0.027011659500869    -0.020910038768858
   39     8
     0.025121699340127    -0.019856707464238     0.029597582145299
     0.016834676712511    -0.061104267894301    -0.018491748308592
     0.078046314352118     0.120914047925967     0.040629508591981
   39     9
    -0.022418106025043     0.011509937996460     0.022037174343765
    -0.003259670190074     0.001679507504992     0.000802131620604
    -0.001191150835691     0.008619244963643     0.000823830959952
   39    10
    -0.051666325860566     0.017348835413629     0.038126372683667
    -0.066425069646035    -0.043130158578016     0.030855679788638
     0.026649528757706    -0.011777213311205     0.089538449462222
   39    11
    -0.114759401551063    -0.070744059451283     0.050420698339940
    -0.027260487430890    -0.045658934472844     0.104631452198563
     0.049352525158611     0.112846843436105    -0.008218665289253
   39    12
    -0.007156620366693    -0.011403754128152    -0.003950310958664
    -0.009641898145934    -0.023050491506836    -0.007130015474051
     0.005529899119487     0.012388300884063    -0.039653436068900
   39    13
    -4.531366329139580     0.613590996028366     3.287381218693294
     0.370537576195830    -2.172357900494966     0.613067000440723
     4.223128104955210     0.414620844740777    -5.409378904258046
   39    14
    -0.315036613943738     0.086932621025333     0.241233581094260
     0.239190605972347     0.147451573915811    -0.210793149762874
     0.117246016204061    -0.202200973730698     0.102572946507398
   39    15
    -2.939562913402879     2.403799536857463     0.377143724981914
     3.448281735250709    -3.545227503896339     0.469539092079608
    -0.090928658222514     1.040512736625926    -1.693640720758013
   39    16
     0.187133887194458     0.038878822687197    -0.006589469168312
     0.001736238092791    -0.085987547032342     0.011869612280127
    -0.148930741865162    -0.044012502624111    -0.029432443249109
   39    17
     0.005191541158993     0.036021345258857     0.001398752967230
     0.011692419423028     0.026092781604413     0.028104820804649
     0.002815883345076     0.014216834826037     0.025139450666613
   39    18
    -0.007081843824583     0.059295683938961     0.015657760083639
    -0.101423769088297     0.047692713523753    -0.038923186272021
    -0.057165193304332     0.081314256218394     0.026348264440443
   39    19
     0.103216398946887    -0.012075999071886     0.106809436838660
     0.034595843767920    -0.035612022503746     0.024971667485689
     0.004464171349109     0.043603213014630     0.088784850410173
   39    20
    -0.111995497920100     0.053419354056562    -0.069903832452843
    -0.091291319295762     0.029460731203204    -0.184890237377753
     0.030479417958395    -0.141665282296884    -0.075261757310588
   39    21
    -0.024900934710484    -0.047631942851897     0.101753917981002
     0.038896445114010    -0.028251085105768     0.106830318585792
    -0.063383667114782     0.026120491351401     0.072053702232692
   39    22
    -0.149976619085798     0.039422411025234    -0.001289173513233
    -0.013084823160618     0.005109726694702    -0.062043832346955
    -0.049844575724273     0.085196471320890    -0.099100845972295
   39    23
     0.021614626482137     0.042207763561893    -0.006922656410468
     0.038742273738624    -0.003043376537683    -0.010025028487359
     0.046058291441758    -0.146553334698531    -0.024247008251799
   39    24
    -4.275529983913517    -4.120824463011706    -0.145093420677575
    -4.355351000021043    -4.412337877199690    -0.555587314029763
     0.888694071229506     0.608421511444958    -2.888172823225802
   39    25
    -1.747006437818943    -1.314298899104063     0.523847190971773
    -1.002950141652038    -0.698008902271843    -0.029912163640275
     0.156857707192937     0.267474575226287    -0.183303036770488
   39    26
    -0.183303036770488     0.523847190971773    -0.029912163640275
     0.156857707192937    -1.747006437818943    -1.002950141652038
     0.267474575226287    -1.314298899104063    -0.698008902271843
   39    27
    -0.016234063158850    -0.004030829060523     0.066043456637911
    -0.004030829060523    -0.045364056213697    -0.098002926429133
     0.066043456637911    -0.098002926429133    -0.037387810699261
   39    28
    -0.016976536327639     0.027791414138127     0.017178665747319
    -0.004573481955215    -0.005164288085135    -0.011261294208829
    -0.049835968908921    -0.056167432490448    -0.024006197881479
   39    29
    -0.021759012530868    -0.010783297390443     0.017472652757293
     0.057944487585613     0.028033638722010     0.038258811574075
    -0.006759465740775    -0.005661800314113     0.015122782243802
   39    30
     0.027026729714143    -0.016820217851975    -0.004862029398961
     0.016820217851975     0.024623605221194     0.005042558916184
    -0.004862029398961    -0.005042558916184     0.064916398402808
   39    31
     0.028033638722009     0.005661800314113     0.010783297390443
    -0.038258811574075     0.015122782243802     0.017472652757293
    -0.057944487585613    -0.006759465740775    -0.021759012530868
   39    32
    -0.088878472084571     0.051263024561638     0.312998430206838
     0.876453997604450    -0.056446706523386    -0.556883496002395
     0.135474938078073    -0.315254951576669    -0.454535774053348
   39    33
     0.030524079853892    -0.033825252056035    -0.015268107418727
     0.033825252056035     0.026771442069048    -0.002490124406970
     0.015268107418727    -0.002490124406970    -0.016632105351093
   39    34
     0.030897067632424    -0.017244621868904     0.010921890319555
     0.086165067662898    -0.027477572895562    -0.039127842125305
     0.097954349666405    -0.001965753168851    -0.092137880792451
   39    35
    -0.185005573122891    -0.008487189089409    -0.317007725656166
    -0.239497033642252    -0.134725548521080     0.033581300216526
     0.517696382124296     0.006464727429846     0.174313555115634
   39    36
    -0.018786011532152    -0.035357604010736     0.075019529043858
    -0.035357604010736    -0.131912865570759     0.039446132248035
    -0.075019529043858    -0.039446132248035    -0.069044981292983
   39    37
     0.218808219859015     0.460010205801838    -0.416363704593947
     0.154581184276603    -0.663840618721433     0.210211930085825
    -0.777919956642841     0.656974799701350     0.159506219836045
   39    38
     0.159506219836045    -0.416363704593947     0.210211930085825
    -0.777919956642841     0.218808219859015     0.154581184276603
     0.656974799701350     0.460010205801838    -0.663840618721433
   39    39
    19.188753940509173     4.186398684326193    -2.162723706866664
     4.186398684326193    17.202040189486077     2.099885060717727
    -2.162723706866664     2.099885060717727    15.986337037458819
   39    40
    -0.134725548521080    -0.006464727429846    -0.008487189089409
    -0.033581300216526     0.174313555115634     0.317007725656166
    -0.239497033642252    -0.517696382124296    -0.185005573122891
   39    41
    -0.065370353590634     0.013923897427692     0.011664654433322
    -0.020049036825872    -0.028277516904562    -0.037233322598963
     0.053111795752376     0.005179737631735    -0.119370518528137
   39    42
     0.003219505051764    -0.012830014285740    -0.002223990775049
     0.012830014285740    -0.003755064781556     0.074478146731664
    -0.002223990775049    -0.074478146731664     0.009361139925325
   39    43
    -0.028277516904562    -0.005179737631735    -0.013923897427692
     0.037233322598963    -0.119370518528136     0.011664654433322
     0.020049036825872     0.053111795752376    -0.065370353590634
   39    44
    -0.092137880792451    -0.010921890319555     0.039127842125305
    -0.097954349666405     0.030897067632424     0.086165067662898
     0.001965753168851    -0.017244621868904    -0.027477572895562
   39    45
    -0.086411936317880     0.021236269111485     0.023094556780986
    -0.021236269111485    -0.056930908940347    -0.079179213583862
    -0.023094556780986    -0.079179213583862     0.051461924123781
   39    46
    -0.056446706523386    -0.315254951576669    -0.051263024561638
    -0.556883496002395    -0.454535774053348    -0.312998430206838
    -0.876453997604450    -0.135474938078073    -0.088878472084572
   39    47
    -0.024006197881479     0.017178665747319     0.011261294208829
    -0.049835968908921    -0.016976536327639     0.004573481955215
     0.056167432490448    -0.027791414138127    -0.005164288085135
   39    48
    -2.223444546108871     0.030973961812030     0.056616014403307
     0.030973961812030    -0.559450131572799     0.408014581786413
    -0.056616014403307    -0.408014581786413     0.589930455511757
   40     1
    -0.003043376537683     0.010025028487359     0.038742273738624
     0.146553334698531    -0.024247008251799    -0.046058291441758
     0.042207763561893     0.006922656410468     0.021614626482137
   40     2
    -4.412337877199690     0.555587314029763    -4.355351000021043
    -0.608421511444958    -2.888172823225801    -0.888694071229506
    -4.120824463011706     0.145093420677575    -4.275529983913517
   40     3
     0.005109726694702     0.062043832346955    -0.013084823160618
    -0.085196471320890    -0.099100845972295     0.049844575724273
     0.039422411025234     0.001289173513233    -0.149976619085798
   40     4
     0.026092781604413    -0.028104820804649     0.011692419423028
    -0.014216834826037     0.025139450666613    -0.002815883345076
     0.036021345258857    -0.001398752967230     0.005191541158993
   40     5
     0.047692713523753     0.038923186272021    -0.101423769088297
    -0.081314256218394     0.026348264440443     0.057165193304332
     0.059295683938960    -0.015657760083639    -0.007081843824583
   40     6
    -0.085987547032342    -0.011869612280127     0.001736238092791
     0.044012502624111    -0.029432443249109     0.148930741865162
     0.038878822687197     0.006589469168312     0.187133887194458
   40     7
    -2.922636364368683     1.755106051369611    -2.247576664240119
     2.598318568808613    -4.132743351795649     2.847236231417004
    -2.363179294310595     2.266840407425615    -2.277556684351453
   40     8
     0.062629813946233     0.005336674825832    -0.184202697567027
    -0.023437212624884    -0.175963647715098    -0.052066717709717
    -0.079642917269864    -0.014520982813143     0.033954037561406
   40     9
    -0.122174090112954    -0.166717865631997     0.147659286532785
    -0.024226660517601    -0.057893314415172     0.141461278307664
     0.129339346757782     0.150005912457348    -0.136687431016873
   40    10
    -0.061104267894301     0.018491748308592     0.016834676712511
    -0.120914047925967     0.040629508591981    -0.078046314352118
    -0.019856707464238    -0.029597582145299     0.025121699340127
   40    11
     0.001679507504992    -0.000802131620604    -0.003259670190074
    -0.008619244963643     0.000823830959952     0.001191150835691
     0.011509937996460    -0.022037174343765    -0.022418106025043
   40    12
     0.145449916663576     0.051019860851561     0.030462627855189
    -0.027011659500869    -0.020910038768858    -0.007491649032759
     0.033116432750613     0.028317078055831     0.011278552033708
   40    13
    -0.045658934472843    -0.104631452198563    -0.027260487430890
    -0.112846843436105    -0.008218665289253    -0.049352525158611
    -0.070744059451283    -0.050420698339940    -0.114759401551063
   40    14
    -0.023050491506836     0.007130015474051    -0.009641898145934
    -0.012388300884063    -0.039653436068900    -0.005529899119487
    -0.011403754128152     0.003950310958664    -0.007156620366693
   40    15
    -0.043130158578016    -0.030855679788638    -0.066425069646035
     0.011777213311205     0.089538449462222    -0.026649528757706
     0.017348835413629    -0.038126372683667    -0.051666325860566
   40    16
     0.054216716389241    -0.014834371065426    -0.020927300276584
    -0.040981710377424     0.028329032579850    -0.120324125679523
    -0.082097307004449    -0.042326093462307    -0.071563839278634
   40    17
    -0.001566996504131     0.005937892366536     0.017086090001701
    -0.014574866559578    -0.016348080444468    -0.034759925686786
     0.001517812071513     0.003008267949428     0.000846767736167
   40    18
     0.010988082143401    -0.002716645327754    -0.043226737579213
    -0.001389409582314    -0.102281412274072    -0.000947257921747
     0.110633367191578     0.010692633042843    -0.049097937254601
   40    19
     0.147451573915812     0.210793149762874     0.239190605972347
     0.202200973730698     0.102572946507398    -0.117246016204061
     0.086932621025333    -0.241233581094260    -0.315036613943738
   40    20
    -3.545227503896339    -0.469539092079608     3.448281735250709
    -1.040512736625926    -1.693640720758013     0.090928658222514
     2.403799536857463    -0.377143724981914    -2.939562913402879
   40    21
    -2.172357900494966    -0.613067000440723     0.370537576195830
    -0.414620844740777    -5.409378904258046    -4.223128104955210
     0.613590996028366    -3.287381218693294    -4.531366329139580
   40    22
     0.029460731203205     0.184890237377753    -0.091291319295762
     0.141665282296884    -0.075261757310588    -0.030479417958395
     0.053419354056562     0.069903832452843    -0.111995497920100
   40    23
    -0.028251085105768    -0.106830318585792     0.038896445114010
    -0.026120491351401     0.072053702232693     0.063383667114782
    -0.047631942851897    -0.101753917981002    -0.024900934710484
   40    24
    -0.035612022503746    -0.024971667485689     0.034595843767920
    -0.043603213014630     0.088784850410173    -0.004464171349109
    -0.012075999071886    -0.106809436838660     0.103216398946887
   40    25
    -0.559450131572798    -0.408014581786413     0.030973961812030
     0.408014581786413     0.589930455511757     0.056616014403307
     0.030973961812030    -0.056616014403307    -2.223444546108871
   40    26
    -0.454535774053348     0.312998430206838    -0.556883496002395
     0.135474938078073    -0.088878472084571     0.876453997604450
    -0.315254951576669     0.051263024561638    -0.056446706523386
   40    27
    -0.016976536327639    -0.004573481955215    -0.049835968908921
     0.027791414138127    -0.005164288085135    -0.056167432490448
     0.017178665747319    -0.011261294208829    -0.024006197881479
   40    28
    -0.045364056213697     0.098002926429133    -0.004030829060523
     0.098002926429133    -0.037387810699261    -0.066043456637911
    -0.004030829060524    -0.066043456637911    -0.016234063158849
   40    29
    -0.698008902271843     0.029912163640275    -1.002950141652038
    -0.267474575226287    -0.183303036770488    -0.156857707192937
    -1.314298899104063    -0.523847190971773    -1.747006437818943
   40    30
    -1.747006437818943     1.002950141652038     0.156857707192937
     1.314298899104063    -0.698008902271843    -0.267474575226287
     0.523847190971773     0.029912163640275    -0.183303036770489
   40    31
    -0.056930908940347     0.079179213583862    -0.021236269111485
     0.079179213583862     0.051461924123781     0.023094556780986
     0.021236269111485    -0.023094556780986    -0.086411936317880
   40    32
    -0.119370518528136    -0.011664654433322     0.037233322598963
    -0.053111795752376    -0.065370353590634    -0.020049036825872
    -0.005179737631735     0.013923897427692    -0.028277516904562
   40    33
     0.030897067632425    -0.086165067662898    -0.097954349666405
     0.017244621868904    -0.027477572895563    -0.001965753168851
    -0.010921890319555    -0.039127842125305    -0.092137880792451
   40    34
     0.024623605221194    -0.005042558916184     0.016820217851975
     0.005042558916184     0.064916398402808     0.004862029398961
    -0.016820217851975     0.004862029398961     0.027026729714143
   40    35
    -0.005164288085135     0.011261294208829    -0.004573481955215
     0.056167432490448    -0.024006197881479     0.049835968908921
     0.027791414138127    -0.017178665747319    -0.016976536327639
   40    36
     0.028033638722010    -0.038258811574075     0.057944487585613
     0.005661800314113     0.015122782243802     0.006759465740775
    -0.010783297390443    -0.017472652757293    -0.021759012530868
   40    37
    -0.131912865570759    -0.039446132248035    -0.035357604010736
     0.039446132248035    -0.069044981292983     0.075019529043858
    -0.035357604010736    -0.075019529043858    -0.018786011532152
   40    38
    -0.027477572895562     0.039127842125305     0.086165067662898
     0.001965753168851    -0.092137880792451    -0.097954349666405
    -0.017244621868904    -0.010921890319555     0.030897067632424
   40    39
    -0.134725548521080    -0.033581300216526    -0.239497033642252
    -0.006464727429846     0.174313555115634    -0.517696382124296
    -0.008487189089409     0.317007725656166    -0.185005573122891
   40    40
    17.202040189486070    -2.099885060717728     4.186398684326194
    -2.099885060717728    15.986337037458824     2.162723706866664
     4.186398684326194     2.162723706866664    19.188753940509173
   40    41
    -0.663840618721433    -0.210211930085825     0.154581184276603
    -0.656974799701350     0.159506219836045     0.777919956642841
     0.460010205801838     0.416363704593947     0.218808219859015
   40    42
     0.218808219859015    -0.154581184276603    -0.777919956642841
    -0.460010205801838    -0.663840618721433    -0.656974799701350
    -0.416363704593947    -0.210211930085825     0.159506219836045
   40    43
     0.026771442069048     0.002490124406970     0.033825252056035
     0.002490124406970    -0.016632105351093    -0.015268107418727
    -0.033825252056035     0.015268107418727     0.030524079853892
   40    44
     0.015122782243802    -0.017472652757293    -0.038258811574075
     0.006759465740775    -0.021759012530868     0.057944487585613
     0.005661800314113    -0.010783297390443     0.028033638722010
   40    45
    -0.056446706523386     0.556883496002395     0.876453997604450
     0.315254951576669    -0.454535774053348    -0.135474938078073
     0.051263024561638    -0.312998430206838    -0.088878472084571
   40    46
    -0.003755064781556    -0.074478146731664     0.012830014285740
     0.074478146731664     0.009361139925325     0.002223990775049
    -0.012830014285740     0.002223990775049     0.003219505051764
   40    47
     0.174313555115634    -0.317007725656166    -0.033581300216526
     0.517696382124296    -0.185005573122891     0.239497033642252
    -0.006464727429846     0.008487189089409    -0.134725548521080
   40    48
    -0.028277516904562     0.037233322598963    -0.020049036825872
    -0.005179737631735    -0.119370518528137    -0.053111795752376
     0.013923897427692    -0.011664654433322    -0.065370353590634
   41     1
    -0.016348080444468    -0.034759925686786     0.014574866559578
     0.003008267949428     0.000846767736167    -0.001517812071513
    -0.005937892366536    -0.017086090001701    -0.001566996504131
   41     2
    -0.102281412274072    -0.000947257921747     0.001389409582314
     0.010692633042843    -0.049097937254601    -0.110633367191578
     0.002716645327754     0.043226737579213     0.010988082143400
   41     3
     0.028329032579850    -0.120324125679523     0.040981710377424
    -0.042326093462307    -0.071563839278634     0.082097307004449
     0.014834371065426     0.020927300276584     0.054216716389241
   41     4
     0.072053702232693     0.063383667114782     0.026120491351401
    -0.101753917981002    -0.024900934710484     0.047631942851897
     0.106830318585792    -0.038896445114010    -0.028251085105768
   41     5
     0.088784850410173    -0.004464171349109     0.043603213014630
    -0.106809436838660     0.103216398946887     0.012075999071886
     0.024971667485689    -0.034595843767920    -0.035612022503746
   41     6
    -0.075261757310588    -0.030479417958395    -0.141665282296884
     0.069903832452843    -0.111995497920100    -0.053419354056562
    -0.184890237377753     0.091291319295762     0.029460731203204
   41     7
    -0.175963647715098    -0.052066717709717     0.023437212624884
    -0.014520982813143     0.033954037561407     0.079642917269864
    -0.005336674825832     0.184202697567027     0.062629813946233
   41     8
    -0.057893314415172     0.141461278307664     0.024226660517601
     0.150005912457348    -0.136687431016873    -0.129339346757783
     0.166717865631997    -0.147659286532785    -0.122174090112954
   41     9
    -4.132743351795649     2.847236231417004    -2.598318568808613
     2.266840407425615    -2.277556684351453     2.363179294310595
    -1.755106051369611     2.247576664240119    -2.922636364368684
   41    10
    -2.888172823225801    -0.888694071229506     0.608421511444958
     0.145093420677575    -4.275529983913517     4.120824463011706
    -0.555587314029763     4.355351000021043    -4.412337877199690
   41    11
    -0.099100845972295     0.049844575724273     0.085196471320890
     0.001289173513233    -0.149976619085798    -0.039422411025234
    -0.062043832346955     0.013084823160618     0.005109726694701
   41    12
    -0.024247008251799    -0.046058291441758    -0.146553334698531
     0.006922656410468     0.021614626482137    -0.042207763561893
    -0.010025028487359    -0.038742273738624    -0.003043376537683
   41    13
     0.026348264440443     0.057165193304332     0.081314256218394
    -0.015657760083639    -0.007081843824583    -0.059295683938961
    -0.038923186272021     0.101423769088297     0.047692713523753
   41    14
    -0.029432443249109     0.148930741865162    -0.044012502624111
     0.006589469168312     0.187133887194458    -0.038878822687197
     0.011869612280127    -0.001736238092791    -0.085987547032342
   41    15
     0.025139450666613    -0.002815883345076     0.014216834826037
    -0.001398752967230     0.005191541158994    -0.036021345258857
     0.028104820804649    -0.011692419423028     0.026092781604413
   41    16
     0.000823830959952     0.001191150835691     0.008619244963643
    -0.022037174343765    -0.022418106025042    -0.011509937996460
     0.000802131620604     0.003259670190074     0.001679507504992
   41    17
    -0.020910038768858    -0.007491649032759     0.027011659500869
     0.028317078055831     0.011278552033708    -0.033116432750613
    -0.051019860851561    -0.030462627855189     0.145449916663576
   41    18
     0.040629508591981    -0.078046314352118     0.120914047925967
    -0.029597582145299     0.025121699340127     0.019856707464238
    -0.018491748308592    -0.016834676712511    -0.061104267894301
   41    19
    -1.693640720758013     0.090928658222514     1.040512736625926
    -0.377143724981914    -2.939562913402878    -2.403799536857463
     0.469539092079608    -3.448281735250709    -3.545227503896339
   41    20
    -5.409378904258046    -4.223128104955210     0.414620844740777
    -3.287381218693294    -4.531366329139579    -0.613590996028366
     0.613067000440724    -0.370537576195830    -2.172357900494966
   41    21
     0.102572946507398    -0.117246016204061    -0.202200973730698
    -0.241233581094260    -0.315036613943738    -0.086932621025333
    -0.210793149762874    -0.239190605972347     0.147451573915811
   41    22
    -0.039653436068900    -0.005529899119487     0.012388300884063
     0.003950310958664    -0.007156620366693     0.011403754128152
    -0.007130015474051     0.009641898145934    -0.023050491506836
   41    23
     0.089538449462222    -0.026649528757706    -0.011777213311205
    -0.038126372683667    -0.051666325860565    -0.017348835413629
     0.030855679788638     0.066425069646035    -0.043130158578016
   41    24
    -0.008218665289253    -0.049352525158611     0.112846843436105
    -0.050420698339940    -0.114759401551062     0.070744059451283
     0.104631452198563     0.027260487430890    -0.045658934472844
   41    25
    -0.454535774053348    -0.135474938078073    -0.315254951576669
    -0.312998430206838    -0.088878472084571    -0.051263024561638
    -0.556883496002395    -0.876453997604450    -0.056446706523386
   41    26
    -0.016632105351093    -0.015268107418727    -0.002490124406970
     0.015268107418727     0.030524079853892     0.033825252056035
    -0.002490124406970    -0.033825252056035     0.026771442069048
   41    27
    -0.021759012530868     0.057944487585613    -0.006759465740775
    -0.010783297390443     0.028033638722010    -0.005661800314113
     0.017472652757293     0.038258811574075     0.015122782243802
   41    28
    -0.698008902271843    -0.267474575226287    -1.314298899104063
     0.029912163640275    -0.183303036770488    -0.523847190971773
    -1.002950141652038    -0.156857707192937    -1.747006437818943
   41    29
    -0.037387810699261    -0.066043456637911    -0.098002926429133
    -0.066043456637911    -0.016234063158849     0.004030829060523
    -0.098002926429133     0.004030829060523    -0.045364056213697
   41    30
    -0.183303036770488    -0.156857707192937     0.267474575226287
    -0.523847190971773    -1.747006437818943     1.314298899104063
    -0.029912163640275     1.002950141652038    -0.698008902271843
   41    31
    -0.119370518528136    -0.053111795752376     0.005179737631735
    -0.011664654433322    -0.065370353590634    -0.013923897427692
    -0.037233322598963     0.020049036825872    -0.028277516904562
   41    32
     0.009361139925325     0.002223990775049    -0.074478146731664
     0.002223990775049     0.003219505051764     0.012830014285740
     0.074478146731664    -0.012830014285740    -0.003755064781556
   41    33
    -0.185005573122890     0.239497033642252    -0.517696382124296
     0.008487189089409    -0.134725548521080     0.006464727429846
     0.317007725656166     0.033581300216526     0.174313555115634
   41    34
    -0.005164288085135    -0.056167432490448    -0.027791414138127
    -0.011261294208829    -0.024006197881479    -0.017178665747319
     0.004573481955215     0.049835968908921    -0.016976536327639
   41    35
     0.589930455511757     0.056616014403307    -0.408014581786413
    -0.056616014403307    -2.223444546108871    -0.030973961812030
     0.408014581786413    -0.030973961812030    -0.559450131572799
   41    36
    -0.088878472084571     0.876453997604450    -0.135474938078073
     0.051263024561638    -0.056446706523386     0.315254951576669
    -0.312998430206838     0.556883496002395    -0.454535774053348
   41    37
    -0.027477572895562    -0.001965753168851    -0.017244621868904
    -0.039127842125305    -0.092137880792451     0.010921890319555
     0.086165067662898     0.097954349666405     0.030897067632424
   41    38
     0.051461924123781     0.023094556780986    -0.079179213583862
    -0.023094556780986    -0.086411936317880    -0.021236269111485
    -0.079179213583862     0.021236269111485    -0.056930908940347
   41    39
    -0.065370353590634    -0.020049036825872     0.053111795752376
     0.013923897427692    -0.028277516904562     0.005179737631735
     0.011664654433322    -0.037233322598963    -0.119370518528137
   41    40
    -0.663840618721433    -0.656974799701350     0.460010205801838
    -0.210211930085825     0.159506219836045     0.416363704593947
     0.154581184276603     0.777919956642841     0.218808219859015
   41    41
    15.986337037458819     2.162723706866664     2.099885060717727
     2.162723706866664    19.188753940509169    -4.186398684326193
     2.099885060717727    -4.186398684326193    17.202040189486077
   41    42
     0.159506219836045     0.777919956642841     0.656974799701350
     0.416363704593947     0.218808219859015    -0.460010205801838
     0.210211930085825    -0.154581184276603    -0.663840618721433
   41    43
     0.015122782243802     0.006759465740775    -0.005661800314113
    -0.017472652757293    -0.021759012530868     0.010783297390443
     0.038258811574075    -0.057944487585613     0.028033638722009
   41    44
     0.064916398402808     0.004862029398961    -0.005042558916184
     0.004862029398961     0.027026729714143     0.016820217851975
     0.005042558916184    -0.016820217851975     0.024623605221194
   41    45
    -0.024006197881479     0.049835968908921    -0.056167432490448
    -0.017178665747319    -0.016976536327639    -0.027791414138127
    -0.011261294208829     0.004573481955215    -0.005164288085135
   41    46
     0.174313555115634    -0.517696382124296     0.006464727429846
     0.317007725656166    -0.185005573122890     0.008487189089409
     0.033581300216526     0.239497033642252    -0.134725548521080
   41    47
    -0.069044981292983     0.075019529043858    -0.039446132248035
    -0.075019529043858    -0.018786011532152     0.035357604010736
     0.039446132248035     0.035357604010736    -0.131912865570759
   41    48
    -0.092137880792451    -0.097954349666405    -0.001965753168851
    -0.010921890319555     0.030897067632424     0.017244621868904
    -0.039127842125305    -0.086165067662898    -0.027477572895562
   42     1
     0.011278552033708    -0.033116432750613    -0.028317078055831
    -0.030462627855189     0.145449916663576     0.051019860851561
     0.007491649032759    -0.027011659500869    -0.020910038768858
   42     2
     0.025121699340127     0.019856707464238     0.029597582145299
    -0.016834676712511    -0.061104267894301     0.018491748308592
     0.078046314352118    -0.120914047925967     0.040629508591981
   42     3
    -0.022418106025043    -0.011509937996460     0.022037174343765
     0.003259670190074     0.001679507504991    -0.000802131620604
    -0.001191150835691    -0.008619244963643     0.000823830959952
   42     4
    -0.051666325860566    -0.017348835413629     0.038126372683667
     0.066425069646035    -0.043130158578017    -0.030855679788638
     0.026649528757706     0.011777213311205     0.089538449462222
   42     5
    -0.114759401551063     0.070744059451283     0.050420698339940
     0.027260487430890    -0.045658934472844    -0.104631452198563
     0.049352525158611    -0.112846843436105    -0.008218665289253
   42     6
    -0.007156620366693     0.011403754128152    -0.003950310958664
     0.009641898145934    -0.023050491506836     0.007130015474051
     0.005529899119487    -0.012388300884063    -0.039653436068900
   42     7
    -0.136687431016873    -0.129339346757783    -0.150005912457348
    -0.147659286532785    -0.122174090112954    -0.166717865631997
    -0.141461278307664    -0.024226660517601    -0.057893314415173
   42     8
    -2.277556684351453     2.363179294310595    -2.266840407425615
     2.247576664240119    -2.922636364368684     1.755106051369611
    -2.847236231417004     2.598318568808613    -4.132743351795649
   42     9
     0.033954037561406     0.079642917269864     0.014520982813143
     0.184202697567027     0.062629813946233     0.005336674825832
     0.052066717709717    -0.023437212624884    -0.175963647715098
   42    10
    -0.049097937254601    -0.110633367191578    -0.010692633042843
     0.043226737579213     0.010988082143400    -0.002716645327754
     0.000947257921747    -0.001389409582314    -0.102281412274072
   42    11
    -0.071563839278634     0.082097307004449     0.042326093462307
     0.020927300276584     0.054216716389241    -0.014834371065426
     0.120324125679523    -0.040981710377424     0.028329032579850
   42    12
     0.000846767736167    -0.001517812071513    -0.003008267949428
    -0.017086090001701    -0.001566996504131     0.005937892366536
     0.034759925686786    -0.014574866559578    -0.016348080444468
   42    13
     0.103216398946887     0.012075999071886     0.106809436838660
    -0.034595843767920    -0.035612022503746    -0.024971667485689
     0.004464171349109    -0.043603213014630     0.088784850410173
   42    14
    -0.111995497920100    -0.053419354056562    -0.069903832452843
     0.091291319295762     0.029460731203204     0.184890237377753
     0.030479417958395     0.141665282296884    -0.075261757310588
   42    15
    -0.024900934710484     0.047631942851897     0.101753917981002
    -0.038896445114010    -0.028251085105768    -0.106830318585792
    -0.063383667114782    -0.026120491351401     0.072053702232693
   42    16
    -0.149976619085798    -0.039422411025234    -0.001289173513233
     0.013084823160618     0.005109726694701     0.062043832346955
    -0.049844575724273    -0.085196471320890    -0.099100845972295
   42    17
     0.021614626482137    -0.042207763561893    -0.006922656410468
    -0.038742273738624    -0.003043376537683     0.010025028487359
     0.046058291441758     0.146553334698531    -0.024247008251799
   42    18
    -4.275529983913517     4.120824463011706    -0.145093420677575
     4.355351000021043    -4.412337877199690     0.555587314029763
     0.888694071229506    -0.608421511444958    -2.888172823225802
   42    19
    -4.531366329139579    -0.613590996028366     3.287381218693294
    -0.370537576195830    -2.172357900494966    -0.613067000440723
     4.223128104955210    -0.414620844740777    -5.409378904258046
   42    20
    -0.315036613943738    -0.086932621025333     0.241233581094260
    -0.239190605972347     0.147451573915811     0.210793149762874
     0.117246016204061     0.202200973730698     0.102572946507398
   42    21
    -2.939562913402879    -2.403799536857463     0.377143724981914
    -3.448281735250709    -3.545227503896339    -0.469539092079608
    -0.090928658222514    -1.040512736625926    -1.693640720758013
   42    22
     0.187133887194458    -0.038878822687197    -0.006589469168312
    -0.001736238092791    -0.085987547032342    -0.011869612280127
    -0.148930741865162     0.044012502624111    -0.029432443249109
   42    23
     0.005191541158993    -0.036021345258857     0.001398752967230
    -0.011692419423027     0.026092781604413    -0.028104820804649
     0.002815883345076    -0.014216834826037     0.025139450666613
   42    24
    -0.007081843824583    -0.059295683938961     0.015657760083639
     0.101423769088297     0.047692713523753     0.038923186272021
    -0.057165193304332    -0.081314256218394     0.026348264440442
   42    25
    -0.016976536327639    -0.027791414138127     0.017178665747319
     0.004573481955215    -0.005164288085135     0.011261294208829
    -0.049835968908921     0.056167432490448    -0.024006197881479
   42    26
    -0.021759012530868     0.010783297390443     0.017472652757293
    -0.057944487585613     0.028033638722009    -0.038258811574075
    -0.006759465740775     0.005661800314113     0.015122782243802
   42    27
     0.027026729714143     0.016820217851975    -0.004862029398961
    -0.016820217851975     0.024623605221194    -0.005042558916184
    -0.004862029398961     0.005042558916184     0.064916398402808
   42    28
    -1.747006437818943     1.314298899104063     0.523847190971773
     1.002950141652038    -0.698008902271843     0.029912163640275
     0.156857707192937    -0.267474575226287    -0.183303036770488
   42    29
    -0.183303036770488    -0.523847190971773    -0.029912163640275
    -0.156857707192937    -1.747006437818943     1.002950141652038
     0.267474575226287     1.314298899104063    -0.698008902271843
   42    30
    -0.016234063158850     0.004030829060523     0.066043456637911
     0.004030829060523    -0.045364056213698     0.098002926429133
     0.066043456637911     0.098002926429133    -0.037387810699261
   42    31
     0.030897067632424     0.017244621868904     0.010921890319555
    -0.086165067662898    -0.027477572895563     0.039127842125305
     0.097954349666405     0.001965753168851    -0.092137880792451
   42    32
    -0.185005573122890     0.008487189089409    -0.317007725656166
     0.239497033642252    -0.134725548521080    -0.033581300216526
     0.517696382124296    -0.006464727429846     0.174313555115634
   42    33
    -0.018786011532152     0.035357604010736     0.075019529043858
     0.035357604010736    -0.131912865570759    -0.039446132248035
    -0.075019529043858     0.039446132248035    -0.069044981292983
   42    34
     0.028033638722009    -0.005661800314113     0.010783297390443
     0.038258811574075     0.015122782243802    -0.017472652757293
    -0.057944487585613     0.006759465740775    -0.021759012530868
   42    35
    -0.088878472084571    -0.051263024561638     0.312998430206838
    -0.876453997604450    -0.056446706523386     0.556883496002396
     0.135474938078073     0.315254951576669    -0.454535774053348
   42    36
     0.030524079853892     0.033825252056035    -0.015268107418727
    -0.033825252056035     0.026771442069048     0.002490124406970
     0.015268107418727     0.002490124406970    -0.016632105351093
   42    37
    -0.134725548521080     0.006464727429846    -0.008487189089409
     0.033581300216526     0.174313555115634    -0.317007725656165
    -0.239497033642252     0.517696382124296    -0.185005573122891
   42    38
    -0.065370353590634    -0.013923897427692     0.011664654433322
     0.020049036825872    -0.028277516904562     0.037233322598963
     0.053111795752376    -0.005179737631735    -0.119370518528137
   42    39
     0.003219505051764     0.012830014285740    -0.002223990775049
    -0.012830014285740    -0.003755064781556    -0.074478146731664
    -0.002223990775049     0.074478146731664     0.009361139925325
   42    40
     0.218808219859015    -0.460010205801838    -0.416363704593947
    -0.154581184276603    -0.663840618721433    -0.210211930085825
    -0.777919956642841    -0.656974799701350     0.159506219836045
   42    41
     0.159506219836045     0.416363704593947     0.210211930085825
     0.777919956642841     0.218808219859015    -0.154581184276603
     0.656974799701350    -0.460010205801838    -0.663840618721433
   42    42
    19.188753940509169    -4.186398684326193    -2.162723706866664
    -4.186398684326193    17.202040189486080    -2.099885060717728
    -2.162723706866664    -2.099885060717728    15.986337037458824
   42    43
    -0.056446706523386     0.315254951576669    -0.051263024561638
     0.556883496002395    -0.454535774053348     0.312998430206838
    -0.876453997604450     0.135474938078073    -0.088878472084572
   42    44
    -0.024006197881479    -0.017178665747319     0.011261294208829
     0.049835968908921    -0.016976536327639    -0.004573481955215
     0.056167432490448     0.027791414138127    -0.005164288085135
   42    45
    -2.223444546108871    -0.030973961812030     0.056616014403307
    -0.030973961812030    -0.559450131572799    -0.408014581786413
    -0.056616014403307     0.408014581786413     0.589930455511757
   42    46
    -0.028277516904562     0.005179737631735    -0.013923897427692
    -0.037233322598963    -0.119370518528137    -0.011664654433322
     0.020049036825873    -0.053111795752376    -0.065370353590634
   42    47
    -0.092137880792451     0.010921890319555     0.039127842125305
     0.097954349666405     0.030897067632424    -0.086165067662898
     0.001965753168851     0.017244621868904    -0.027477572895562
   42    48
    -0.086411936317880    -0.021236269111485     0.023094556780986
     0.021236269111485    -0.056930908940347     0.079179213583862
    -0.023094556780986     0.079179213583862     0.051461924123781
   43     1
    -0.061104267894301     0.018491748308592    -0.016834676712511
    -0.120914047925967     0.040629508591981     0.078046314352118
     0.019856707464238     0.029597582145299     0.025121699340127
   43     2
     0.001679507504992    -0.000802131620604     0.003259670190074
    -0.008619244963643     0.000823830959952    -0.001191150835691
    -0.011509937996460     0.022037174343765    -0.022418106025043
   43     3
     0.145449916663576     0.051019860851561    -0.030462627855189
    -0.027011659500869    -0.020910038768858     0.007491649032759
    -0.033116432750613    -0.028317078055831     0.011278552033708
   43     4
    -2.922636364368684     1.755106051369611     2.247576664240119
     2.598318568808613    -4.132743351795649    -2.847236231417004
     2.363179294310595    -2.266840407425615    -2.277556684351453
   43     5
     0.062629813946233     0.005336674825832     0.184202697567027
    -0.023437212624884    -0.175963647715098     0.052066717709717
     0.079642917269864     0.014520982813143     0.033954037561406
   43     6
    -0.122174090112954    -0.166717865631997    -0.147659286532785
    -0.024226660517601    -0.057893314415172    -0.141461278307664
    -0.129339346757782    -0.150005912457348    -0.136687431016873
   43     7
     0.026092781604413    -0.028104820804649    -0.011692419423027
    -0.014216834826037     0.025139450666613     0.002815883345076
    -0.036021345258857     0.001398752967230     0.005191541158993
   43     8
     0.047692713523753     0.038923186272021     0.101423769088297
    -0.081314256218394     0.026348264440443    -0.057165193304332
    -0.059295683938960     0.015657760083639    -0.007081843824583
   43     9
    -0.085987547032342    -0.011869612280127    -0.001736238092791
     0.044012502624111    -0.029432443249109    -0.148930741865162
    -0.038878822687197    -0.006589469168312     0.187133887194458
   43    10
    -0.003043376537683     0.010025028487359    -0.038742273738624
     0.146553334698531    -0.024247008251799     0.046058291441758
    -0.042207763561893    -0.006922656410468     0.021614626482137
   43    11
    -4.412337877199690     0.555587314029763     4.355351000021043
    -0.608421511444958    -2.888172823225802     0.888694071229506
     4.120824463011706    -0.145093420677575    -4.275529983913517
   43    12
     0.005109726694701     0.062043832346955     0.013084823160618
    -0.085196471320890    -0.099100845972295    -0.049844575724273
    -0.039422411025234    -0.001289173513233    -0.149976619085798
   43    13
     0.029460731203204     0.184890237377753     0.091291319295762
     0.141665282296884    -0.075261757310588     0.030479417958395
    -0.053419354056562    -0.069903832452843    -0.111995497920100
   43    14
    -0.028251085105768    -0.106830318585792    -0.038896445114010
    -0.026120491351401     0.072053702232693    -0.063383667114782
     0.047631942851897     0.101753917981002    -0.024900934710484
   43    15
    -0.035612022503746    -0.024971667485689    -0.034595843767920
    -0.043603213014630     0.088784850410173     0.004464171349109
     0.012075999071886     0.106809436838660     0.103216398946887
   43    16
     0.147451573915811     0.210793149762874    -0.239190605972347
     0.202200973730698     0.102572946507398     0.117246016204061
    -0.086932621025333     0.241233581094260    -0.315036613943738
   43    17
    -3.545227503896339    -0.469539092079608    -3.448281735250709
    -1.040512736625926    -1.693640720758013    -0.090928658222514
    -2.403799536857463     0.377143724981914    -2.939562913402879
   43    18
    -2.172357900494966    -0.613067000440724    -0.370537576195830
    -0.414620844740777    -5.409378904258046     4.223128104955210
    -0.613590996028366     3.287381218693294    -4.531366329139580
   43    19
     0.054216716389241    -0.014834371065426     0.020927300276584
    -0.040981710377424     0.028329032579850     0.120324125679523
     0.082097307004449     0.042326093462307    -0.071563839278634
   43    20
    -0.001566996504131     0.005937892366536    -0.017086090001701
    -0.014574866559578    -0.016348080444468     0.034759925686786
    -0.001517812071513    -0.003008267949428     0.000846767736167
   43    21
     0.010988082143400    -0.002716645327754     0.043226737579213
    -0.001389409582314    -0.102281412274072     0.000947257921747
    -0.110633367191578    -0.010692633042843    -0.049097937254601
   43    22
    -0.045658934472844    -0.104631452198563     0.027260487430890
    -0.112846843436105    -0.008218665289253     0.049352525158611
     0.070744059451283     0.050420698339940    -0.114759401551063
   43    23
    -0.023050491506836     0.007130015474051     0.009641898145934
    -0.012388300884063    -0.039653436068900     0.005529899119487
     0.011403754128152    -0.003950310958664    -0.007156620366693
   43    24
    -0.043130158578016    -0.030855679788638     0.066425069646035
     0.011777213311205     0.089538449462222     0.026649528757706
    -0.017348835413629     0.038126372683667    -0.051666325860566
   43    25
     0.024623605221194    -0.005042558916184    -0.016820217851975
     0.005042558916184     0.064916398402808    -0.004862029398961
     0.016820217851975    -0.004862029398961     0.027026729714143
   43    26
    -0.005164288085135     0.011261294208829     0.004573481955215
     0.056167432490448    -0.024006197881479    -0.049835968908921
    -0.027791414138127     0.017178665747319    -0.016976536327639
   43    27
     0.028033638722009    -0.038258811574075    -0.057944487585613
     0.005661800314113     0.015122782243802    -0.006759465740775
     0.010783297390443     0.017472652757293    -0.021759012530868
   43    28
    -0.056930908940347     0.079179213583862     0.021236269111485
     0.079179213583862     0.051461924123781    -0.023094556780986
    -0.021236269111485     0.023094556780986    -0.086411936317880
   43    29
    -0.119370518528137    -0.011664654433322    -0.037233322598963
    -0.053111795752376    -0.065370353590634     0.020049036825872
     0.005179737631735    -0.013923897427692    -0.028277516904562
   43    30
     0.030897067632424    -0.086165067662898     0.097954349666405
     0.017244621868904    -0.027477572895563     0.001965753168851
     0.010921890319555     0.039127842125305    -0.092137880792451
   43    31
    -0.045364056213698     0.098002926429133     0.004030829060523
     0.098002926429133    -0.037387810699261     0.066043456637911
     0.004030829060523     0.066043456637911    -0.016234063158849
   43    32
    -0.698008902271843     0.029912163640275     1.002950141652038
    -0.267474575226287    -0.183303036770488     0.156857707192937
     1.314298899104063     0.523847190971773    -1.747006437818943
   43    33
    -1.747006437818943     1.002950141652038    -0.156857707192937
     1.314298899104063    -0.698008902271843     0.267474575226287
    -0.523847190971773    -0.029912163640275    -0.183303036770488
   43    34
    -0.559450131572799    -0.408014581786413    -0.030973961812030
     0.408014581786413     0.589930455511757    -0.056616014403307
    -0.030973961812030     0.056616014403307    -2.223444546108871
   43    35
    -0.454535774053348     0.312998430206838     0.556883496002395
     0.135474938078073    -0.088878472084571    -0.876453997604450
     0.315254951576669    -0.051263024561638    -0.056446706523386
   43    36
    -0.016976536327639    -0.004573481955215     0.049835968908921
     0.027791414138127    -0.005164288085135     0.056167432490448
    -0.017178665747319     0.011261294208829    -0.024006197881479
   43    37
    -0.003755064781556    -0.074478146731664    -0.012830014285740
     0.074478146731664     0.009361139925325    -0.002223990775049
     0.012830014285740    -0.002223990775049     0.003219505051764
   43    38
     0.174313555115634    -0.317007725656166     0.033581300216526
     0.517696382124296    -0.185005573122890    -0.239497033642252
     0.006464727429846    -0.008487189089409    -0.134725548521080
   43    39
    -0.028277516904562     0.037233322598963     0.020049036825872
    -0.005179737631735    -0.119370518528136     0.053111795752376
    -0.013923897427692     0.011664654433322    -0.065370353590634
   43    40
     0.026771442069048     0.002490124406970    -0.033825252056035
     0.002490124406970    -0.016632105351093     0.015268107418727
     0.033825252056035    -0.015268107418727     0.030524079853892
   43    41
     0.015122782243802    -0.017472652757293     0.038258811574075
     0.006759465740775    -0.021759012530868    -0.057944487585613
    -0.005661800314113     0.010783297390443     0.028033638722009
   43    42
    -0.056446706523386     0.556883496002395    -0.876453997604450
     0.315254951576669    -0.454535774053348     0.135474938078073
    -0.051263024561638     0.312998430206838    -0.088878472084572
   43    43
    17.202040189486073    -2.099885060717727    -4.186398684326193
    -2.099885060717727    15.986337037458819    -2.162723706866665
    -4.186398684326193    -2.162723706866665    19.188753940509176
   43    44
    -0.663840618721433    -0.210211930085825    -0.154581184276603
    -0.656974799701350     0.159506219836045    -0.777919956642841
    -0.460010205801838    -0.416363704593947     0.218808219859015
   43    45
     0.218808219859015    -0.154581184276603     0.777919956642841
    -0.460010205801838    -0.663840618721433     0.656974799701350
     0.416363704593947     0.210211930085825     0.159506219836045
   43    46
    -0.131912865570759    -0.039446132248035     0.035357604010736
     0.039446132248035    -0.069044981292983    -0.075019529043858
     0.035357604010736     0.075019529043858    -0.018786011532152
   43    47
    -0.027477572895563     0.039127842125305    -0.086165067662898
     0.001965753168851    -0.092137880792451     0.097954349666405
     0.017244621868904     0.010921890319555     0.030897067632424
   43    48
    -0.134725548521080    -0.033581300216526     0.239497033642252
    -0.006464727429846     0.174313555115634     0.517696382124296
     0.008487189089409    -0.317007725656166    -0.185005573122890
   44     1
    -2.888172823225802    -0.888694071229506    -0.608421511444958
     0.145093420677575    -4.275529983913517    -4.120824463011706
     0.555587314029763    -4.355351000021043    -4.412337877199690
   44     2
    -0.099100845972295     0.049844575724273    -0.085196471320890
     0.001289173513233    -0.149976619085798     0.039422411025234
     0.062043832346955    -0.013084823160618     0.005109726694702
   44     3
    -0.024247008251799    -0.046058291441758     0.146553334698531
     0.006922656410468     0.021614626482137     0.042207763561893
     0.010025028487359     0.038742273738624    -0.003043376537683
   44     4
    -0.175963647715098    -0.052066717709717    -0.023437212624884
    -0.014520982813143     0.033954037561406    -0.079642917269864
     0.005336674825832    -0.184202697567027     0.062629813946233
   44     5
    -0.057893314415172     0.141461278307664    -0.024226660517601
     0.150005912457348    -0.136687431016874     0.129339346757782
    -0.166717865631997     0.147659286532785    -0.122174090112954
   44     6
    -4.132743351795649     2.847236231417004     2.598318568808613
     2.266840407425615    -2.277556684351453    -2.363179294310595
     1.755106051369611    -2.247576664240119    -2.922636364368684
   44     7
     0.072053702232693     0.063383667114782    -0.026120491351401
    -0.101753917981002    -0.024900934710484    -0.047631942851897
    -0.106830318585792     0.038896445114010    -0.028251085105768
   44     8
     0.088784850410173    -0.004464171349109    -0.043603213014630
    -0.106809436838660     0.103216398946887    -0.012075999071886
    -0.024971667485689     0.034595843767920    -0.035612022503746
   44     9
    -0.075261757310588    -0.030479417958395     0.141665282296884
     0.069903832452843    -0.111995497920100     0.053419354056562
     0.184890237377753    -0.091291319295762     0.029460731203205
   44    10
    -0.016348080444468    -0.034759925686786    -0.014574866559578
     0.003008267949428     0.000846767736166     0.001517812071513
     0.005937892366536     0.017086090001701    -0.001566996504131
   44    11
    -0.102281412274072    -0.000947257921747    -0.001389409582314
     0.010692633042843    -0.049097937254601     0.110633367191578
    -0.002716645327754    -0.043226737579214     0.010988082143401
   44    12
     0.028329032579850    -0.120324125679523    -0.040981710377424
    -0.042326093462307    -0.071563839278634    -0.082097307004449
    -0.014834371065426    -0.020927300276584     0.054216716389241
   44    13
    -0.039653436068900    -0.005529899119487    -0.012388300884063
     0.003950310958664    -0.007156620366693    -0.011403754128152
     0.007130015474051    -0.009641898145934    -0.023050491506836
   44    14
     0.089538449462222    -0.026649528757706     0.011777213311205
    -0.038126372683667    -0.051666325860566     0.017348835413629
    -0.030855679788638    -0.066425069646035    -0.043130158578016
   44    15
    -0.008218665289253    -0.049352525158611    -0.112846843436105
    -0.050420698339940    -0.114759401551063    -0.070744059451283
    -0.104631452198563    -0.027260487430890    -0.045658934472843
   44    16
    -1.693640720758013     0.090928658222514    -1.040512736625926
    -0.377143724981914    -2.939562913402879     2.403799536857463
    -0.469539092079608     3.448281735250709    -3.545227503896339
   44    17
    -5.409378904258046    -4.223128104955210    -0.414620844740777
    -3.287381218693294    -4.531366329139580     0.613590996028366
    -0.613067000440723     0.370537576195830    -2.172357900494966
   44    18
     0.102572946507398    -0.117246016204061     0.202200973730698
    -0.241233581094260    -0.315036613943738     0.086932621025333
     0.210793149762874     0.239190605972347     0.147451573915812
   44    19
     0.000823830959952     0.001191150835691    -0.008619244963643
    -0.022037174343765    -0.022418106025043     0.011509937996460
    -0.000802131620604    -0.003259670190074     0.001679507504992
   44    20
    -0.020910038768858    -0.007491649032759    -0.027011659500869
     0.028317078055831     0.011278552033708     0.033116432750613
     0.051019860851561     0.030462627855189     0.145449916663576
   44    21
     0.040629508591981    -0.078046314352118    -0.120914047925967
    -0.029597582145299     0.025121699340127    -0.019856707464238
     0.018491748308592     0.016834676712511    -0.061104267894301
   44    22
     0.026348264440442     0.057165193304332    -0.081314256218394
    -0.015657760083639    -0.007081843824583     0.059295683938961
     0.038923186272021    -0.101423769088297     0.047692713523753
   44    23
    -0.029432443249109     0.148930741865163     0.044012502624111
     0.006589469168312     0.187133887194458     0.038878822687197
    -0.011869612280127     0.001736238092791    -0.085987547032342
   44    24
     0.025139450666613    -0.002815883345076    -0.014216834826037
    -0.001398752967230     0.005191541158993     0.036021345258857
    -0.028104820804649     0.011692419423027     0.026092781604413
   44    25
    -0.005164288085135    -0.056167432490448     0.027791414138127
    -0.011261294208829    -0.024006197881479     0.017178665747319
    -0.004573481955215    -0.049835968908921    -0.016976536327639
   44    26
     0.589930455511757     0.056616014403307     0.408014581786413
    -0.056616014403307    -2.223444546108871     0.030973961812030
    -0.408014581786413     0.030973961812030    -0.559450131572798
   44    27
    -0.088878472084571     0.876453997604450     0.135474938078073
     0.051263024561638    -0.056446706523386    -0.315254951576669
     0.312998430206838    -0.556883496002396    -0.454535774053348
   44    28
    -0.119370518528136    -0.053111795752376    -0.005179737631735
    -0.011664654433322    -0.065370353590634     0.013923897427692
     0.037233322598963    -0.020049036825872    -0.028277516904562
   44    29
     0.009361139925325     0.002223990775049     0.074478146731664
     0.002223990775049     0.003219505051764    -0.012830014285740
    -0.074478146731664     0.012830014285740    -0.003755064781556
   44    30
    -0.185005573122891     0.239497033642252     0.517696382124296
     0.008487189089409    -0.134725548521080    -0.006464727429846
    -0.317007725656166    -0.033581300216526     0.174313555115634
   44    31
    -0.698008902271843    -0.267474575226287     1.314298899104063
     0.029912163640275    -0.183303036770489     0.523847190971773
     1.002950141652038     0.156857707192937    -1.747006437818943
   44    32
    -0.037387810699261    -0.066043456637911     0.098002926429133
    -0.066043456637911    -0.016234063158850    -0.004030829060523
     0.098002926429133    -0.004030829060523    -0.045364056213697
   44    33
    -0.183303036770488    -0.156857707192937    -0.267474575226287
    -0.523847190971773    -1.747006437818943    -1.314298899104063
     0.029912163640275    -1.002950141652038    -0.698008902271843
   44    34
    -0.454535774053348    -0.135474938078073     0.315254951576669
    -0.312998430206838    -0.088878472084572     0.051263024561638
     0.556883496002395     0.876453997604450    -0.056446706523386
   44    35
    -0.016632105351093    -0.015268107418727     0.002490124406970
     0.015268107418727     0.030524079853892    -0.033825252056035
     0.002490124406970     0.033825252056035     0.026771442069048
   44    36
    -0.021759012530868     0.057944487585613     0.006759465740775
    -0.010783297390443     0.028033638722009     0.005661800314113
    -0.017472652757293    -0.038258811574075     0.015122782243802
   44    37
     0.174313555115634    -0.517696382124296    -0.006464727429846
     0.317007725656166    -0.185005573122891    -0.008487189089409
    -0.033581300216526    -0.239497033642252    -0.134725548521080
   44    38
    -0.069044981292983     0.075019529043858     0.039446132248035
    -0.075019529043858    -0.018786011532152    -0.035357604010736
    -0.039446132248035    -0.035357604010736    -0.131912865570759
   44    39
    -0.092137880792451    -0.097954349666405     0.001965753168851
    -0.010921890319555     0.030897067632424    -0.017244621868904
     0.039127842125305     0.086165067662898    -0.027477572895562
   44    40
     0.015122782243802     0.006759465740775     0.005661800314113
    -0.017472652757293    -0.021759012530868    -0.010783297390443
    -0.038258811574075     0.057944487585613     0.028033638722010
   44    41
     0.064916398402808     0.004862029398961     0.005042558916184
     0.004862029398961     0.027026729714143    -0.016820217851975
    -0.005042558916184     0.016820217851975     0.024623605221194
   44    42
    -0.024006197881479     0.049835968908921     0.056167432490448
    -0.017178665747319    -0.016976536327639     0.027791414138127
     0.011261294208829    -0.004573481955215    -0.005164288085135
   44    43
    -0.663840618721433    -0.656974799701350    -0.460010205801838
    -0.210211930085825     0.159506219836045    -0.416363704593947
    -0.154581184276603    -0.777919956642841     0.218808219859015
   44    44
    15.986337037458823     2.162723706866664    -2.099885060717727
     2.162723706866664    19.188753940509173     4.186398684326193
    -2.099885060717727     4.186398684326193    17.202040189486070
   44    45
     0.159506219836045     0.777919956642841    -0.656974799701350
     0.416363704593947     0.218808219859014     0.460010205801838
    -0.210211930085825     0.154581184276603    -0.663840618721433
   44    46
    -0.027477572895563    -0.001965753168851     0.017244621868904
    -0.039127842125305    -0.092137880792451    -0.010921890319555
    -0.086165067662898    -0.097954349666405     0.030897067632424
   44    47
     0.051461924123781     0.023094556780986     0.079179213583862
    -0.023094556780986    -0.086411936317880     0.021236269111485
     0.079179213583862    -0.021236269111485    -0.056930908940347
   44    48
    -0.065370353590634    -0.020049036825872    -0.053111795752376
     0.013923897427692    -0.028277516904562    -0.005179737631735
    -0.011664654433322     0.037233322598963    -0.119370518528136
   45     1
    -0.049097937254601    -0.110633367191578     0.010692633042843
     0.043226737579213     0.010988082143400     0.002716645327754
    -0.000947257921747     0.001389409582314    -0.102281412274072
   45     2
    -0.071563839278634     0.082097307004449    -0.042326093462307
     0.020927300276584     0.054216716389241     0.014834371065426
    -0.120324125679523     0.040981710377424     0.028329032579850
   45     3
     0.000846767736167    -0.001517812071513     0.003008267949428
    -0.017086090001701    -0.001566996504131    -0.005937892366536
    -0.034759925686786     0.014574866559578    -0.016348080444468
   45     4
    -0.136687431016873    -0.129339346757783     0.150005912457348
    -0.147659286532785    -0.122174090112954     0.166717865631997
     0.141461278307664     0.024226660517601    -0.057893314415172
   45     5
    -2.277556684351453     2.363179294310595     2.266840407425615
     2.247576664240119    -2.922636364368684    -1.755106051369611
     2.847236231417004    -2.598318568808613    -4.132743351795649
   45     6
     0.033954037561407     0.079642917269864    -0.014520982813143
     0.184202697567027     0.062629813946233    -0.005336674825832
    -0.052066717709717     0.023437212624884    -0.175963647715098
   45     7
    -0.051666325860565    -0.017348835413629    -0.038126372683667
     0.066425069646035    -0.043130158578016     0.030855679788638
    -0.026649528757706    -0.011777213311205     0.089538449462222
   45     8
    -0.114759401551063     0.070744059451283    -0.050420698339940
     0.027260487430890    -0.045658934472844     0.104631452198563
    -0.049352525158611     0.112846843436105    -0.008218665289253
   45     9
    -0.007156620366693     0.011403754128152     0.003950310958664
     0.009641898145934    -0.023050491506836    -0.007130015474051
    -0.005529899119487     0.012388300884063    -0.039653436068900
   45    10
     0.011278552033708    -0.033116432750613     0.028317078055831
    -0.030462627855189     0.145449916663576    -0.051019860851561
    -0.007491649032759     0.027011659500869    -0.020910038768858
   45    11
     0.025121699340127     0.019856707464238    -0.029597582145299
    -0.016834676712511    -0.061104267894301    -0.018491748308592
    -0.078046314352118     0.120914047925967     0.040629508591981
   45    12
    -0.022418106025043    -0.011509937996460    -0.022037174343765
     0.003259670190074     0.001679507504992     0.000802131620604
     0.001191150835691     0.008619244963643     0.000823830959952
   45    13
     0.187133887194458    -0.038878822687197     0.006589469168312
    -0.001736238092791    -0.085987547032342     0.011869612280127
     0.148930741865162    -0.044012502624111    -0.029432443249109
   45    14
     0.005191541158993    -0.036021345258857    -0.001398752967230
    -0.011692419423028     0.026092781604413     0.028104820804649
    -0.002815883345076     0.014216834826037     0.025139450666613
   45    15
    -0.007081843824583    -0.059295683938961    -0.015657760083639
     0.101423769088297     0.047692713523753    -0.038923186272021
     0.057165193304332     0.081314256218394     0.026348264440443
   45    16
    -4.531366329139579    -0.613590996028366    -3.287381218693294
    -0.370537576195830    -2.172357900494966     0.613067000440724
    -4.223128104955210     0.414620844740777    -5.409378904258046
   45    17
    -0.315036613943738    -0.086932621025333    -0.241233581094260
    -0.239190605972347     0.147451573915811    -0.210793149762874
    -0.117246016204061    -0.202200973730698     0.102572946507398
   45    18
    -2.939562913402879    -2.403799536857463    -0.377143724981914
    -3.448281735250709    -3.545227503896339     0.469539092079608
     0.090928658222514     1.040512736625926    -1.693640720758013
   45    19
    -0.149976619085798    -0.039422411025234     0.001289173513233
     0.013084823160618     0.005109726694702    -0.062043832346955
     0.049844575724273     0.085196471320890    -0.099100845972295
   45    20
     0.021614626482137    -0.042207763561893     0.006922656410468
    -0.038742273738624    -0.003043376537683    -0.010025028487359
    -0.046058291441758    -0.146553334698531    -0.024247008251799
   45    21
    -4.275529983913517     4.120824463011706     0.145093420677575
     4.355351000021043    -4.412337877199690    -0.555587314029763
    -0.888694071229506     0.608421511444958    -2.888172823225802
   45    22
     0.103216398946887     0.012075999071886    -0.106809436838660
    -0.034595843767920    -0.035612022503746     0.024971667485689
    -0.004464171349109     0.043603213014630     0.088784850410173
   45    23
    -0.111995497920100    -0.053419354056562     0.069903832452843
     0.091291319295762     0.029460731203204    -0.184890237377753
    -0.030479417958395    -0.141665282296884    -0.075261757310588
   45    24
    -0.024900934710484     0.047631942851897    -0.101753917981002
    -0.038896445114010    -0.028251085105768     0.106830318585792
     0.063383667114782     0.026120491351401     0.072053702232693
   45    25
     0.028033638722010    -0.005661800314113    -0.010783297390443
     0.038258811574075     0.015122782243802     0.017472652757293
     0.057944487585613    -0.006759465740775    -0.021759012530868
   45    26
    -0.088878472084571    -0.051263024561638    -0.312998430206838
    -0.876453997604450    -0.056446706523386    -0.556883496002395
    -0.135474938078073    -0.315254951576669    -0.454535774053348
   45    27
     0.030524079853892     0.033825252056035     0.015268107418727
    -0.033825252056035     0.026771442069048    -0.002490124406970
    -0.015268107418727    -0.002490124406970    -0.016632105351093
   45    28
     0.030897067632424     0.017244621868904    -0.010921890319555
    -0.086165067662898    -0.027477572895563    -0.039127842125305
    -0.097954349666405    -0.001965753168851    -0.092137880792451
   45    29
    -0.185005573122890     0.008487189089409     0.317007725656166
     0.239497033642252    -0.134725548521080     0.033581300216526
    -0.517696382124296     0.006464727429846     0.174313555115634
   45    30
    -0.018786011532152     0.035357604010736    -0.075019529043858
     0.035357604010736    -0.131912865570759     0.039446132248035
     0.075019529043858    -0.039446132248035    -0.069044981292983
   45    31
    -1.747006437818943     1.314298899104063    -0.523847190971773
     1.002950141652038    -0.698008902271843    -0.029912163640275
    -0.156857707192937     0.267474575226287    -0.183303036770488
   45    32
    -0.183303036770488    -0.523847190971773     0.029912163640275
    -0.156857707192937    -1.747006437818943    -1.002950141652038
    -0.267474575226287    -1.314298899104063    -0.698008902271843
   45    33
    -0.016234063158849     0.004030829060523    -0.066043456637911
     0.004030829060523    -0.045364056213698    -0.098002926429133
    -0.066043456637911    -0.098002926429133    -0.037387810699261
   45    34
    -0.016976536327639    -0.027791414138127    -0.017178665747319
     0.004573481955215    -0.005164288085135    -0.011261294208829
     0.049835968908921    -0.056167432490448    -0.024006197881479
   45    35
    -0.021759012530868     0.010783297390443    -0.017472652757293
    -0.057944487585613     0.028033638722009     0.038258811574075
     0.006759465740775    -0.005661800314113     0.015122782243802
   45    36
     0.027026729714143     0.016820217851975     0.004862029398961
    -0.016820217851975     0.024623605221194     0.005042558916184
     0.004862029398961    -0.005042558916184     0.064916398402808
   45    37
    -0.028277516904562     0.005179737631735     0.013923897427692
    -0.037233322598963    -0.119370518528137     0.011664654433322
    -0.020049036825872     0.053111795752376    -0.065370353590634
   45    38
    -0.092137880792451     0.010921890319555    -0.039127842125305
     0.097954349666405     0.030897067632424     0.086165067662898
    -0.001965753168851    -0.017244621868904    -0.027477572895562
   45    39
    -0.086411936317880    -0.021236269111485    -0.023094556780986
     0.021236269111485    -0.056930908940347    -0.079179213583862
     0.023094556780986    -0.079179213583862     0.051461924123781
   45    40
    -0.056446706523386     0.315254951576669     0.051263024561638
     0.556883496002395    -0.454535774053348    -0.312998430206838
     0.876453997604450    -0.135474938078073    -0.088878472084571
   45    41
    -0.024006197881479    -0.017178665747319    -0.011261294208829
     0.049835968908921    -0.016976536327639     0.004573481955215
    -0.056167432490448    -0.027791414138127    -0.005164288085135
   45    42
    -2.223444546108871    -0.030973961812030    -0.056616014403307
    -0.030973961812030    -0.559450131572799     0.408014581786413
     0.056616014403307    -0.408014581786413     0.589930455511757
   45    43
     0.218808219859015    -0.460010205801838     0.416363704593947
    -0.154581184276603    -0.663840618721433     0.210211930085825
     0.777919956642841     0.656974799701350     0.159506219836045
   45    44
     0.159506219836045     0.416363704593947    -0.210211930085825
     0.777919956642841     0.218808219859014     0.154581184276603
    -0.656974799701350     0.460010205801838    -0.663840618721433
   45    45
    19.188753940509169    -4.186398684326192     2.162723706866664
    -4.186398684326192    17.202040189486080     2.099885060717727
     2.162723706866664     2.099885060717727    15.986337037458823
   45    46
    -0.134725548521080     0.006464727429846     0.008487189089409
     0.033581300216526     0.174313555115634     0.317007725656166
     0.239497033642252    -0.517696382124296    -0.185005573122891
   45    47
    -0.065370353590634    -0.013923897427692    -0.011664654433322
     0.020049036825872    -0.028277516904562    -0.037233322598963
    -0.053111795752376     0.005179737631735    -0.119370518528136
   45    48
     0.003219505051764     0.012830014285740     0.002223990775049
    -0.012830014285740    -0.003755064781556     0.074478146731664
     0.002223990775049    -0.074478146731664     0.009361139925325
   46     1
     0.026092781604413     0.028104820804649    -0.011692419423027
     0.014216834826037     0.025139450666613    -0.002815883345076
    -0.036021345258857    -0.001398752967230     0.005191541158993
   46     2
     0.047692713523753    -0.038923186272021     0.101423769088297
     0.081314256218394     0.026348264440443     0.057165193304332
    -0.059295683938960    -0.015657760083639    -0.007081843824583
   46     3
    -0.085987547032342     0.011869612280127    -0.001736238092791
    -0.044012502624111    -0.029432443249109     0.148930741865162
    -0.038878822687197     0.006589469168312     0.187133887194458
   46     4
    -0.003043376537683    -0.010025028487359    -0.038742273738624
    -0.146553334698531    -0.024247008251799    -0.046058291441758
    -0.042207763561893     0.006922656410468     0.021614626482137
   46     5
    -4.412337877199690    -0.555587314029763     4.355351000021043
     0.608421511444958    -2.888172823225802    -0.888694071229506
     4.120824463011706     0.145093420677575    -4.275529983913517
   46     6
     0.005109726694701    -0.062043832346955     0.013084823160618
     0.085196471320890    -0.099100845972295     0.049844575724273
    -0.039422411025234     0.001289173513233    -0.149976619085798
   46     7
    -0.061104267894301    -0.018491748308592    -0.016834676712511
     0.120914047925967     0.040629508591981    -0.078046314352118
     0.019856707464238    -0.029597582145299     0.025121699340127
   46     8
     0.001679507504992     0.000802131620604     0.003259670190075
     0.008619244963643     0.000823830959952     0.001191150835691
    -0.011509937996460    -0.022037174343765    -0.022418106025043
   46     9
     0.145449916663576    -0.051019860851562    -0.030462627855189
     0.027011659500869    -0.020910038768858    -0.007491649032759
    -0.033116432750613     0.028317078055831     0.011278552033708
   46    10
    -2.922636364368684    -1.755106051369611     2.247576664240119
    -2.598318568808613    -4.132743351795649     2.847236231417004
     2.363179294310595     2.266840407425615    -2.277556684351453
   46    11
     0.062629813946233    -0.005336674825832     0.184202697567027
     0.023437212624884    -0.175963647715098    -0.052066717709717
     0.079642917269864    -0.014520982813143     0.033954037561406
   46    12
    -0.122174090112954     0.166717865631997    -0.147659286532785
     0.024226660517601    -0.057893314415172     0.141461278307664
    -0.129339346757782     0.150005912457348    -0.136687431016873
   46    13
     0.054216716389241     0.014834371065426     0.020927300276584
     0.040981710377424     0.028329032579850    -0.120324125679523
     0.082097307004449    -0.042326093462307    -0.071563839278634
   46    14
    -0.001566996504131    -0.005937892366536    -0.017086090001701
     0.014574866559578    -0.016348080444468    -0.034759925686786
    -0.001517812071513     0.003008267949428     0.000846767736166
   46    15
     0.010988082143401     0.002716645327754     0.043226737579214
     0.001389409582314    -0.102281412274072    -0.000947257921747
    -0.110633367191578     0.010692633042843    -0.049097937254601
   46    16
    -0.045658934472843     0.104631452198563     0.027260487430890
     0.112846843436105    -0.008218665289253    -0.049352525158611
     0.070744059451283    -0.050420698339940    -0.114759401551063
   46    17
    -0.023050491506836    -0.007130015474051     0.009641898145934
     0.012388300884063    -0.039653436068900    -0.005529899119487
     0.011403754128152     0.003950310958664    -0.007156620366693
   46    18
    -0.043130158578016     0.030855679788638     0.066425069646035
    -0.011777213311205     0.089538449462222    -0.026649528757706
    -0.017348835413629    -0.038126372683667    -0.051666325860566
   46    19
     0.029460731203205    -0.184890237377753     0.091291319295762
    -0.141665282296884    -0.075261757310588    -0.030479417958395
    -0.053419354056562     0.069903832452843    -0.111995497920100
   46    20
    -0.028251085105768     0.106830318585792    -0.038896445114010
     0.026120491351401     0.072053702232693     0.063383667114782
     0.047631942851897    -0.101753917981002    -0.024900934710484
   46    21
    -0.035612022503746     0.024971667485689    -0.034595843767920
     0.043603213014630     0.088784850410173    -0.004464171349109
     0.012075999071886    -0.106809436838660     0.103216398946887
   46    22
     0.147451573915811    -0.210793149762874    -0.239190605972347
    -0.202200973730698     0.102572946507398    -0.117246016204061
    -0.086932621025333    -0.241233581094260    -0.315036613943738
   46    23
    -3.545227503896339     0.469539092079608    -3.448281735250709
     1.040512736625926    -1.693640720758013     0.090928658222514
    -2.403799536857463    -0.377143724981914    -2.939562913402879
   46    24
    -2.172357900494966     0.613067000440723    -0.370537576195830
     0.414620844740777    -5.409378904258046    -4.223128104955210
    -0.613590996028366    -3.287381218693294    -4.531366329139580
   46    25
    -0.056930908940347    -0.079179213583862     0.021236269111485
    -0.079179213583862     0.051461924123781     0.023094556780986
    -0.021236269111485    -0.023094556780986    -0.086411936317880
   46    26
    -0.119370518528136     0.011664654433322    -0.037233322598963
     0.053111795752376    -0.065370353590634    -0.020049036825872
     0.005179737631735     0.013923897427692    -0.028277516904562
   46    27
     0.030897067632424     0.086165067662898     0.097954349666405
    -0.017244621868904    -0.027477572895563    -0.001965753168851
     0.010921890319555    -0.039127842125305    -0.092137880792451
   46    28
     0.024623605221194     0.005042558916184    -0.016820217851975
    -0.005042558916184     0.064916398402808     0.004862029398961
     0.016820217851975     0.004862029398961     0.027026729714143
   46    29
    -0.005164288085135    -0.011261294208829     0.004573481955215
    -0.056167432490448    -0.024006197881479     0.049835968908921
    -0.027791414138127    -0.017178665747319    -0.016976536327639
   46    30
     0.028033638722009     0.038258811574075    -0.057944487585613
    -0.005661800314113     0.015122782243802     0.006759465740775
     0.010783297390443    -0.017472652757293    -0.021759012530868
   46    31
    -0.559450131572799     0.408014581786413    -0.030973961812030
    -0.408014581786413     0.589930455511757     0.056616014403307
    -0.030973961812030    -0.056616014403307    -2.223444546108871
   46    32
    -0.454535774053348    -0.312998430206838     0.556883496002396
    -0.135474938078073    -0.088878472084571     0.876453997604450
     0.315254951576669     0.051263024561638    -0.056446706523386
   46    33
    -0.016976536327639     0.004573481955215     0.049835968908921
    -0.027791414138127    -0.005164288085135    -0.056167432490448
    -0.017178665747319    -0.011261294208829    -0.024006197881479
   46    34
    -0.045364056213697    -0.098002926429133     0.004030829060523
    -0.098002926429133    -0.037387810699261    -0.066043456637911
     0.004030829060524    -0.066043456637911    -0.016234063158850
   46    35
    -0.698008902271843    -0.029912163640275     1.002950141652038
     0.267474575226287    -0.183303036770488    -0.156857707192937
     1.314298899104063    -0.523847190971773    -1.747006437818944
   46    36
    -1.747006437818943    -1.002950141652038    -0.156857707192937
    -1.314298899104063    -0.698008902271843    -0.267474575226287
    -0.523847190971773     0.029912163640275    -0.183303036770489
   46    37
     0.026771442069048    -0.002490124406970    -0.033825252056035
    -0.002490124406970    -0.016632105351093    -0.015268107418727
     0.033825252056035     0.015268107418727     0.030524079853892
   46    38
     0.015122782243802     0.017472652757293     0.038258811574075
    -0.006759465740775    -0.021759012530868     0.057944487585613
    -0.005661800314113    -0.010783297390443     0.028033638722009
   46    39
    -0.056446706523386    -0.556883496002395    -0.876453997604450
    -0.315254951576669    -0.454535774053348    -0.135474938078073
    -0.051263024561638    -0.312998430206838    -0.088878472084572
   46    40
    -0.003755064781556     0.074478146731664    -0.012830014285740
    -0.074478146731664     0.009361139925325     0.002223990775049
     0.012830014285740     0.002223990775049     0.003219505051764
   46    41
     0.174313555115634     0.317007725656166     0.033581300216526
    -0.517696382124296    -0.185005573122890     0.239497033642252
     0.006464727429846     0.008487189089409    -0.134725548521080
   46    42
    -0.028277516904562    -0.037233322598963     0.020049036825873
     0.005179737631735    -0.119370518528137    -0.053111795752376
    -0.013923897427692    -0.011664654433322    -0.065370353590634
   46    43
    -0.131912865570759     0.039446132248035     0.035357604010736
    -0.039446132248035    -0.069044981292983     0.075019529043858
     0.035357604010736    -0.075019529043858    -0.018786011532152
   46    44
    -0.027477572895563    -0.039127842125305    -0.086165067662898
    -0.001965753168851    -0.092137880792451    -0.097954349666405
     0.017244621868904    -0.010921890319555     0.030897067632424
   46    45
    -0.134725548521080     0.033581300216526     0.239497033642252
     0.006464727429846     0.174313555115634    -0.517696382124296
     0.008487189089409     0.317007725656166    -0.185005573122891
   46    46
    17.202040189486070     2.099885060717728    -4.186398684326194
     2.099885060717728    15.986337037458824     2.162723706866664
    -4.186398684326194     2.162723706866664    19.188753940509176
   46    47
    -0.663840618721433     0.210211930085825    -0.154581184276603
     0.656974799701350     0.159506219836045     0.777919956642841
    -0.460010205801838     0.416363704593947     0.218808219859015
   46    48
     0.218808219859015     0.154581184276603     0.777919956642841
     0.460010205801838    -0.663840618721433    -0.656974799701350
     0.416363704593947    -0.210211930085825     0.159506219836045
   47     1
     0.072053702232693    -0.063383667114782    -0.026120491351401
     0.101753917981002    -0.024900934710484     0.047631942851897
    -0.106830318585792    -0.038896445114010    -0.028251085105768
   47     2
     0.088784850410173     0.004464171349109    -0.043603213014630
     0.106809436838660     0.103216398946887     0.012075999071886
    -0.024971667485689    -0.034595843767920    -0.035612022503746
   47     3
    -0.075261757310588     0.030479417958395     0.141665282296884
    -0.069903832452843    -0.111995497920100    -0.053419354056562
     0.184890237377753     0.091291319295762     0.029460731203205
   47     4
    -0.016348080444468     0.034759925686786    -0.014574866559578
    -0.003008267949428     0.000846767736166    -0.001517812071513
     0.005937892366536    -0.017086090001701    -0.001566996504131
   47     5
    -0.102281412274072     0.000947257921747    -0.001389409582314
    -0.010692633042843    -0.049097937254601    -0.110633367191578
    -0.002716645327754     0.043226737579213     0.010988082143401
   47     6
     0.028329032579850     0.120324125679523    -0.040981710377424
     0.042326093462307    -0.071563839278634     0.082097307004449
    -0.014834371065426     0.020927300276584     0.054216716389241
   47     7
    -2.888172823225801     0.888694071229506    -0.608421511444958
    -0.145093420677575    -4.275529983913517     4.120824463011706
     0.555587314029763     4.355351000021043    -4.412337877199690
   47     8
    -0.099100845972295    -0.049844575724273    -0.085196471320890
    -0.001289173513233    -0.149976619085798    -0.039422411025234
     0.062043832346955     0.013084823160618     0.005109726694702
   47     9
    -0.024247008251799     0.046058291441758     0.146553334698531
    -0.006922656410468     0.021614626482137    -0.042207763561893
     0.010025028487359    -0.038742273738624    -0.003043376537683
   47    10
    -0.175963647715098     0.052066717709717    -0.023437212624884
     0.014520982813143     0.033954037561406     0.079642917269864
     0.005336674825832     0.184202697567027     0.062629813946233
   47    11
    -0.057893314415172    -0.141461278307664    -0.024226660517601
    -0.150005912457348    -0.136687431016874    -0.129339346757782
    -0.166717865631997    -0.147659286532785    -0.122174090112954
   47    12
    -4.132743351795649    -2.847236231417004     2.598318568808613
    -2.266840407425615    -2.277556684351453     2.363179294310595
     1.755106051369611     2.247576664240119    -2.922636364368684
   47    13
     0.000823830959952    -0.001191150835691    -0.008619244963643
     0.022037174343765    -0.022418106025043    -0.011509937996460
    -0.000802131620604     0.003259670190074     0.001679507504992
   47    14
    -0.020910038768858     0.007491649032759    -0.027011659500869
    -0.028317078055831     0.011278552033708    -0.033116432750613
     0.051019860851561    -0.030462627855189     0.145449916663576
   47    15
     0.040629508591981     0.078046314352118    -0.120914047925967
     0.029597582145299     0.025121699340127     0.019856707464238
     0.018491748308592    -0.016834676712511    -0.061104267894301
   47    16
     0.026348264440443    -0.057165193304332    -0.081314256218394
     0.015657760083639    -0.007081843824583    -0.059295683938960
     0.038923186272021     0.101423769088297     0.047692713523753
   47    17
    -0.029432443249109    -0.148930741865162     0.044012502624111
    -0.006589469168312     0.187133887194458    -0.038878822687197
    -0.011869612280127    -0.001736238092791    -0.085987547032342
   47    18
     0.025139450666613     0.002815883345076    -0.014216834826037
     0.001398752967230     0.005191541158993    -0.036021345258857
    -0.028104820804649    -0.011692419423028     0.026092781604413
   47    19
    -0.039653436068900     0.005529899119487    -0.012388300884063
    -0.003950310958664    -0.007156620366693     0.011403754128152
     0.007130015474051     0.009641898145934    -0.023050491506836
   47    20
     0.089538449462222     0.026649528757706     0.011777213311205
     0.038126372683667    -0.051666325860566    -0.017348835413629
    -0.030855679788638     0.066425069646035    -0.043130158578016
   47    21
    -0.008218665289253     0.049352525158611    -0.112846843436105
     0.050420698339940    -0.114759401551063     0.070744059451283
    -0.104631452198563     0.027260487430890    -0.045658934472843
   47    22
    -1.693640720758013    -0.090928658222514    -1.040512736625926
     0.377143724981914    -2.939562913402878    -2.403799536857463
    -0.469539092079608    -3.448281735250709    -3.545227503896339
   47    23
    -5.409378904258046     4.223128104955210    -0.414620844740777
     3.287381218693294    -4.531366329139580    -0.613590996028366
    -0.613067000440724    -0.370537576195830    -2.172357900494966
   47    24
     0.102572946507398     0.117246016204061     0.202200973730698
     0.241233581094260    -0.315036613943738    -0.086932621025333
     0.210793149762874    -0.239190605972347     0.147451573915811
   47    25
    -0.119370518528136     0.053111795752376    -0.005179737631735
     0.011664654433322    -0.065370353590634    -0.013923897427692
     0.037233322598963     0.020049036825872    -0.028277516904562
   47    26
     0.009361139925325    -0.002223990775049     0.074478146731664
    -0.002223990775049     0.003219505051764     0.012830014285740
    -0.074478146731664    -0.012830014285740    -0.003755064781556
   47    27
    -0.185005573122890    -0.239497033642252     0.517696382124296
    -0.008487189089409    -0.134725548521080     0.006464727429846
    -0.317007725656166     0.033581300216526     0.174313555115634
   47    28
    -0.005164288085135     0.056167432490448     0.027791414138127
     0.011261294208829    -0.024006197881479    -0.017178665747319
    -0.004573481955215     0.049835968908921    -0.016976536327639
   47    29
     0.589930455511757    -0.056616014403307     0.408014581786413
     0.056616014403307    -2.223444546108871    -0.030973961812030
    -0.408014581786413    -0.030973961812030    -0.559450131572798
   47    30
    -0.088878472084571    -0.876453997604450     0.135474938078073
    -0.051263024561638    -0.056446706523386     0.315254951576669
     0.312998430206838     0.556883496002395    -0.454535774053348
   47    31
    -0.454535774053348     0.135474938078073     0.315254951576669
     0.312998430206838    -0.088878472084572    -0.051263024561638
     0.556883496002395    -0.876453997604450    -0.056446706523386
   47    32
    -0.016632105351093     0.015268107418727     0.002490124406970
    -0.015268107418727     0.030524079853892     0.033825252056035
     0.002490124406970    -0.033825252056035     0.026771442069048
   47    33
    -0.021759012530868    -0.057944487585613     0.006759465740775
     0.010783297390443     0.028033638722009    -0.005661800314113
    -0.017472652757293     0.038258811574075     0.015122782243802
   47    34
    -0.698008902271843     0.267474575226287     1.314298899104063
    -0.029912163640275    -0.183303036770489    -0.523847190971773
     1.002950141652038    -0.156857707192937    -1.747006437818943
   47    35
    -0.037387810699261     0.066043456637911     0.098002926429133
     0.066043456637911    -0.016234063158850     0.004030829060524
     0.098002926429133     0.004030829060523    -0.045364056213697
   47    36
    -0.183303036770488     0.156857707192937    -0.267474575226287
     0.523847190971773    -1.747006437818943     1.314298899104063
     0.029912163640275     1.002950141652038    -0.698008902271843
   47    37
     0.015122782243802    -0.006759465740775     0.005661800314113
     0.017472652757293    -0.021759012530868     0.010783297390443
    -0.038258811574075    -0.057944487585613     0.028033638722010
   47    38
     0.064916398402808    -0.004862029398961     0.005042558916184
    -0.004862029398961     0.027026729714143     0.016820217851975
    -0.005042558916184    -0.016820217851975     0.024623605221194
   47    39
    -0.024006197881479    -0.049835968908921     0.056167432490448
     0.017178665747319    -0.016976536327639    -0.027791414138127
     0.011261294208829     0.004573481955215    -0.005164288085135
   47    40
     0.174313555115634     0.517696382124296    -0.006464727429846
    -0.317007725656166    -0.185005573122891     0.008487189089409
    -0.033581300216526     0.239497033642252    -0.134725548521080
   47    41
    -0.069044981292983    -0.075019529043858     0.039446132248035
     0.075019529043858    -0.018786011532152     0.035357604010736
    -0.039446132248035     0.035357604010736    -0.131912865570759
   47    42
    -0.092137880792451     0.097954349666405     0.001965753168851
     0.010921890319555     0.030897067632424     0.017244621868904
     0.039127842125305    -0.086165067662898    -0.027477572895562
   47    43
    -0.027477572895563     0.001965753168851     0.017244621868904
     0.039127842125305    -0.092137880792451     0.010921890319555
    -0.086165067662898     0.097954349666405     0.030897067632424
   47    44
     0.051461924123781    -0.023094556780986     0.079179213583862
     0.023094556780986    -0.086411936317880    -0.021236269111485
     0.079179213583862     0.021236269111485    -0.056930908940347
   47    45
    -0.065370353590634     0.020049036825872    -0.053111795752376
    -0.013923897427692    -0.028277516904562     0.005179737631735
    -0.011664654433322    -0.037233322598963    -0.119370518528136
   47    46
    -0.663840618721433     0.656974799701350    -0.460010205801838
     0.210211930085825     0.159506219836045     0.416363704593947
    -0.154581184276603     0.777919956642841     0.218808219859015
   47    47
    15.986337037458823    -2.162723706866664    -2.099885060717727
    -2.162723706866664    19.188753940509176    -4.186398684326194
    -2.099885060717727    -4.186398684326194    17.202040189486073
   47    48
     0.159506219836045    -0.777919956642841    -0.656974799701350
    -0.416363704593947     0.218808219859014    -0.460010205801838
    -0.210211930085825    -0.154581184276603    -0.663840618721433
   48     1
    -0.051666325860566     0.017348835413629    -0.038126372683667
    -0.066425069646035    -0.043130158578017    -0.030855679788638
    -0.026649528757706     0.011777213311205     0.089538449462222
   48     2
    -0.114759401551063    -0.070744059451283    -0.050420698339940
    -0.027260487430890    -0.045658934472844    -0.104631452198563
    -0.049352525158611    -0.112846843436105    -0.008218665289253
   48     3
    -0.007156620366693    -0.011403754128152     0.003950310958664
    -0.009641898145934    -0.023050491506836     0.007130015474051
    -0.005529899119487    -0.012388300884063    -0.039653436068900
   48     4
     0.011278552033708     0.033116432750613     0.028317078055831
     0.030462627855189     0.145449916663576     0.051019860851561
    -0.007491649032759    -0.027011659500869    -0.020910038768858
   48     5
     0.025121699340127    -0.019856707464238    -0.029597582145299
     0.016834676712511    -0.061104267894301     0.018491748308592
    -0.078046314352118    -0.120914047925967     0.040629508591981
   48     6
    -0.022418106025042     0.011509937996460    -0.022037174343765
    -0.003259670190074     0.001679507504992    -0.000802131620604
     0.001191150835691    -0.008619244963643     0.000823830959952
   48     7
    -0.049097937254601     0.110633367191578     0.010692633042843
    -0.043226737579213     0.010988082143400    -0.002716645327754
    -0.000947257921747    -0.001389409582314    -0.102281412274072
   48     8
    -0.071563839278634    -0.082097307004449    -0.042326093462307
    -0.020927300276584     0.054216716389241    -0.014834371065426
    -0.120324125679523    -0.040981710377424     0.028329032579850
   48     9
     0.000846767736167     0.001517812071513     0.003008267949428
     0.017086090001701    -0.001566996504131     0.005937892366536
    -0.034759925686786    -0.014574866559578    -0.016348080444468
   48    10
    -0.136687431016873     0.129339346757783     0.150005912457348
     0.147659286532785    -0.122174090112954    -0.166717865631997
     0.141461278307664    -0.024226660517601    -0.057893314415172
   48    11
    -2.277556684351453    -2.363179294310595     2.266840407425615
    -2.247576664240119    -2.922636364368684     1.755106051369611
     2.847236231417004     2.598318568808613    -4.132743351795649
   48    12
     0.033954037561407    -0.079642917269864    -0.014520982813143
    -0.184202697567027     0.062629813946233     0.005336674825832
    -0.052066717709717    -0.023437212624884    -0.175963647715098
   48    13
    -0.149976619085798     0.039422411025234     0.001289173513233
    -0.013084823160618     0.005109726694701     0.062043832346955
     0.049844575724273    -0.085196471320890    -0.099100845972295
   48    14
     0.021614626482137     0.042207763561893     0.006922656410468
     0.038742273738624    -0.003043376537683     0.010025028487359
    -0.046058291441758     0.146553334698531    -0.024247008251799
   48    15
    -4.275529983913517    -4.120824463011706     0.145093420677575
    -4.355351000021043    -4.412337877199690     0.555587314029763
    -0.888694071229506    -0.608421511444958    -2.888172823225802
   48    16
     0.103216398946887    -0.012075999071886    -0.106809436838660
     0.034595843767920    -0.035612022503746    -0.024971667485689
    -0.004464171349109    -0.043603213014630     0.088784850410173
   48    17
    -0.111995497920100     0.053419354056562     0.069903832452843
    -0.091291319295762     0.029460731203204     0.184890237377753
    -0.030479417958395     0.141665282296884    -0.075261757310588
   48    18
    -0.024900934710484    -0.047631942851897    -0.101753917981002
     0.038896445114010    -0.028251085105768    -0.106830318585792
     0.063383667114782    -0.026120491351401     0.072053702232693
   48    19
     0.187133887194458     0.038878822687197     0.006589469168312
     0.001736238092791    -0.085987547032342    -0.011869612280127
     0.148930741865163     0.044012502624111    -0.029432443249109
   48    20
     0.005191541158993     0.036021345258857    -0.001398752967230
     0.011692419423027     0.026092781604413    -0.028104820804649
    -0.002815883345076    -0.014216834826037     0.025139450666613
   48    21
    -0.007081843824583     0.059295683938961    -0.015657760083639
    -0.101423769088297     0.047692713523753     0.038923186272021
     0.057165193304332    -0.081314256218394     0.026348264440442
   48    22
    -4.531366329139580     0.613590996028366    -3.287381218693294
     0.370537576195830    -2.172357900494966    -0.613067000440724
    -4.223128104955210    -0.414620844740777    -5.409378904258046
   48    23
    -0.315036613943738     0.086932621025333    -0.241233581094260
     0.239190605972347     0.147451573915811     0.210793149762874
    -0.117246016204061     0.202200973730698     0.102572946507398
   48    24
    -2.939562913402878     2.403799536857463    -0.377143724981914
     3.448281735250709    -3.545227503896339    -0.469539092079608
     0.090928658222514    -1.040512736625926    -1.693640720758013
   48    25
     0.030897067632425    -0.017244621868904    -0.010921890319555
     0.086165067662898    -0.027477572895563     0.039127842125305
    -0.097954349666405     0.001965753168851    -0.092137880792451
   48    26
    -0.185005573122890    -0.008487189089409     0.317007725656166
    -0.239497033642252    -0.134725548521080    -0.033581300216526
    -0.517696382124296    -0.006464727429846     0.174313555115634
   48    27
    -0.018786011532152    -0.035357604010736    -0.075019529043858
    -0.035357604010736    -0.131912865570759    -0.039446132248035
     0.075019529043858     0.039446132248035    -0.069044981292983
   48    28
     0.028033638722010     0.005661800314113    -0.010783297390443
    -0.038258811574075     0.015122782243802    -0.017472652757293
     0.057944487585613     0.006759465740775    -0.021759012530868
   48    29
    -0.088878472084571     0.051263024561638    -0.312998430206838
     0.876453997604450    -0.056446706523386     0.556883496002395
    -0.135474938078073     0.315254951576669    -0.454535774053348
   48    30
     0.030524079853892    -0.033825252056035     0.015268107418727
     0.033825252056035     0.026771442069048     0.002490124406970
    -0.015268107418727     0.002490124406970    -0.016632105351093
   48    31
    -0.016976536327639     0.027791414138127    -0.017178665747319
    -0.004573481955215    -0.005164288085135     0.011261294208829
     0.049835968908921     0.056167432490448    -0.024006197881479
   48    32
    -0.021759012530868    -0.010783297390443    -0.017472652757293
     0.057944487585613     0.028033638722009    -0.038258811574075
     0.006759465740775     0.005661800314113     0.015122782243802
   48    33
     0.027026729714143    -0.016820217851975     0.004862029398961
     0.016820217851975     0.024623605221194    -0.005042558916184
     0.004862029398961     0.005042558916184     0.064916398402808
   48    34
    -1.747006437818943    -1.314298899104063    -0.523847190971773
    -1.002950141652038    -0.698008902271843     0.029912163640275
    -0.156857707192937    -0.267474575226287    -0.183303036770488
   48    35
    -0.183303036770488     0.523847190971773     0.029912163640275
     0.156857707192937    -1.747006437818943     1.002950141652038
    -0.267474575226287     1.314298899104063    -0.698008902271843
   48    36
    -0.016234063158849    -0.004030829060523    -0.066043456637911
    -0.004030829060523    -0.045364056213698     0.098002926429133
    -0.066043456637911     0.098002926429133    -0.037387810699261
   48    37
    -0.056446706523386    -0.315254951576669     0.051263024561638
    -0.556883496002396    -0.454535774053348     0.312998430206838
     0.876453997604450     0.135474938078073    -0.088878472084571
   48    38
    -0.024006197881479     0.017178665747319    -0.011261294208829
    -0.049835968908921    -0.016976536327639    -0.004573481955215
    -0.056167432490448     0.027791414138127    -0.005164288085135
   48    39
    -2.223444546108871     0.030973961812030    -0.056616014403307
     0.030973961812030    -0.559450131572799    -0.408014581786413
     0.056616014403307     0.408014581786413     0.589930455511757
   48    40
    -0.028277516904562    -0.005179737631735     0.013923897427692
     0.037233322598963    -0.119370518528137    -0.011664654433322
    -0.020049036825872    -0.053111795752376    -0.065370353590634
   48    41
    -0.092137880792451    -0.010921890319555    -0.039127842125305
    -0.097954349666405     0.030897067632424    -0.086165067662898
    -0.001965753168851     0.017244621868904    -0.027477572895562
   48    42
    -0.086411936317880     0.021236269111485    -0.023094556780986
    -0.021236269111485    -0.056930908940347     0.079179213583862
     0.023094556780986     0.079179213583862     0.051461924123781
   48    43
    -0.134725548521080    -0.006464727429846     0.008487189089409
    -0.033581300216526     0.174313555115634    -0.317007725656166
     0.239497033642252     0.517696382124296    -0.185005573122890
   48    44
    -0.065370353590634     0.013923897427692    -0.011664654433322
    -0.020049036825872    -0.028277516904562     0.037233322598963
    -0.053111795752376    -0.005179737631735    -0.119370518528136
   48    45
     0.003219505051764    -0.012830014285740     0.002223990775049
     0.012830014285740    -0.003755064781556    -0.074478146731664
     0.002223990775049     0.074478146731664     0.009361139925325
   48    46
     0.218808219859015     0.460010205801838     0.416363704593947
     0.154581184276603    -0.663840618721433    -0.210211930085825
     0.777919956642841    -0.656974799701350     0.159506219836045
   48    47
     0.159506219836045    -0.416363704593947    -0.210211930085825
    -0.777919956642841     0.218808219859014    -0.154581184276603
    -0.656974799701350    -0.460010205801838    -0.663840618721433
   48    48
    19.188753940509166     4.186398684326194     2.162723706866664
     4.186398684326194    17.202040189486084    -2.099885060717726
     2.162723706866664    -2.099885060717726    15.986337037458823
